frame_token,rank,share,nansen_label,insider_reviewed,entity_type,confidence,reason,insider_resolved,resolved_entity,resolved_source,resolved_identity,insider_traced,traced_source
AAVE,1,0.0288,Binance: BSC-pegged Assets [0x47ac0f],False,exchange,high,"Binance BSC-pegged bridge/custody address; centralized exchange, not project-controlled.",False,exchange,v4_reviewed,,False,v4_resolved
AAVE,2,0.0244,,False,unlabeled,high,Empty Nansen label / bare address; unlabeled survivor treated as retail per rule.,False,retail,gapfill_resolved,EOA unlabeled,False,v4_resolved
AAVE,3,0.0231,Aave: Ecosystem Reserve [0x25f222],True,treasury,high,"Aave Ecosystem Reserve is a protocol-controlled treasury/reserve pool (ecosystem incentives, safety-module rewards); team-controlled insider.",True,treasury,v4_reviewed,,True,v4_resolved
AAVE,4,0.0218,,False,unlabeled,high,Empty Nansen label / bare address; unlabeled survivor treated as retail per rule.,False,protocol_contract,gapfill_resolved,Aave LEND-to-AAVE Migrator proxy,False,v4_resolved
AAVE,5,0.016,Upbit: Hot Wallet [0x5a801a],False,exchange,high,"Upbit hot wallet; centralized-exchange custody, not insider.",False,exchange,v4_reviewed,,False,v4_resolved
AAVE,6,0.0156,Coinbase Prime: Custody Wallet [0x45292a],False,exchange,high,"Coinbase Prime custody wallet; CEX institutional custody, not project-controlled.",False,exchange,v4_reviewed,,False,v4_resolved
AAVE,7,0.0146,,False,unlabeled,high,Empty Nansen label / bare address; unlabeled survivor treated as retail per rule.,False,unlabeled,v4_reviewed,,False,v4_resolved
AAVE,8,0.0138,,False,unlabeled,high,Empty Nansen label / bare address; unlabeled survivor treated as retail per rule.,False,unlabeled,v4_reviewed,,False,v4_resolved
AAVE,9,0.0137,Coinbase Prime: Custody Wallet [0x0e240e],False,exchange,high,"Coinbase Prime custody wallet; CEX institutional custody, not project-controlled.",False,exchange,v4_reviewed,,False,v4_resolved
AAVE,10,0.013,Token Millionaire [0x6e9ddc],False,retail,high,"Nansen behavioral 'Token Millionaire' label denotes a large individual holder; retail, no project tie.",False,retail,v4_reviewed,,False,v4_resolved
ANYONE,1,0.0324,Uniswap: V3 WETH-ANYONE (1%) Liquidity Pool [0xc593fe],False,lp,high,"Uniswap V3 AMM liquidity pool for the WETH-ANYONE pair; DEX LP contract, not team-controlled.",False,lp,v4_reviewed,,False,v4_resolved
ANYONE,2,0.0293,ANYONE: ANYONE Relay Rewards 2 [0x1ef7a8],False,protocol_contract,high,"DePIN relay-reward distributor contract (rewards paid to relay operators); reward/distributor contract class, not insider per rule.",False,protocol_contract,v4_reviewed,,False,v4_resolved
ANYONE,3,0.0293,Anyone: Relay Rewards 3 [0x50e6d8],False,protocol_contract,high,"Relay-reward distributor contract for the ANYONE DePIN network; distributor class, not insider.",False,protocol_contract,v4_reviewed,,False,v4_resolved
ANYONE,4,0.0293,Anyone: ANYONE Relay Rewards 4 [0xd19eab],False,protocol_contract,high,"Relay-reward distributor contract for the ANYONE DePIN network; distributor class, not insider.",False,protocol_contract,v4_reviewed,,False,v4_resolved
ANYONE,5,0.0182,Coinspot: 0xeed [0xeed86b],False,exchange,high,"Coinspot centralized exchange wallet; CEX custody, not insider.",False,exchange,v4_reviewed,,False,v4_resolved
ANYONE,6,0.0152,Vesting [0xe8fdfb],True,vesting,high,Vesting contract holds locked team/investor/founder allocation; vesting contracts are insider per rule.,True,vesting,v4_reviewed,,True,v4_resolved
ANYONE,7,0.015,KuCoin: Wallet [0x446b86],False,exchange,high,"KuCoin centralized exchange wallet; CEX custody, not insider.",False,exchange,v4_reviewed,,False,v4_resolved
ANYONE,8,0.0143,Becker: Former Smart Trader [0x9da8bf],False,retail,high,"Named individual trader (Former Smart Trader); retail/trader, no protocol tie, not insider.",False,retail,v4_reviewed,,False,v4_resolved
ANYONE,9,0.0129,KuCoin: Deposit [0xaa10db],False,exchange,high,"KuCoin centralized exchange deposit address; CEX custody, not insider.",False,exchange,v4_reviewed,,False,v4_resolved
ANYONE,10,0.0127,ANyONe Protocol: ANYONE Bridge [0xaa469f],False,protocol_contract,high,"ANYONE Protocol bridge contract; cross-chain bridge infrastructure, not insider per rule.",False,protocol_contract,v4_reviewed,,False,v4_resolved
ARB,1,0.0525,Upbit: Exchange,False,exchange,high,"Upbit is a major Korean centralized exchange; exchange hot/custody wallet, not insider.",False,exchange,v4_reviewed,,False,v4_resolved
ARB,2,0.0133,Coinbase: Deposit,False,exchange,high,"Coinbase CEX deposit wallet; exchange custody, not insider.",False,exchange,v4_reviewed,,False,v4_resolved
ARB,3,0.0128,Lightspeed: Fund,True,investor,medium,Named venture/investment fund (Lightspeed) holding ARB; project-investor class -> insider.,True,investor,v4_reviewed,,True,v4_resolved
ARB,4,0.01,Bybit,False,exchange,high,Bybit centralized exchange wallet; not insider.,False,exchange,v4_reviewed,,False,v4_resolved
ARB,5,0.0095,BTCTurk,False,exchange,high,"BTCTurk is a Turkish centralized exchange; exchange custody, not insider.",False,exchange,v4_reviewed,,False,v4_resolved
ARB,6,0.0081,Bithumb: Wallet,False,exchange,high,"Bithumb is a major Korean centralized exchange; exchange wallet, not insider.",False,exchange,v4_reviewed,,False,v4_resolved
ARB,7,0.0078,Binance: Wallet,False,exchange,high,Binance centralized exchange wallet; not insider.,False,exchange,v4_reviewed,,False,v4_resolved
ARB,8,0.0078,Coinbase Prime: Deposit,False,exchange,high,"Coinbase Prime institutional custody/deposit wallet; exchange, not insider.",False,exchange,v4_reviewed,,False,v4_resolved
ARB,9,0.0077,Coinbase: Deposit,False,exchange,high,"Coinbase CEX deposit wallet; exchange custody, not insider.",False,exchange,v4_reviewed,,False,v4_resolved
ARB,10,0.0075,,False,unlabeled,medium,"Empty label / unmatched bare address; unlabeled survivor treated as retail, not insider.",False,unlabeled,v4_reviewed,,False,v4_resolved
ATH,1,0.0618,Upbit: Internal Wallet [0xaf8dcd],False,exchange,high,"Upbit is a Korean centralized exchange; internal wallet is exchange-operated custody, not project-controlled.",False,exchange,v4_reviewed,,False,v4_resolved
ATH,2,0.0576,Token Millionaire [0x5a4a88],False,retail,high,Nansen heuristic label for a large individual holder with no project tie; retail.,False,retail,v4_reviewed,,False,v4_resolved
ATH,3,0.0386,Aethir [0x33548d],True,treasury,medium,Bare project-name label (Aethir = ATH issuer); Nansen attributes the bare protocol name to team/treasury-controlled wallets.,True,insider,gapfill_resolved,Aethir project-labeled wallet,True,v4_resolved
ATH,4,0.0158,Bybit [0x651641],False,exchange,high,"Bybit is a centralized exchange; exchange-custodied holdings, not insider.",False,exchange,v4_reviewed,,False,v4_resolved
ATH,5,0.0089,Bithumb: Deposit [0x871490],False,exchange,high,"Bithumb is a Korean CEX; deposit wallet aggregates user deposits, exchange-operated.",False,exchange,v4_reviewed,,False,v4_resolved
ATH,6,0.0075,MerkleVester [0xe60e21],True,vesting,high,"Merkle-based vesting distribution contract; locked/vesting team-or-investor allocation, insider.",True,vesting,v4_reviewed,,True,v4_resolved
ATH,7,0.007,Coinbase Prime: Custody Wallet [0x4320d0],False,exchange,high,"Coinbase Prime custody wallet is exchange/institutional-custodian operated, not project-controlled.",False,exchange,v4_reviewed,,False,v4_resolved
ATH,8,0.0055,Aethir Token (ATH) Investment Recipient [0xdcba55],True,investor,high,Explicit ATH 'Investment Recipient' label denotes an investor/VC allocation recipient; insider.,True,investor,v4_reviewed,,True,v4_resolved
ATH,9,0.0047,Aethir Token (ATH) Investment Recipient [0x5f4cac],True,investor,high,"Second explicit ATH 'Investment Recipient' wallet; investor allocation recipient, insider.",True,investor,v4_reviewed,,True,v4_resolved
ATH,10,0.0042,Token Millionaire [0x5d55d7],False,retail,high,Nansen heuristic large-holder label with no project tie; retail.,False,retail,v4_reviewed,,False,v4_resolved
AXL,1,0.0335,Bybit: Hot Wallet [0xf42aac],False,exchange,high,"Bybit centralized-exchange hot wallet; CEX custody, not protocol insider.",False,exchange,v4_reviewed,,False,v4_resolved
AXL,2,0.0287,High Balance [0xfcac18],False,retail,medium,Generic Nansen behavioral whale label with no protocol tie; classified retail per unlabeled-whale rule.,False,retail,v4_reviewed,,False,v4_resolved
AXL,3,0.021,CoinList [0xd1669a],False,exchange,medium,"CoinList launchpad/custodial platform holding sale-participant tokens; custodial exchange, not team treasury.",False,exchange,v4_reviewed,,False,v4_resolved
AXL,4,0.0139,Paribu [0xc80afd],False,exchange,high,"Paribu Turkish centralized exchange; CEX custody, not insider.",False,exchange,v4_reviewed,,False,v4_resolved
AXL,5,0.0134,,False,unlabeled,high,"Empty label / bare hex; unlabeled, treated as retail, not insider.",False,unlabeled,v4_reviewed,,False,v4_resolved
AXL,6,0.0107,TokenManagerProxy [0x05e9c5],False,protocol_contract,medium,"Axelar Interchain Token Service TokenManager proxy; bridge lock/mint system contract custodying interchain supply, not team-controlled treasury.",False,protocol_contract,v4_reviewed,,False,v4_resolved
AXL,7,0.0094,Coinbase Prime: Custody Wallet [0x0431e3],False,exchange,high,"Coinbase Prime custody wallet; CEX custodial, not insider.",False,exchange,v4_reviewed,,False,v4_resolved
AXL,8,0.009,Kraken [0x7dafba],False,exchange,high,"Kraken centralized exchange; CEX custody, not insider.",False,exchange,v4_reviewed,,False,v4_resolved
AXL,9,0.0079,Kraken [0xd2dd7b],False,exchange,high,"Kraken centralized exchange; CEX custody, not insider.",False,exchange,v4_reviewed,,False,v4_resolved
AXL,10,0.0076,Bitvavo: Hot Wallet [0xab782b],False,exchange,high,"Bitvavo Dutch centralized-exchange hot wallet; CEX custody, not insider.",False,exchange,v4_reviewed,,False,v4_resolved
BAL,1,0.1189,Paribu [0xc80afd],False,exchange,high,"Paribu is a Turkish centralized exchange; CEX wallet, not a project insider.",False,exchange,v4_reviewed,,False,v4_resolved
BAL,2,0.0551,,False,unlabeled,high,"Empty label, bare address; unlabeled survivor treated as retail.",False,retail,gapfill_resolved,EOA unlabeled,False,v4_resolved
BAL,3,0.0448,Balancer: Shareholder [0xff0523],True,investor,medium,Nansen 'Balancer:' project-namespace label denoting a Balancer equity Shareholder; project-affiliated insider for the BAL token.,True,insider,gapfill_resolved,Balancer Vested Shareholders wallet,True,v4_resolved
BAL,4,0.0184,,False,unlabeled,high,"Empty label, bare address; unlabeled survivor treated as retail.",False,retail,gapfill_resolved,EOA unlabeled,False,v4_resolved
BAL,5,0.0136,Token Millionaire [0x91b9e5],False,retail,high,Generic Nansen behavioral label for a large holder with no project tie; explicitly retail per rule.,False,retail,v4_reviewed,,False,v4_resolved
BAL,6,0.0135,High Balance [0xda6b2a],False,retail,high,"Generic behavioral 'High Balance' label, no project affiliation; retail.",False,retail,v4_reviewed,,False,v4_resolved
BAL,7,0.0132,High Balance [0xd519d5],False,retail,high,"Generic behavioral 'High Balance' label, no project affiliation; retail.",False,retail,v4_reviewed,,False,v4_resolved
BAL,8,0.0129,High Balance [0xbb1905],False,retail,high,"Generic behavioral 'High Balance' label, no project affiliation; retail.",False,retail,v4_reviewed,,False,v4_resolved
BAL,9,0.0126,Token Millionaire [0xe08a8b],False,retail,high,"Generic Nansen behavioral large-holder label, no project tie; retail.",False,retail,v4_reviewed,,False,v4_resolved
BAL,10,0.0126,High Balance [0x1c39ba],False,retail,high,"Generic behavioral 'High Balance' label, no project affiliation; retail.",False,retail,v4_reviewed,,False,v4_resolved
COMP,1,0.0274,Robinhood: Hot Wallet [0x841ed6],False,exchange,high,"Robinhood CEX hot wallet; centralized exchange custody, not project-controlled.",False,exchange,v4_reviewed,,False,v4_resolved
COMP,2,0.026,,False,unlabeled,high,"Empty Nansen label / bare address; unlabeled survivor, treated as retail.",False,retail,gapfill_resolved,EOA unlabeled,False,v4_resolved
COMP,3,0.0203,Coinbase Prime: Custody Wallet [0x4290cd],False,exchange,high,"Coinbase Prime custody wallet; CEX custody, not insider.",False,exchange,v4_reviewed,,False,v4_resolved
COMP,4,0.0173,,False,unlabeled,high,"Empty Nansen label / bare address; unlabeled survivor, treated as retail.",False,retail,gapfill_resolved,EOA unlabeled,False,v4_resolved
COMP,5,0.0152,Compound: COMP Multisig [0xeb6332],True,multisig,high,"Compound protocol team multisig; team-controlled COMP, insider.",True,multisig,v4_reviewed,,True,trace_team_confirmed
COMP,6,0.0131,Compound: COMP Distributor [0xc78e14],False,protocol_contract,high,"COMP distributor/reward contract; protocol distribution mechanism, not a team holding.",False,protocol_contract,v4_reviewed,,False,v4_resolved
COMP,7,0.0121,Bybit [0x6522b7],False,exchange,high,"Bybit CEX wallet; centralized exchange, not insider.",False,exchange,v4_reviewed,,False,v4_resolved
COMP,8,0.0115,Geoffrey Hayes [0x3e0f52],True,founder,high,"Geoffrey Hayes is a Compound Labs co-founder/lead engineer; named protocol founder, insider.",True,founder,v4_reviewed,,True,v4_resolved
COMP,9,0.0114,Sablier: Vesting [0x7c01aa],True,vesting,medium,"Sablier vesting contract holding COMP; vesting/grant allocation classified insider, though exact beneficiary not confirmed from label.",True,vesting,v4_reviewed,,True,v4_resolved
COMP,10,0.0114,Binance: BSC-pegged Assets [0x47ac0f],False,exchange,high,"Binance BSC-peg/bridge custody wallet; CEX-operated, not insider.",False,exchange,v4_reviewed,,False,v4_resolved
CRV,1,0.0306,Token Millionaire [0x72402c],False,retail,high,Token Millionaire is an explicit retail behavioral label with no project tie.,False,retail,v4_reviewed,,False,v4_resolved
CRV,2,0.0204,Kraken: Hot Wallet [0xbe7be7],False,exchange,high,"Kraken hot wallet is a centralized-exchange custody address, not a protocol insider.",False,exchange,v4_reviewed,,False,v4_resolved
CRV,3,0.0153,OKX: Deposit [0x611f7b],False,exchange,high,"OKX deposit address is a centralized-exchange wallet, not an insider.",False,exchange,v4_reviewed,,False,v4_resolved
CRV,4,0.0152,Luno: Wallet [0x3a5cc8],False,exchange,high,"Luno is a centralized exchange; its wallet is exchange custody, not a protocol insider.",False,exchange,v4_reviewed,,False,v4_resolved
CRV,5,0.0126,Kraken [0xd2dd7b],False,exchange,high,"Kraken-labeled address is a centralized-exchange wallet, not an insider.",False,exchange,v4_reviewed,,False,v4_resolved
CRV,6,0.0123,Kraken [0x7dafba],False,exchange,high,"Kraken-labeled address is a centralized-exchange wallet, not an insider.",False,exchange,v4_reviewed,,False,v4_resolved
CRV,7,0.0111,eToro: Wallet [0x77fb35],False,exchange,high,"eToro is a centralized broker/exchange; its wallet is exchange custody, not a protocol insider.",False,exchange,v4_reviewed,,False,v4_resolved
CRV,8,0.0101,Bybit: Hot Wallet [0x8fa129],False,exchange,high,"Bybit hot wallet is a centralized-exchange custody address, not an insider.",False,exchange,v4_reviewed,,False,v4_resolved
CRV,9,0.0099,Passive Holder [0x5dc612],False,retail,high,Passive Holder is a generic behavioral label with no protocol/team tie; retail.,False,retail,v4_reviewed,,False,v4_resolved
CRV,10,0.0071,Bybit [0x88a149],False,exchange,high,"Bybit-labeled address is a centralized-exchange wallet, not an insider.",False,exchange,v4_reviewed,,False,v4_resolved
DIMO,1,0.0241,Multisig [0xccfa7c],True,multisig,low,Bare unattributed multisig (no protocol name / no known owner); multisig is team-controlled per rule but attribution is missing.,True,insider,gapfill_resolved,Multisig (Nansen label; Blockscout chain-137 outage),True,trace_team_confirmed
DIMO,2,0.0225,,False,unlabeled,high,"Empty label; unlabeled bare address treated as retail, not insider.",True,insider,gapfill_resolved,"GnosisSafe multisig (SafeProxy, impl GnosisSafeL2) on Polygon",False,trace_independent_not_insider
DIMO,3,0.0158,[0x3ace81],False,unlabeled,medium,"Bracketed bare hex address with no Nansen label; unlabeled, no project tie -> retail.",False,unlabeled,v4_reviewed,,False,v4_resolved
DIMO,4,0.0157,Gnosis Safe Proxy [0x62b98e],True,multisig,low,"Gnosis Safe Proxy but bare/unattributed (no protocol owner); Safe is team-controlled per rule, attribution missing.",True,insider,gapfill_resolved,Gnosis Safe Proxy multisig (Nansen label; Blockscout chain-137 outage),False,trace_independent_not_insider
DIMO,5,0.0148,[0x0daf06],False,unlabeled,medium,"Bracketed bare hex address, no Nansen label; unlabeled -> retail.",False,unlabeled,v4_reviewed,,False,v4_resolved
DIMO,6,0.0147,[0x7b3d49],False,unlabeled,medium,"Bracketed bare hex address, no Nansen label; unlabeled -> retail.",False,unlabeled,v4_reviewed,,False,v4_resolved
DIMO,7,0.0137,[0xc20d25],False,unlabeled,medium,"Bracketed bare hex address, no Nansen label; unlabeled -> retail.",False,unlabeled,v4_reviewed,,False,v4_resolved
DIMO,8,0.0137,Gnosis Safe Proxy [0xced3c9],True,multisig,low,"Gnosis Safe Proxy but bare/unattributed (no protocol owner); Safe is team-controlled per rule, attribution missing.",True,multisig,v4_reviewed,,False,trace_independent_not_insider
DIMO,9,0.0132,[0x597a1d],False,unlabeled,medium,"Bracketed bare hex address, no Nansen label; unlabeled -> retail.",False,unlabeled,v4_reviewed,,False,v4_resolved
DIMO,10,0.0132,[0xe2c966],False,unlabeled,medium,"Bracketed bare hex address, no Nansen label; unlabeled -> retail.",False,unlabeled,v4_reviewed,,False,v4_resolved
DRIFT,1,0.1409,Upbit: Internal Wallet [FH9iLV5Z],False,exchange,high,"Upbit is a major Korean CEX; internal wallet is exchange custody, not project-controlled.",False,exchange,v4_reviewed,,False,v4_resolved
DRIFT,2,0.0549,,False,unlabeled,high,Empty label / bare address; unlabeled survivor treated as retail.,False,unlabeled,v4_reviewed,Solana address (no label),False,v4_resolved
DRIFT,3,0.04,Drift [7LCwgH3T],True,treasury,medium,Wallet labeled with just the bare protocol name 'Drift' = project/team-controlled operational wallet.,True,insider,gapfill_resolved,Drift [7LCwgH3T],True,v4_resolved
DRIFT,4,0.0267,Coinbase: Deposit [EPpctwZp],False,exchange,high,"Coinbase deposit address; CEX custody, not insider.",False,exchange,v4_reviewed,,False,v4_resolved
DRIFT,5,0.0224,[DemTRm4s],False,unlabeled,high,Bare bracketed hex address with no Nansen attribution; unlabeled retail.,False,unlabeled,v4_reviewed,,False,v4_resolved
DRIFT,6,0.0151,DRIFT Investment Recipient [3VYKR2SW],True,investor,high,'<TOKEN> Investment Recipient' is an investor allocation per rule; insider.,True,investor,v4_reviewed,,True,v4_resolved
DRIFT,7,0.0145,Drift Foundation [HPjkU5hU],True,foundation,high,Protocol foundation = team/treasury entity; insider.,True,foundation,v4_reviewed,,True,v4_resolved
DRIFT,8,0.0117,DRIFT Custody Vaults [87HMEidQ],True,treasury,low,'<Protocol> Custody Vaults' ambiguous: protocol-custodied team treasury vs DeFi user-deposit vaults (Drift's vault product); called insider per protocol-custody rule but low-confidence.,True,treasury,v4_reviewed,,True,v4_resolved
DRIFT,9,0.011,Bybit: Hot Wallet [5LZkATrL],False,exchange,high,"Bybit CEX hot wallet; exchange, not insider.",False,exchange,v4_reviewed,,False,v4_resolved
DRIFT,10,0.0089,Bithumb: Hot Wallet [8Mm46Csq],False,exchange,high,"Bithumb is a major Korean CEX hot wallet; exchange, not insider.",False,exchange,v4_reviewed,,False,v4_resolved
ENS,1,0.0352,Nick Johnson [0x2cd5bb],True,founder,high,Nick Johnson is the lead developer and founder of ENS (Ethereum Name Service); a named protocol founder/team member.,True,founder,v4_reviewed,,True,v4_resolved
ENS,2,0.0253,Bithumb: Hot Wallet [0x498697],False,exchange,high,"Bithumb is a Korean centralized exchange; explicit hot wallet, not insider.",False,exchange,v4_reviewed,,False,v4_resolved
ENS,3,0.0079,Token Millionaire [0xa0b49e],False,retail,high,Generic Nansen whale/retail tag with no protocol tie; retail holder.,False,retail,v4_reviewed,,False,v4_resolved
ENS,4,0.0075,OKX: Deposit [0x073f56],False,exchange,high,OKX centralized-exchange deposit wallet; not insider.,False,exchange,v4_reviewed,,False,v4_resolved
ENS,5,0.0044,Token Millionaire [0x6a496c],False,retail,high,"Generic whale/retail tag, no project association; retail.",False,retail,v4_reviewed,,False,v4_resolved
ENS,6,0.0036,Bybit [0x187c9f],False,exchange,high,Bybit centralized exchange wallet; not insider.,False,exchange,v4_reviewed,,False,v4_resolved
ENS,7,0.0033,Token Millionaire [0x801960],False,retail,high,"Generic whale/retail tag, no project tie; retail.",False,retail,v4_reviewed,,False,v4_resolved
ENS,8,0.0027,,False,unlabeled,high,"Empty label / bare address, unmatched in Nansen top set; treat as unlabeled retail, not insider.",False,unlabeled,v4_reviewed,,False,v4_resolved
ENS,9,0.0024,Gnosis Safe Proxy [0x4e5cb5],True,multisig,low,"Gnosis Safe multisig (team-controlled class) but BARE/unattributed: no protocol name or known owner, so could be a user Safe rather than ENS team; insider per multisig rule at low confidence.",True,multisig,v4_reviewed,,True,v4_resolved
ENS,10,0.0022,BTCTurk [0x76ec5a],False,exchange,high,BTCTurk Turkish centralized exchange wallet; not insider.,False,exchange,v4_reviewed,,False,v4_resolved
ETHFI,1,0.1115,ETHFI Investment Recipient [0x95bf94],True,investor,high,'<TOKEN> Investment Recipient' is an explicit investor/insider allocation per rule.,True,investor,v4_reviewed,,True,v4_resolved
ETHFI,2,0.0449,ETHFI Investment Recipient [0xf10873],True,investor,high,ETHFI Investment Recipient -> investor allocation; insider.,True,investor,v4_reviewed,,True,v4_resolved
ETHFI,3,0.0394,Token Millionaire [0xf619ab],False,retail,high,"'Token Millionaire' is a behavioral retail-whale label, not a project entity.",False,retail,v4_reviewed,,False,v4_resolved
ETHFI,4,0.0319,ETHFI Investment Recipient [0x6630ff],True,investor,high,ETHFI Investment Recipient -> investor allocation; insider.,True,investor,v4_reviewed,,True,v4_resolved
ETHFI,5,0.0304,Token Millionaire [0x7a9319],False,retail,high,"'Token Millionaire' behavioral retail label, no project tie.",False,retail,v4_reviewed,,False,v4_resolved
ETHFI,6,0.0193,Binance: Wallet [0x43684d],False,exchange,high,"Binance CEX wallet -> exchange, not insider.",False,exchange,v4_reviewed,,False,v4_resolved
ETHFI,7,0.0174,ether.fi: DAO Treasury [0x7d4bbe],True,treasury,high,ether.fi DAO Treasury is the protocol's own treasury; team/project-controlled insider.,True,treasury,v4_reviewed,,True,v4_resolved
ETHFI,8,0.0168,Binance [0x5a52e9],False,exchange,high,"Binance CEX -> exchange, not insider.",False,exchange,v4_reviewed,,False,v4_resolved
ETHFI,9,0.015,,False,unlabeled,high,"No Nansen label / unmatched survivor -> unlabeled retail, not insider.",False,retail,gapfill_resolved,EOA unlabeled,False,v4_resolved
ETHFI,10,0.014,Token Millionaire [0x133166],False,retail,high,"'Token Millionaire' behavioral retail label, no project tie.",False,retail,v4_reviewed,,False,v4_resolved
GEOD,1,0.0616,Token Vault [0x3a6906],False,protocol_contract,low,"Generic Nansen 'Token Vault' auto-label = a contract custodying tokens, no GEOD/project name attributing it to the team; ambiguous between a generic deposit/reward vault and a team vesting/treasury vault, so not classed insider on the label alone.",False,protocol_contract,gapfill_resolved,Token Vault (Nansen label; Blockscout chain-137 outage),False,v4_resolved
GEOD,2,0.0407,Token Millionaire [0x47c8eb],False,retail,high,'Token Millionaire' is a large-holder retail tag with no project tie; per rule = retail.,False,retail,v4_reviewed,,False,v4_resolved
GEOD,3,0.0375,Token Millionaire [0xcdd8dc],False,retail,high,"'Token Millionaire' large-holder retail tag, no project affiliation; retail.",False,retail,v4_reviewed,,False,v4_resolved
GEOD,4,0.0204,Token Millionaire [0x3783f3],False,retail,high,"'Token Millionaire' large-holder retail tag, no project affiliation; retail.",False,retail,v4_reviewed,,False,v4_resolved
GEOD,5,0.0204,Multisig [0xcecccb],True,multisig,low,Team-controlled multisig per insider rule; bare/unattributed (no protocol name / no known owner) so confidence low.,True,insider,gapfill_resolved,Multisig (Nansen label; Blockscout chain-137 outage),False,trace_independent_not_insider
GEOD,6,0.0173,Multisig [0xcdfd8e],True,multisig,low,Team-controlled multisig per insider rule; bare/unattributed (no protocol name / no known owner) so confidence low.,True,insider,gapfill_resolved,"GnosisSafe multisig (GnosisSafeProxy, master_copy impl=GnosisSafeL2 0x3E5c63)",False,trace_independent_not_insider
GEOD,7,0.0127,ParaFi Capital [0x3ad45f],True,investor,high,ParaFi Capital is a named crypto VC/investment fund explicitly on the insider investor list; insider investor.,True,investor,v4_reviewed,,True,v4_resolved
GEOD,8,0.0088,Gate: Wallet [0x0d0707],False,exchange,high,"Gate centralized-exchange wallet; CEX custody, not insider.",False,exchange,v4_reviewed,,False,v4_resolved
GEOD,9,0.0088,GSR:  [0xe92e65],False,market_maker,medium,GSR is a market maker / trading desk; not insider absent evidence of project-seeding from the bare label.,False,market_maker,v4_reviewed,,False,v4_resolved
GEOD,10,0.0082,GEOD Staking Pool [0x682ba8],False,protocol_contract,high,"Named staking pool contract (user-staking aggregation), not a team-controlled treasury; protocol contract, not insider.",False,protocol_contract,v4_reviewed,,False,v4_resolved
GMX,1,0.067,GMX_LockboxAdapter [0x02984c],False,protocol_contract,high,"LockboxAdapter is a cross-chain xERC20 bridge/lockbox infra contract for moving GMX across chains; protocol infrastructure, not a team treasury.",False,protocol_contract,v4_reviewed,,False,v4_resolved
GMX,2,0.0273,GMX Staking Pool [0x0755d3],False,protocol_contract,high,"Staking pool custodies user-staked GMX (aggregated user deposits), not a team/insider allocation.",False,protocol_contract,v4_reviewed,,False,v4_resolved
GMX,3,0.0267,Uniswap: GMX-ETH Liquidity Pool [0x80a9ae],False,lp,high,"Uniswap AMM liquidity pool holding user-provided liquidity; DEX LP, not insider.",False,lp,v4_reviewed,,False,v4_resolved
GMX,4,0.0142,SafeProxy [0xc6378d],True,multisig,low,"Bare unattributed Gnosis SafeProxy with no protocol name or known owner; team-controlled multisig presumption per rule, but unattributed so low confidence.",True,multisig,v4_reviewed,,True,trace_team_confirmed
GMX,5,0.0138,OKX [0xafee42],False,exchange,high,"OKX centralized-exchange wallet; custodial exchange holdings, not insider.",False,exchange,v4_reviewed,,False,v4_resolved
GMX,6,0.0137,GMX: GMX Timelock [0x68863d],True,treasury,medium,"GMX governance/admin Timelock contract custodying GMX under team/governance control; team-controlled admin infrastructure, not user-aggregation.",True,treasury,v4_reviewed,,True,v4_resolved
GMX,7,0.0124,SafeProxy [0x4d4dc3],True,multisig,low,"Second bare unattributed SafeProxy, no owner attribution; team-controlled multisig presumption, low confidence due to missing attribution.",True,multisig,v4_reviewed,,True,trace_team_confirmed
GMX,8,0.0095,GMX: Gmx Vester [0x199070],True,vesting,high,GMX Vester is the team/contributor token-vesting contract; vesting allocation is insider by rule.,True,vesting,v4_reviewed,,True,v4_resolved
GMX,9,0.0069,Binance: Wallet [0x25681a],False,exchange,high,"Binance centralized-exchange wallet; custodial exchange holdings, not insider.",False,exchange,v4_reviewed,,False,v4_resolved
GMX,10,0.0065,GMX Market [0xbd4814],False,protocol_contract,high,"GMX V2 Market contract holding pooled LP liquidity / trader collateral; protocol contract, not team allocation.",False,protocol_contract,v4_reviewed,,False,v4_resolved
GRASS,1,0.1601,,False,unlabeled,high,"Empty/bare label, not matched in Nansen top set; largest holder but no project tie -> unlabeled, treat as retail per rule (do not assume insider).",False,unlabeled,v4_reviewed,Solana address (no label),False,v4_resolved
GRASS,2,0.066,Gate: Wallet [u6PJ8DtQ],False,exchange,high,"Gate.io centralized-exchange wallet; CEX custody, not a protocol insider.",False,exchange,v4_reviewed,,False,v4_resolved
GRASS,3,0.0316,,False,unlabeled,high,"Empty label, no Nansen attribution and no project tie -> unlabeled, low-balance survivor classed retail.",False,unlabeled,v4_reviewed,Solana address (no label),False,v4_resolved
GRASS,4,0.0265,,False,unlabeled,high,"Empty label, no attribution -> unlabeled retail; no team/treasury/investor signal.",False,unlabeled,v4_reviewed,Solana address (no label),False,v4_resolved
GRASS,5,0.0224,,False,unlabeled,high,"Empty label, no attribution -> unlabeled retail.",False,unlabeled,v4_reviewed,Solana address (no label),False,v4_resolved
GRASS,6,0.0193,,False,unlabeled,high,"Empty label, no attribution -> unlabeled retail.",False,unlabeled,v4_reviewed,Solana address (no label),False,v4_resolved
GRASS,7,0.0171,,False,unlabeled,high,"Empty label, no attribution -> unlabeled retail.",False,unlabeled,v4_reviewed,Solana address (no label),False,v4_resolved
GRASS,8,0.0135,,False,unlabeled,high,"Empty label, no attribution -> unlabeled retail.",False,unlabeled,v4_reviewed,,False,v4_resolved
GRASS,9,0.0126,,False,unlabeled,high,"Empty label, no attribution -> unlabeled retail.",False,unlabeled,v4_reviewed,,False,v4_resolved
GRASS,10,0.0124,,False,unlabeled,high,"Empty label, no attribution -> unlabeled retail.",False,unlabeled,v4_reviewed,,False,v4_resolved
GRT,1,0.0794,Upbit [0x823fd1],False,exchange,high,"Upbit is a major South Korean centralized exchange; CEX wallet, not insider.",False,exchange,v4_reviewed,,False,v4_resolved
GRT,2,0.055,Token Millionaire [0xfcb40a],False,retail,high,"Token Millionaire is a Nansen retail behavioral label, no project tie.",False,retail,v4_reviewed,,False,v4_resolved
GRT,3,0.0239,Token Millionaire [0x5b0a3c],False,retail,high,"Token Millionaire is a Nansen retail behavioral label, no project tie.",False,retail,v4_reviewed,,False,v4_resolved
GRT,4,0.0157,Luno: Wallet [0x3a5cc8],False,exchange,high,"Luno is a centralized exchange (DCG-owned); CEX wallet, not insider.",False,exchange,v4_reviewed,,False,v4_resolved
GRT,5,0.0156,Coinbase Prime: Custody Wallet [0x5eb529],False,exchange,high,"Coinbase Prime custody = CEX custody wallet, explicitly not insider per rule.",False,exchange,v4_reviewed,,False,v4_resolved
GRT,6,0.0129,BTCTurk [0x76ec5a],False,exchange,high,"BTCTurk is a Turkish centralized exchange; CEX wallet, not insider.",False,exchange,v4_reviewed,,False,v4_resolved
GRT,7,0.0118,Bithumb: Wallet [0xeb8ee0],False,exchange,high,"Bithumb is a major South Korean centralized exchange; CEX wallet, not insider.",False,exchange,v4_reviewed,,False,v4_resolved
GRT,8,0.0101,Kraken [0x7dafba],False,exchange,high,"Kraken is a major centralized exchange; CEX wallet, not insider.",False,exchange,v4_reviewed,,False,v4_resolved
GRT,9,0.0098,,False,unlabeled,high,"Empty label, unmatched in Nansen top set; unlabeled survivor treated as retail.",False,unlabeled,v4_reviewed,,False,v4_resolved
GRT,10,0.0095,The Graph: Multisig [0x8e1aff],True,multisig,high,"The Graph protocol multisig; team-controlled, protocol-attributed insider.",True,multisig,v4_reviewed,,True,v4_resolved
HNT,1,0.1243,Bybit: Hot Wallet [5LZkATrL],False,exchange,high,"Bybit centralized-exchange hot wallet; CEX custody, not project-controlled.",False,exchange,v4_reviewed,,False,v4_resolved
HNT,2,0.0876,Helium: HNT Distributor [4UiT93ty],False,protocol_contract,high,"Emissions/reward distributor contract for DePIN proof-of-coverage payouts; distributor carve-out, not a team treasury holding.",False,protocol_contract,v4_reviewed,,False,v4_resolved
HNT,3,0.0646,Helium [2AdZQmGi],True,treasury,medium,Wallet labeled with the bare project name (not a distributor/contract); project/foundation-controlled treasury-class holding by the Helium team.,True,insider,gapfill_resolved,Helium [2AdZQmGi],True,v4_resolved
HNT,4,0.0512,Crypto.com [22Wnk8Pw],False,exchange,high,Crypto.com centralized exchange custody wallet; not insider.,False,exchange,v4_reviewed,,False,v4_resolved
HNT,5,0.0386,Helium: HNT Distributor [73zsmmqC],False,protocol_contract,high,"Second emissions/reward distributor contract; distributor carve-out, not team treasury.",False,protocol_contract,v4_reviewed,,False,v4_resolved
HNT,6,0.0382,Binance US: Hot Wallet [53unSgGW],False,exchange,high,"Binance US CEX hot wallet; exchange custody, not insider.",False,exchange,v4_reviewed,,False,v4_resolved
HNT,7,0.0327,Kraken [EFE3j1pc],False,exchange,high,Kraken centralized exchange wallet; not insider.,False,exchange,v4_reviewed,,False,v4_resolved
HNT,8,0.0275,,False,unlabeled,high,"No Nansen label; bare survivor low-balance now, treated as retail per unlabeled rule.",False,unlabeled,v4_reviewed,Solana address (no label),False,v4_resolved
HNT,9,0.0205,[8iQY3mJN],False,unlabeled,high,"Bracketed hex address only, no name or project tie; treated as unlabeled retail.",False,unlabeled,v4_reviewed,,False,v4_resolved
HNT,10,0.0168,,False,unlabeled,high,No Nansen label; unlabeled retail.,False,unlabeled,v4_reviewed,Solana address (no label),False,v4_resolved
HONEY,1,0.037,[FZ9diFCJ],False,unlabeled,high,"Bare bracketed hex address, no Nansen entity label; per rule unlabeled bare hex is retail/unlabeled, not insider.",False,unlabeled,v4_reviewed,,False,v4_resolved
HONEY,2,0.0346,[A6zNJCrS],False,unlabeled,high,"Bare bracketed hex address, no Nansen label; unlabeled survivor treated as retail, insider=false.",False,unlabeled,v4_reviewed,,False,v4_resolved
HONEY,3,0.0304,Hivemapper [8MgKUjhQ],True,treasury,high,"Wallet labeled with the protocol's own name (Hivemapper), no exchange/deposit suffix; a project-controlled treasury/team operating address for the HONEY-issuing protocol.",True,treasury,v4_reviewed,,True,v4_resolved
HONEY,4,0.0234,Hivemapper [EAmeyPtA],True,treasury,high,"Second wallet labeled with the bare protocol name Hivemapper; project-controlled treasury/team address, insider by team-custody.",True,treasury,v4_reviewed,,True,v4_resolved
HONEY,5,0.0222,[D99E2pr7],False,unlabeled,high,"Bare bracketed hex address with no entity attribution; unlabeled, treated as retail, insider=false.",False,unlabeled,v4_reviewed,,False,v4_resolved
HONEY,6,0.0221,Hivemapper: Deposit [HyW7x3gF],True,treasury,low,"Carries the protocol namespace prefix Hivemapper: and custodies HONEY for protocol operations/distribution; project-operated, leans team treasury, but the Deposit suffix is ambiguous (could be routing infrastructure), so low confidence.",False,exchange,gapfill_resolved,Hivemapper: Deposit [HyW7x3gF],False,v4_resolved
HONEY,7,0.0199,High Balance [Fe3XYFYa],False,retail,medium,"Generic Nansen heuristic label for a large-balance wallet with no entity/project attribution; a whale holder, not a protocol insider.",False,retail,v4_reviewed,,False,v4_resolved
HONEY,8,0.0193,Coinbase: Deposit [FsAA2JoV],False,exchange,high,"Coinbase deposit address; centralized-exchange wallet, explicitly not insider.",False,exchange,v4_reviewed,,False,v4_resolved
HONEY,9,0.0193,Coinbase: Deposit [3A6s38hS],False,exchange,high,"Coinbase deposit address; centralized-exchange wallet, not insider.",False,exchange,v4_reviewed,,False,v4_resolved
HONEY,10,0.0187,Coinbase: Deposit [5YMPkRAQ],False,exchange,high,"Coinbase deposit address; centralized-exchange wallet, not insider.",False,exchange,v4_reviewed,,False,v4_resolved
IO,1,0.0765,Token Millionaire [28SqbTKJ],False,retail,high,"Nansen generic balance-tier label (Token Millionaire); rule explicitly classifies as retail, no project tie.",False,retail,v4_reviewed,,False,v4_resolved
IO,2,0.0461,[6erNn9LP],False,unlabeled,high,Bare bracketed hex address with no Nansen label; unlabeled survivor treated as retail/non-insider.,False,unlabeled,v4_reviewed,,False,v4_resolved
IO,3,0.0398,Token Millionaire [Gm9t9T9m],False,retail,high,"Generic Token Millionaire balance-tier label; retail per rule, no team/treasury/investor signal.",False,retail,v4_reviewed,,False,v4_resolved
IO,4,0.0377,Token Millionaire [Fo7DTEWg],False,retail,high,"Generic Token Millionaire balance-tier label; retail per rule, no project tie.",False,retail,v4_reviewed,,False,v4_resolved
IO,5,0.0338,Token Millionaire [7oemYfuh],False,retail,high,Generic Token Millionaire balance-tier label; retail per rule.,False,retail,v4_reviewed,,False,v4_resolved
IO,6,0.0235,Token Millionaire [BB6toFFM],False,retail,high,Generic Token Millionaire balance-tier label; retail per rule.,False,retail,v4_reviewed,,False,v4_resolved
IO,7,0.0214,Token Millionaire [6FHTSZaY],False,retail,high,Generic Token Millionaire balance-tier label; retail per rule.,False,retail,v4_reviewed,,False,v4_resolved
IO,8,0.0206,Bithumb: Hot Wallet [8Mm46Csq],False,exchange,high,"Bithumb is a South Korean centralized exchange; hot wallet is custodial CEX infrastructure, not insider.",False,exchange,v4_reviewed,,False,v4_resolved
IO,9,0.0198,[DZ2hv4ZE],False,unlabeled,high,Bare bracketed hex address with no Nansen label; unlabeled survivor treated as retail/non-insider.,False,unlabeled,v4_reviewed,,False,v4_resolved
IO,10,0.0183,Token Millionaire [8nxaFYPg],False,retail,high,"Generic Token Millionaire balance-tier label; retail per rule, no project tie.",False,retail,v4_reviewed,,False,v4_resolved
IOTX,1,0.0153,High Balance [0x476157],False,retail,medium,"Generic Nansen 'High Balance' behavioral tag; no protocol/team/investor attribution, treat as large retail holder.",False,retail,v4_reviewed,,False,v4_resolved
IOTX,2,0.015,IOTX Investment Recipient [0x58bc01],True,investor,high,'<TOKEN> Investment Recipient' label = project insider allocation to an IOTX investor; insider per rule.,True,investor,v4_reviewed,,True,v4_resolved
IOTX,3,0.0144,High Balance [0xcbe652],False,retail,medium,"Generic 'High Balance' tag with no project tie; large holder, not an identified insider entity.",False,retail,v4_reviewed,,False,v4_resolved
IOTX,4,0.0138,Coinbase Prime: Custody Wallet [0xc579ea],False,exchange,high,Coinbase Prime custody = centralized-exchange custody wallet; not protocol insider.,False,exchange,v4_reviewed,,False,v4_resolved
IOTX,5,0.012,Coinbase Prime: Custody Wallet [0x450e91],False,exchange,high,"Second Coinbase Prime custody wallet; centralized-exchange custody, not insider.",False,exchange,v4_reviewed,,False,v4_resolved
IOTX,6,0.0102,High Balance [0xc59b96],False,retail,medium,Generic 'High Balance' behavioral tag; no protocol/team/investor attribution.,False,retail,v4_reviewed,,False,v4_resolved
IOTX,7,0.0101,High Balance [0x460829],False,retail,medium,Generic 'High Balance' tag; large holder with no project tie.,False,retail,v4_reviewed,,False,v4_resolved
IOTX,8,0.005,High Balance [0x244491],False,retail,medium,Generic 'High Balance' tag; no insider attribution.,False,retail,v4_reviewed,,False,v4_resolved
IOTX,9,0.0029,eToro: Wallet [0x77fb35],False,exchange,high,"eToro is a brokerage/exchange; 'eToro: Wallet' is exchange-controlled custody, not protocol insider.",False,exchange,v4_reviewed,,False,v4_resolved
IOTX,10,0.0021,machinefi.eth [0xfe7bcb],True,team,medium,machinefi.eth ENS maps to IoTeX's flagship MachineFi brand/MachineFi Lab (the core IoTeX dev entity); project-team-controlled wallet.,True,team,v4_reviewed,,True,v4_resolved
JUP,1,0.1945,Upbit [27b4PRN7],False,exchange,high,"Upbit is a major Korean centralized exchange; CEX wallet, not protocol insider.",False,exchange,v4_reviewed,,False,v4_resolved
JUP,2,0.0747,Backpack Exchange: Wallet [43DbAvKx],False,exchange,high,"Backpack Exchange is a centralized exchange; exchange wallet, not insider.",False,exchange,v4_reviewed,,False,v4_resolved
JUP,3,0.0434,Bybit: Hot Wallet [Gem2VAyp],False,exchange,high,"Bybit is a major CEX; hot wallet holding customer assets, not insider.",False,exchange,v4_reviewed,,False,v4_resolved
JUP,4,0.0378,Jupiter: USDC-jupSOL Supply Vault [7s1da8Dd],False,protocol_contract,medium,"Jupiter lending Supply Vault aggregates user-supplied USDC liquidity (jupSOL market), a DeFi protocol contract holding user deposits, not team treasury custody.",False,protocol_contract,gapfill_resolved,Jupiter: USDC-jupSOL Supply Vault,False,v4_resolved
JUP,5,0.0265,[6QqVvibp],False,unlabeled,low,Bare bracketed hex address with no Nansen attribution; treat as unlabeled/retail.,False,unlabeled,v4_reviewed,[6QqVvibp],False,v4_resolved
JUP,6,0.0218,,False,unlabeled,low,"Empty label, no Nansen attribution; unlabeled survivor, default retail.",False,unlabeled,v4_reviewed,Solana address (no label),False,v4_resolved
JUP,7,0.0193,,False,unlabeled,low,"Empty label, no Nansen attribution; unlabeled survivor, default retail.",False,unlabeled,v4_reviewed,Solana address (no label),False,v4_resolved
JUP,8,0.0173,,False,unlabeled,low,"Empty label, no Nansen attribution; unlabeled survivor, default retail.",False,unlabeled,v4_reviewed,Solana address (no label),False,v4_resolved
JUP,9,0.0147,,False,unlabeled,low,"Empty label, no Nansen attribution; unlabeled survivor, default retail.",False,unlabeled,v4_reviewed,,False,v4_resolved
JUP,10,0.0143,,False,unlabeled,low,"Empty label, no Nansen attribution; unlabeled survivor, default retail.",False,unlabeled,v4_reviewed,,False,v4_resolved
LDO,1,0.0154,OKX: Deposit [0x611f7b],False,exchange,high,"OKX centralized-exchange deposit wallet; user-deposit address, not project-controlled.",False,exchange,v4_reviewed,,False,v4_resolved
LDO,2,0.0142,Wintermute [0x39df74],False,market_maker,high,"Wintermute is a major market maker / trading desk; no evidence of LDO project-seeding, so not insider.",False,market_maker,v4_reviewed,,False,v4_resolved
LDO,3,0.0105,Lido DAO: Multisig [0xed3d9b],True,multisig,high,Lido DAO's own governance multisig; team/DAO-controlled treasury control surface.,True,multisig,v4_reviewed,,True,v4_resolved
LDO,4,0.0095,Bybit [0x88a149],False,exchange,high,Bybit centralized-exchange wallet; not project-controlled.,False,exchange,v4_reviewed,,False,v4_resolved
LDO,5,0.0084,KR1 [0x008756],True,investor,high,KR1 plc is a named publicly-listed crypto investment company and an early Lido backer; named investment fund = investor insider.,True,investor,v4_reviewed,,True,v4_resolved
LDO,6,0.0075,Lido [0x109b97],True,treasury,medium,"Plainly labeled 'Lido' = protocol-controlled address (project treasury/team operational wallet), not an exchange or retail holder.",True,treasury,v4_reviewed,,True,v4_resolved
LDO,7,0.0075,Token Millionaire [0x54b68c],False,retail,high,Nansen behavioral label for a large retail holder; no project tie.,False,retail,v4_reviewed,,False,v4_resolved
LDO,8,0.0064,Bitget: Deposit [0xffa8db],False,exchange,high,"Bitget centralized-exchange deposit wallet; user-deposit address, not project-controlled.",False,exchange,v4_reviewed,,False,v4_resolved
LDO,9,0.0064,,False,unlabeled,low,"Empty label / unmatched in current Nansen top set; treat as unlabeled retail, low-balance now, not insider.",False,unlabeled,v4_reviewed,,False,v4_resolved
LDO,10,0.0061,Lido [0xc012e9],True,treasury,medium,"Plainly labeled 'Lido' = protocol-controlled address (project treasury/team operational wallet), not an exchange or retail holder.",True,treasury,v4_reviewed,,True,v4_resolved
LPT,1,0.0179,Livepeer: LPT Staking Pool [0xf82c1f],False,protocol_contract,high,"Protocol staking pool aggregating delegator stake; staking pools are protocol_contract, not team treasury.",False,protocol_contract,v4_reviewed,,False,v4_resolved
LPT,2,0.0036,Livepeer: Proxy L2 Migrator [0x148d5b],False,protocol_contract,high,"Protocol bridge/migration contract (LPT L2 migrator); infrastructure, not team allocation.",False,protocol_contract,v4_reviewed,,False,v4_resolved
LPT,3,0.002,Uniswap: V3 LPT-WETH (0.3%) Liquidity Pool  [0x4fd47e],False,lp,high,"Uniswap V3 AMM liquidity pool; DEX LP is protocol_contract/lp, not insider.",False,lp,v4_reviewed,,False,v4_resolved
LPT,4,0.0015,DEX/CEX Trading Bot [0x96daa0],False,market_maker,medium,"Automated trading bot with no project tie; trader/MM behavior, not protocol team or treasury.",False,market_maker,v4_reviewed,,False,v4_resolved
LPT,5,0.0014,Token Millionaire [0x730363],False,retail,high,Generic large individual holder label; explicitly retail per classification rule.,False,retail,v4_reviewed,,False,v4_resolved
LPT,6,0.0011,[0x99c675],False,unlabeled,high,Bare bracketed hex address with no Nansen label; unlabeled retail.,False,unlabeled,v4_reviewed,,False,v4_resolved
LPT,7,0.001,SafeProxy [0x2d93af],True,multisig,low,Bare/unattributed Safe proxy (no protocol name/owner); team-controlled-multisig by default but low confidence.,True,multisig,v4_reviewed,,True,v4_resolved
LPT,8,0.001,Justin Sun [0x176f3d],False,retail,medium,"Named individual whale (TRON founder), not a Livepeer founder/team/investor; external holder, not a protocol insider.",False,retail,v4_reviewed,,False,v4_resolved
LPT,9,0.0007,Multisig [0x2be5a5],True,multisig,low,Bare unattributed multisig (no protocol name/owner); team-controlled-multisig by default but low confidence.,True,multisig,v4_reviewed,,True,v4_resolved
LPT,10,0.0006,michellekwu.eth* [0x077031],False,retail,high,Random .eth name with no project tie; retail individual holder.,False,retail,v4_reviewed,,False,v4_resolved
META,1,0.05,LIGHT Custody Vaults [7SwCJg3T],False,protocol_contract,medium,"Custody vaults owned by LIGHT (a separate Solana protocol), not the MetaDAO/META team; third-party protocol vault aggregation holding META, not team custody.",False,protocol_contract,gapfill_resolved,LIGHT Custody Vaults [7SwCJg3T],False,v4_resolved
META,2,0.0414,[7qRUKe5B],False,unlabeled,high,"Bare bracketed hex address with no Nansen label; unlabeled, treated as retail.",False,unlabeled,v4_reviewed,,False,v4_resolved
META,3,0.0269,MetaDAO [3fKDKt85],True,treasury,high,"Wallet labeled as the MetaDAO protocol itself; META is MetaDAO's own governance token, so this is the project's team/treasury wallet.",True,treasury,v4_reviewed,,True,v4_resolved
META,4,0.0256,michae1.sol [4j19AEcD],False,retail,medium,Named .sol vanity wallet with no established MetaDAO founder/team tie (MetaDAO founder is pseudonymous Proph3t); treated as individual retail holder.,False,retail,v4_reviewed,,False,v4_resolved
META,5,0.0235,MetaDAO (META) Custody Vaults [2Vqx84hJ],True,treasury,high,"Label explicitly ties custody vaults to MetaDAO (META), the issuing protocol; protocol-custodied team treasury holdings.",True,treasury,v4_reviewed,,True,v4_resolved
META,6,0.0136,Investment Recipient [DxDZQaDP],True,investor,high,'Investment Recipient' label denotes an allocation to a project investor/recipient per the insider rule; treated as investor allocation.,True,investor,v4_reviewed,,True,v4_resolved
META,7,0.013,Variant [CSBbKo8R],True,investor,high,"Variant is a named crypto VC fund (Variant Fund), an early MetaDAO/Solana investor; named investment fund classifies as investor insider.",True,investor,v4_reviewed,,True,v4_resolved
META,8,0.0126,strategichash.sol [qodhTms2],False,retail,medium,"Named .sol vanity wallet with no project/team tie; appears to be an individual trader/holder, treated as retail.",False,retail,v4_reviewed,,False,v4_resolved
META,9,0.0119,Custody Vaults [GyL9JZ4P],False,protocol_contract,low,"Bare 'Custody Vaults' with no protocol attribution; ambiguous between DeFi user-vault aggregation and team custody, defaulted to non-insider protocol contract with low confidence.",False,protocol_contract,v4_reviewed,,False,v4_resolved
META,10,0.0119,,False,unlabeled,high,"Empty label / unmatched survivor; unlabeled, low-balance now, treated as retail.",False,unlabeled,v4_reviewed,,False,v4_resolved
MKR,1,0.1131,,False,unlabeled,high,"Empty Nansen label, not matched in current top set; unlabeled bare address treated as retail per rule.",True,insider,gapfill_resolved,"GnosisSafe multisig (SafeProxy, impl GnosisSafe)",True,trace_team_confirmed
MKR,2,0.073,,False,unlabeled,high,"Empty Nansen label, unmatched; unlabeled treated as retail.",False,retail,gapfill_resolved,EOA unlabeled,False,v4_resolved
MKR,3,0.0435,,False,unlabeled,high,"Empty Nansen label, unmatched; unlabeled treated as retail.",True,insider,gapfill_resolved,"Safe multisig (SafeProxy, impl Safe)",False,trace_independent_not_insider
MKR,4,0.0412,,False,unlabeled,high,"Empty Nansen label, unmatched; unlabeled treated as retail.",False,retail,gapfill_resolved,EOA unlabeled,False,v4_resolved
MKR,5,0.0343,,False,unlabeled,high,"Empty Nansen label, unmatched; unlabeled treated as retail.",True,insider,gapfill_resolved,"GnosisSafe multisig (SafeProxy, impl GnosisSafe)",True,trace_team_confirmed
MKR,6,0.0242,,False,unlabeled,high,"Empty Nansen label, unmatched; unlabeled treated as retail.",False,retail,gapfill_resolved,EOA (Maker Vault Owner role tag),False,v4_resolved
MKR,7,0.024,,False,unlabeled,high,"Empty Nansen label, unmatched; unlabeled treated as retail.",False,protocol_contract,gapfill_resolved,MakerDAO Flapper (surplus auction module),False,v4_resolved
MKR,8,0.0208,,False,unlabeled,high,"Empty Nansen label, unmatched; unlabeled treated as retail.",False,retail,gapfill_resolved,EOA unlabeled,False,v4_resolved
MKR,9,0.0207,,False,unlabeled,high,"Empty Nansen label, unmatched; unlabeled treated as retail.",False,retail,gapfill_resolved,EOA unlabeled,False,v4_resolved
MKR,10,0.0167,,False,unlabeled,high,"Empty Nansen label, unmatched; unlabeled treated as retail.",False,retail,gapfill_resolved,EIP-7702 delegated EOA (MetaMask delegator),False,v4_resolved
MOR,1,0.0572,ERC1967Proxy [0xc0ed68],False,protocol_contract,low,"ERC1967 upgradeable proxy: for Morpheus the largest such proxy is the Distribution/reward contract holding MOR for emission, a protocol contract not a discretionary team wallet; no team attribution in label. Low confidence because a top-holding upgradeable proxy could be a team-controlled allocation contract.",False,protocol_contract,gapfill_resolved,Morpheus Builders staking pool (ERC1967Proxy impl BuildersV4),False,v4_resolved
MOR,2,0.0451,Uniswap: V3 MOR-WETH (0.3%) Liquidity Pool  [0xe5cf22],False,lp,high,Explicit Uniswap V3 MOR-WETH AMM liquidity pool; DEX LP contract holdings are not insider per rule.,False,lp,v4_reviewed,,False,v4_resolved
MOR,3,0.0364,,False,unlabeled,high,"Empty Nansen label / bare address with no project tie; unlabeled survivor treated as retail, not insider.",True,insider,gapfill_resolved,"Safe multisig (SafeProxy, impl SafeL2)",False,trace_independent_not_insider
MOR,4,0.0329,Multisig [0xb1972e],True,multisig,low,"Multisig wallet (team-controlled signer set) per rule maps to insider; bare/unattributed (no protocol name, no known owner) so confidence is low.",True,insider,gapfill_resolved,"GnosisSafe multisig (SafeProxy, impl GnosisSafeL2)",False,trace_independent_not_insider
MOR,5,0.028,SafeProxy [0xb19b3b],True,multisig,low,Gnosis SafeProxy is a multisig (team-controlled) per rule mapping; bare/unattributed Safe with no owner so confidence low. Differs from keyword baseline.,True,insider,gapfill_resolved,"Safe multisig (SafeProxy, impl SafeL2)",False,trace_independent_not_insider
MOR,6,0.012,,False,unlabeled,high,"Empty label / bare address with no project tie; unlabeled survivor treated as retail, not insider.",False,unlabeled,v4_reviewed,,False,v4_resolved
MOR,7,0.0112,,False,unlabeled,high,"Empty label / bare address with no project tie; unlabeled survivor treated as retail, not insider.",False,unlabeled,v4_reviewed,,False,v4_resolved
MOR,8,0.0111,High Balance [0x51d252],False,retail,high,"'High Balance' is a generic Nansen whale-heuristic label with no protocol/team/investor tie; treated as retail whale, not insider.",False,retail,v4_reviewed,,False,v4_resolved
MOR,9,0.0095,Big Brain Holdings [0x858da4],True,investor,medium,Big Brain Holdings is a named crypto investment fund/trading firm; named VC/investment fund maps to investor (insider) per rule. Differs from keyword baseline.,True,investor,v4_reviewed,,True,v4_resolved
MOR,10,0.0078,Big Brain Holdings [0xc794ba],True,investor,medium,Second wallet of the named investment fund Big Brain Holdings; named investment fund maps to investor (insider) per rule. Differs from keyword baseline.,True,investor,v4_reviewed,,True,v4_resolved
MPL_SYRUP,1,0.0695,SYRUP Custody Vaults [0xca31c9],True,treasury,medium,"Protocol custodies its own SYRUP token (Maple's gov token); '<Protocol> Custody Vaults' = team custody/treasury per rule, though 'Custody Vaults' is the explicitly-ambiguous class.",False,protocol_contract,gapfill_resolved,SYRUP Custody Vaults aggregate (Nansen label; Blockscout=EOA),False,v4_resolved
MPL_SYRUP,2,0.0513,FalconX: Deposit [0x517ce9],False,exchange,medium,"FalconX is an institutional prime brokerage / OTC trading desk; a 'Deposit' address is a custodial exchange-type wallet, not protocol-controlled.",False,exchange,gapfill_resolved,FalconX deposit/custody EOA (exchange),False,v4_resolved
MPL_SYRUP,3,0.0437,Maple Finance: SYRUP Token Vault [0x58be00],True,treasury,high,Explicitly Maple Finance (the protocol) holding a SYRUP token vault = team/treasury-controlled.,False,protocol_contract,gapfill_resolved,Maple Finance SYRUP Token Vault (Safe multisig),False,v4_resolved
MPL_SYRUP,4,0.0432,SYRUP Foundation [0xfd4587],True,treasury,high,Project foundation wallet (SYRUP Foundation) = team/foundation treasury.,True,treasury,v4_reviewed,,True,v4_resolved
MPL_SYRUP,5,0.0283,SYRUP Investment Recipient [0x929153],True,investor,high,'Investment Recipient' = investor allocation per rule.,True,investor,v4_reviewed,,True,v4_resolved
MPL_SYRUP,6,0.0219,Coinbase Prime: Custody Wallet [0x13a682],False,exchange,high,"Coinbase Prime custody wallet = CEX custody, not insider.",False,exchange,v4_reviewed,,False,v4_resolved
MPL_SYRUP,7,0.0215,Framework Ventures [0x310f08],True,investor,high,Framework (Framework Ventures) is a named VC fund and early Maple investor.,True,investor,v4_reviewed,,True,v4_resolved
MPL_SYRUP,8,0.0194,Coinbase Prime: Custody Wallet [0x2711a1],False,exchange,high,"Coinbase Prime custody wallet = CEX custody, not insider.",False,exchange,v4_reviewed,,False,v4_resolved
MPL_SYRUP,9,0.0181,Castle Island Ventures [0x7700a1],True,investor,high,Castle Island Ventures is a named crypto VC fund (early Maple/Circle backer).,True,investor,v4_reviewed,,True,v4_resolved
MPL_SYRUP,10,0.0167,Upbit: Main Wallet [0x89860f],False,exchange,high,"Upbit is a centralized exchange; main wallet = CEX hot/custody, not insider.",False,exchange,v4_reviewed,,False,v4_resolved
OP,1,0.0256,,False,unlabeled,low,"Empty label / bare address; unlabeled survivor with no project tie. Low-balance survivor not in named top set -> retail, not insider.",False,retail,gapfill_resolved,EOA unlabeled,False,v4_resolved
OP,2,0.0141,OKX: Deposit [0x611f7b],False,exchange,high,"OKX centralized-exchange deposit address; CEX custody, not protocol insider.",False,exchange,v4_reviewed,,False,v4_resolved
OP,3,0.0104,Coinbase: Deposit [0xae56aa],False,exchange,high,"Coinbase CEX deposit address; exchange custody, not insider.",False,exchange,v4_reviewed,,False,v4_resolved
OP,4,0.0094,ETH Millionaire [0x7336ab],False,retail,high,"Generic high-balance whale tag with no protocol affiliation; retail, not insider.",False,retail,v4_reviewed,,False,v4_resolved
OP,5,0.0075,Coinbase: Deposit [0xe94ffc],False,exchange,high,"Coinbase CEX deposit address; exchange custody, not insider.",False,exchange,v4_reviewed,,False,v4_resolved
OP,6,0.0066,Token Millionaire [0xb7206f],False,retail,high,"Generic high-balance whale tag with no protocol tie; retail, not insider.",False,retail,v4_reviewed,,False,v4_resolved
OP,7,0.0052,Bithumb: Wallet [0xb18fe4],False,exchange,high,"Bithumb is a Korean centralized exchange; exchange wallet, not insider. Reclassified from keyword baseline 'other_labeled' to exchange.",False,exchange,v4_reviewed,,False,v4_resolved
OP,8,0.0049,Coinbase Prime: Deposit [0x857824],False,exchange,high,"Coinbase Prime is Coinbase's institutional custody arm; CEX deposit, not protocol insider.",False,exchange,v4_reviewed,,False,v4_resolved
OP,9,0.0049,Coinbase: Deposit [0x0a5952],False,exchange,high,"Coinbase CEX deposit address; exchange custody, not insider.",False,exchange,v4_reviewed,,False,v4_resolved
OP,10,0.0049,Coinbase: Deposit [0xb76a33],False,exchange,high,"Coinbase CEX deposit address; exchange custody, not insider.",False,exchange,v4_reviewed,,False,v4_resolved
POL,1,0.0404,Polygon: MATIC-POL Migration [0x29e7df],True,treasury,high,"Official Polygon protocol-controlled MATIC-to-POL migration contract; team/foundation-operated token swap vault, not user funds.",True,treasury,v4_reviewed,,True,v4_resolved
POL,2,0.0217,Token Millionaire [0x57f1ad],False,retail,high,Generic Nansen wealth-tier label with no project tie; retail holder.,False,retail,v4_reviewed,,False,v4_resolved
POL,3,0.0163,Upbit: MATIC Main Wallet [0x4c569c],False,exchange,high,Upbit centralized-exchange main/hot wallet; not insider.,False,exchange,v4_reviewed,,False,v4_resolved
POL,4,0.0137,Token Millionaire [0x8be2b9],False,retail,high,"Generic Nansen wealth-tier label; retail holder, no project tie.",False,retail,v4_reviewed,,False,v4_resolved
POL,5,0.0132,Token Millionaire [0x0ba98b],False,retail,high,"Generic Nansen wealth-tier label; retail holder, no project tie.",False,retail,v4_reviewed,,False,v4_resolved
POL,6,0.0132,Token Millionaire [0x84faec],False,retail,high,"Generic Nansen wealth-tier label; retail holder, no project tie.",False,retail,v4_reviewed,,False,v4_resolved
POL,7,0.0132,Token Millionaire [0x796ce5],False,retail,high,"Generic Nansen wealth-tier label; retail holder, no project tie.",False,retail,v4_reviewed,,False,v4_resolved
POL,8,0.0132,Token Millionaire [0x58a3ca],False,retail,high,"Generic Nansen wealth-tier label; retail holder, no project tie.",False,retail,v4_reviewed,,False,v4_resolved
POL,9,0.0123,B2C2 [0xa5946a],False,market_maker,medium,B2C2 is an OTC market maker / trading desk; not insider absent evidence of project-seeding.,False,market_maker,v4_reviewed,,False,v4_resolved
POL,10,0.0086,,False,unlabeled,high,Empty label / unmatched in current top set; treat as unlabeled retail.,False,unlabeled,v4_reviewed,,False,v4_resolved
RENDER,1,0.0885,RENDER Distributor [51PZFsSV],False,protocol_contract,high,"Protocol token-distribution contract (pass-through allocation/reward mechanism), not a team treasury holding insider stake.",False,protocol_contract,v4_reviewed,,False,v4_resolved
RENDER,2,0.046,,False,unlabeled,high,"Empty label / bare address; treat as unlabeled retail, not insider.",False,exchange,gapfill_resolved,KuCoin Hot Wallet (exchange),False,v4_resolved
RENDER,3,0.0433,Crypto.com: Wallet [6FEVkH17],False,exchange,high,Centralized exchange (Crypto.com) custody wallet; exchange holdings are not project-insider.,False,exchange,v4_reviewed,,False,v4_resolved
RENDER,4,0.036,RENDER Custody Vaults [5cQj8RLU],True,treasury,low,"Protocol-branded 'Custody Vaults' suggests team/foundation custodied treasury per the '<Protocol> Custody Vaults' insider rule, but could be user-side DeFi vaults; ambiguous.",False,protocol_contract,gapfill_resolved,RENDER Custody Vaults [5cQj8RLU],False,v4_resolved
RENDER,5,0.0341,Bitget: Deposit [7TWnq4We],False,exchange,high,"Centralized exchange (Bitget) deposit wallet; exchange aggregation, not insider.",False,exchange,v4_reviewed,,False,v4_resolved
RENDER,6,0.034,Kraken: Hot Wallet [6LY1JzAF],False,exchange,high,"Centralized exchange (Kraken) hot wallet; exchange custody, not insider.",False,exchange,v4_reviewed,,False,v4_resolved
RENDER,7,0.0296,,False,unlabeled,high,"Empty label / bare address; treat as unlabeled retail, not insider.",False,retail,gapfill_resolved,EOA unlabeled,False,v4_resolved
RENDER,8,0.0295,Render Network: Bridge [AYm4Knn6],False,protocol_contract,high,"Cross-chain bridge contract (protocol infrastructure for token migration), not an insider allocation.",False,protocol_contract,v4_reviewed,,False,v4_resolved
RENDER,9,0.025,Trading Bot [J8k11p1E],False,retail,medium,"Automated trading-bot wallet with no project attribution; behavioral label, not a project insider.",False,retail,v4_reviewed,,False,v4_resolved
RENDER,10,0.0206,Binance: Wallet [5tzFkiKs],False,exchange,high,"Centralized exchange (Binance) custody wallet; exchange holdings, not insider.",False,exchange,v4_reviewed,,False,v4_resolved
RPL,1,0.0584,Patricio Worthalter [0x57757e],False,retail,medium,"Named individual but is the POAP founder, not Rocket Pool team/founder/investor; no RPL protocol tie, so high-net-worth retail holder.",False,retail,gapfill_resolved,EOA individual (ENS patricioworthalter.eth; Nansen: Patricio Worthalter),False,v4_resolved
RPL,2,0.0435,Rocket Pool: RPL Token [0xd33526],False,protocol_contract,high,"The RPL token's own contract address (self-holdings/inflation buffer), a protocol contract, not a team treasury holding for control.",False,protocol_contract,v4_reviewed,,False,v4_resolved
RPL,3,0.0398,Coinbase Prime: Custody Wallet [0x6cebc3],False,exchange,high,"Coinbase Prime custody wallet is a centralized-exchange custody address, not insider.",False,exchange,gapfill_resolved,Coinbase Prime custody wallet (exchange),False,v4_resolved
RPL,4,0.0247,Bithumb: Wallet [0x07a989],False,exchange,high,"Bithumb is a Korean centralized exchange; exchange wallet, not insider.",False,exchange,v4_reviewed,,False,v4_resolved
RPL,5,0.0247,RPL Investment Recipient [0xfce77e],True,investor,high,'Investment Recipient' label denotes an entity that received an RPL investment allocation; investor/insider.,True,investor,v4_reviewed,,True,v4_resolved
RPL,6,0.0212,Rocket Pool: Oracle DAO Rewards 1 [0xd2a484],False,protocol_contract,medium,"Protocol rewards-distribution contract paying oDAO node operators; a distributor/reward contract, not a team/treasury holding for the project's own benefit.",False,protocol_contract,v4_reviewed,,False,v4_resolved
RPL,7,0.0167,High Balance [0x296c4a],False,retail,high,'High Balance' is a generic Nansen balance-tier label with no project tie; retail whale.,False,retail,v4_reviewed,,False,v4_resolved
RPL,8,0.0149,Aave: aEthRPL Token [0xb76cf9],False,protocol_contract,high,"Aave aToken (aEthRPL) representing RPL supplied to the Aave lending pool; a lending-vault aggregation contract, not insider.",False,protocol_contract,v4_reviewed,,False,v4_resolved
RPL,9,0.0122,High Balance [0x32d47d],False,retail,high,"Generic 'High Balance' label, no project tie; retail whale.",False,retail,v4_reviewed,,False,v4_resolved
RPL,10,0.0111,High Balance [0x91b455],False,retail,high,"Generic 'High Balance' label, no project tie; retail whale.",False,retail,v4_reviewed,,False,v4_resolved
UNI,1,0.0253,Uniswap [0x61cb39],False,protocol_contract,high,"Bare 'Uniswap' protocol/system contract (no Team/Distributor/treasury qualifier); Uniswap is non-custodial, not a team-held allocation.",False,protocol_contract,v4_reviewed,,False,v4_resolved
UNI,2,0.0168,OKX: Deposit [0x611f7b],False,exchange,high,"OKX centralized-exchange deposit address; custodied user funds, not insider.",False,exchange,v4_reviewed,,False,v4_resolved
UNI,3,0.0164,Uniswap [0x5069a6],False,protocol_contract,high,"Bare 'Uniswap' protocol/system contract, same class as rank 1; not a team treasury.",False,protocol_contract,v4_reviewed,,False,v4_resolved
UNI,4,0.0139,Coinbase Prime: Custody Wallet [0x36ca0a],False,exchange,high,"Coinbase Prime custody wallet; CEX-custodied client funds, not insider.",False,exchange,v4_reviewed,,False,v4_resolved
UNI,5,0.0138,Uniswap: UNI Token Distributor [0x090d46],False,protocol_contract,high,"Airdrop/distributor contract dispensing claims to users; distributors are protocol_contract, not team treasury.",False,protocol_contract,v4_reviewed,,False,v4_resolved
UNI,6,0.0113,Coinbase Prime: Custody Wallet [0x6d2783],False,exchange,high,"Coinbase Prime custody wallet; CEX custody, not insider.",False,exchange,v4_reviewed,,False,v4_resolved
UNI,7,0.0102,Coinbase Prime: Custody Wallet [0x19d373],False,exchange,high,"Coinbase Prime custody wallet; CEX custody, not insider.",False,exchange,v4_reviewed,,False,v4_resolved
UNI,8,0.0099,Uniswap Team: Team/Investor/Advisor [0x030d68],True,team,high,Explicit Uniswap Team team/investor/advisor allocation; project-controlled insider holding.,True,team,v4_reviewed,,True,v4_resolved
UNI,9,0.0099,Uniswap Team: Team/Investor/Advisor [0x177df2],True,team,high,Explicit Uniswap Team team/investor/advisor allocation; project-controlled insider holding.,True,team,v4_reviewed,,True,v4_resolved
UNI,10,0.0088,a16z crypto: UNI Tokens [0x7d325a],True,investor,high,a16z crypto is a named VC investor in Uniswap; UNI Tokens allocation is an insider/investor holding.,True,investor,v4_reviewed,,True,v4_resolved
W,1,0.0651,[8nDFPaPR],False,unlabeled,low,"Bracketed bare address with no Nansen entity attribution; largest survivor but no project/team/treasury tie, defaults to retail.",False,unlabeled,v4_reviewed,[8nDFPaPR],False,v4_resolved
W,2,0.0185,,False,unlabeled,high,"Empty label / bare address; no project tie, treated as unlabeled retail.",False,unlabeled,v4_reviewed,Solana address (no label),False,v4_resolved
W,3,0.0185,Bybit: Hot Wallet [5LZkATrL],False,exchange,high,"Centralized exchange hot wallet (Bybit); custodial CEX, not an insider.",False,exchange,v4_reviewed,,False,v4_resolved
W,4,0.0127,Token Millionaire [Apw5cfHw],False,retail,high,"Nansen 'Token Millionaire' behavioral label is retail by rule, no project tie.",False,retail,v4_reviewed,,False,v4_resolved
W,5,0.011,,False,unlabeled,high,"Empty label; unlabeled bare address, defaults to retail.",False,unlabeled,v4_reviewed,,False,v4_resolved
W,6,0.0109,Bithumb: Hot Wallet [8Mm46Csq],False,exchange,high,"Centralized exchange hot wallet (Bithumb, Korean CEX); custodial, not an insider.",False,exchange,v4_reviewed,,False,v4_resolved
W,7,0.0098,,False,unlabeled,high,"Empty label; unlabeled bare address, defaults to retail.",False,unlabeled,v4_reviewed,,False,v4_resolved
W,8,0.0097,,False,unlabeled,high,"Empty label; unlabeled bare address, defaults to retail.",False,unlabeled,v4_reviewed,,False,v4_resolved
W,9,0.0096,[ofFJnH6U],False,unlabeled,low,"Bracketed bare address with no Nansen entity attribution; no project/team tie, defaults to retail.",False,unlabeled,v4_reviewed,,False,v4_resolved
W,10,0.0094,,False,unlabeled,high,"Empty label; unlabeled bare address, defaults to retail.",False,unlabeled,v4_reviewed,,False,v4_resolved
WXM,1,0.0881,WeatherXM Network: WXM Distributor [0x2cdba0],False,protocol_contract,medium,"Project-controlled token-distribution rail (reward/airdrop distributor), same class as the rule's HNT Distributor example which is protocol_contract NOT insider; not a static team treasury hold.",False,protocol_contract,gapfill_resolved,ERC1967Proxy impl=RewardPool (WeatherXM: WXM Distributor),False,v4_resolved
WXM,2,0.0248,Gate: Wallet [0x0d0707],False,exchange,high,"Gate.io centralized-exchange wallet; explicitly enumerated as exchange, not insider.",False,exchange,v4_reviewed,,False,v4_resolved
WXM,3,0.0141,SafeProxy [0xf20168],True,multisig,low,"Bare unattributed Safe proxy with no protocol name or known owner; treated as team-controlled multisig per rule, low confidence due to no attribution.",True,multisig,v4_reviewed,,False,trace_independent_not_insider
WXM,4,0.0133,SwissBorg: Wallet [0x28cc93],False,exchange,high,"SwissBorg centralized custody/exchange platform; explicitly enumerated as exchange, not insider.",False,exchange,v4_reviewed,,False,v4_resolved
WXM,5,0.0132,SafeProxy [0xe4b785],True,multisig,low,"Bare unattributed Safe proxy, no owner; team-controlled multisig by rule, low confidence (no attribution).",True,multisig,v4_reviewed,,False,trace_independent_not_insider
WXM,6,0.012,[0xb99401],False,unlabeled,medium,"Bare hex address with no Nansen label; unlabeled, treated as retail/non-insider per rule.",False,unlabeled,v4_reviewed,,False,v4_resolved
WXM,7,0.0105,[0x000000],False,unlabeled,medium,"Bare hex address with no Nansen label; unlabeled, non-insider (no project tie established).",False,unlabeled,v4_reviewed,,False,v4_resolved
WXM,8,0.0105,Wormhole: Token Bridge [0x0b2402],False,protocol_contract,high,"Cross-chain bridge custody contract; bridges explicitly classed protocol_contract, not insider.",False,protocol_contract,v4_reviewed,,False,v4_resolved
WXM,9,0.0053,SafeProxy [0xff1ad9],True,multisig,low,"Bare unattributed Safe proxy, no owner; team-controlled multisig by rule, low confidence (no attribution).",True,multisig,v4_reviewed,,True,v4_resolved
WXM,10,0.0045,GnosisSafeProxy [0xe09471],True,multisig,low,"Bare unattributed Gnosis Safe proxy, no owner; team-controlled multisig by rule, low confidence (no attribution).",True,multisig,v4_reviewed,,True,v4_resolved
ZRO,1,0.0325,LayerZero: LayerZero (ZRO) Multisig [0xc2f315],True,multisig,high,Explicit LayerZero protocol multisig; team/foundation-controlled treasury custody.,True,multisig,v4_reviewed,,True,trace_team_confirmed
ZRO,2,0.0317,LayerZero [0x1f9034],True,protocol_team_address,medium,Bare LayerZero entity tag; protocol-team-controlled address but ambiguous operational vs allocation role.,True,insider,gapfill_resolved,LayerZero project-labeled wallet,True,v4_resolved
ZRO,3,0.0287,LayerZero: Strategic Partnerships [0x637ca6],True,investor_partner_allocation,high,Strategic Partnerships allocation pool; team/investor-directed token allocation.,True,investor_partner_allocation,v4_reviewed,,True,v4_resolved
ZRO,4,0.0268,Token Millionaire [0xda8b6e],False,retail,high,Generic Nansen retail/whale heuristic label; not a protocol-affiliated entity.,False,retail,v4_reviewed,,False,v4_resolved
ZRO,5,0.0238,LayerZero: ZRO Multisig [0x806f68],True,multisig,high,Explicit LayerZero ZRO multisig; team/foundation-controlled treasury custody.,True,multisig,v4_reviewed,,True,trace_team_confirmed
ZRO,6,0.0238,Smart Account [0x6e0e32],False,retail,high,"Generic smart-contract-wallet label; no protocol affiliation, treated as retail.",False,retail,v4_reviewed,,False,v4_resolved
ZRO,7,0.0217,LayerZero Foundation [0x53326c],True,foundation,high,"LayerZero Foundation; foundation treasury, canonical insider entity.",True,foundation,v4_reviewed,,True,v4_resolved
ZRO,8,0.0209,LayerZero [0x72afaa],True,protocol_team_address,medium,Bare LayerZero entity tag; protocol-team-controlled address but ambiguous operational vs allocation role.,True,protocol_team_address,v4_reviewed,,True,v4_resolved
ZRO,9,0.0176,Token Millionaire [0x7be112],False,retail,high,Generic Nansen retail/whale heuristic label; not a protocol-affiliated entity.,False,retail,v4_reviewed,,False,v4_resolved
ZRO,10,0.0161,LayerZero [0x3425bd],True,protocol_team_address,medium,Bare LayerZero entity tag; protocol-team-controlled address but ambiguous operational vs allocation role.,True,protocol_team_address,v4_reviewed,,True,v4_resolved
