token,address,identity,exclusion_reason,chain,hhi_before,hhi_after,source
LPT,0xc20de37170b45774e6cd3d2304017fc962f27252,Livepeer Minter,Protocol inflation reserve holding unminted tokens,Arbitrum,0.776355,0.198868,Blockscout verified contract label
LPT,0xf977814e90da44bfa03b6295a0616a897441acec,Binance 8 (exchange),Exchange custodian — customer deposits not governance votes,Arbitrum,0.776355,0.198868,Blockscout/OLI tag
GMX,0x908c4d94d34924765f1edc22a1dd098397c59dd4,sGMX RewardTracker,Staking contract holding tokens on behalf of stakers,Arbitrum,0.388968,0.056379,Blockscout verified (name=RewardTracker; token=sGMX)
RPL,0x3bdc69c4e5e13e52a65f5583c23efb9636b469d6,RocketVault,Rocket Pool protocol treasury vault,Ethereum,0.252967,0.03915,Blockscout verified (Rocket Pool: Vault tag)
ENS,0xd7a029db2585553978190db5e85ec724aa4df23f,TokenLock,Vesting lock contract (team/foundation allocation),Ethereum,0.286087,0.134531,Blockscout verified (name=TokenLock)
WXM,0x93f1a412050bab0c317844361e4cc801ed5aca72,WXM treasury/vesting (unverified),Unverified contract holding 74.8% of WXM supply — likely foundation/vesting,Arbitrum,0.569287,0.147854,Contract created by WXM team deployer 2024-05-28; unverified source code
DIMO,0xc97bf974d6d4bab6e0f7641b7b37ec5b70922ce5,DIMO Foundation (unverified),Unverified Polygon contract holding 52.3% of DIMO — likely foundation treasury,Polygon,0.281686,0.037903,Polygon Blockscout 500 error; contract pattern consistent with foundation wallet
POL,0x5e3ef299fddf15eaa0432e6e66473ace8c13d908,Polygon StakeManagerProxy,PoS validator staking contract — holds staked tokens for all validators,Ethereum,0.227909,0.034817,Blockscout verified (Polygon PoS Staking Contract tag)
POL,0x401f6c983ea34274ec46f84d70b31c151321188b,Polygon DepositManagerProxy,Plasma Bridge contract — holds bridged tokens in transit,Ethereum,0.227909,0.034817,Blockscout verified (Polygon Plasma Bridge tag)
MPL_SYRUP,0x9c9499edd0cd2dcbc3c9dd5070baf54777ad8f2c,Syrup Migrator,MPL→SYRUP token migration contract holding unclaimed MPL,Ethereum,0.216165,0.024211,Blockscout verified (Syrup: Migrator tag)
MPL_SYRUP,0xc7e8b36e0766d9b04c93de68a9d47dd11f260b45,stSYRUP (xMPL),ERC-4626 staked SYRUP vault — holds SYRUP on behalf of depositors,Ethereum,0.216165,0.024211,Blockscout verified (Syrup.fi: stSYRUP Token; ERC-4626)
RENDER,0x3ee18b2214aff97000d974cf647e7c347e8fa585,Wormhole Token Bridge,Holds legacy Ethereum RNDR after migration to Solana — bridge custodian,Ethereum,0.577523,0.032305,Blockscout verified (Wormhole: Token Bridge tag)
AAVE,0x4da27a545c0c5b758a6ba100e3a049001de870f5,Staked AAVE (stkAAVE),ERC-4626-like staking contract with pass-through delegation; governance power held by individual stakers not contract,Ethereum,0.059344,0.020202,Blockscout verified (Kleros); Nansen stkAAVE labels; user confirmed delegation passthrough
UNI,0x1a9c8182c09f50c8318d769245bea52c32be35bc,UNI Timelock (governance treasury),"GovernorBravo executor; delegates()=0x0000...0000, getCurrentVotes()=0; 264.6M UNI completely inert for governance",Ethereum,0.100843,0.0322,Blockscout verified (Uniswap V2: UNI Timelock); user confirmed zero voting power
UNI,0x000000000000000000000000000000000000dead,Burn address (canonical 0x000...dead),"Universal burn-rule (applied in May 2026 Round 1 revision per Frontiers in Blockchain reviewer request): canonical-burn destination holding 102,459,580 UNI (11.27% of supply) that cannot participate in governance; HHI 0.0322 (post-Timelock) to 0.010 (post-Timelock-and-burn)",Ethereum,0.0322,0.010,Universal burn-rule application (May 2026 Round 1 revision); audit in burn_rule_audit_summary.csv
GRT,0x36aff7001294dae4c2ed4fdefc478a00de77f090,GRT BridgeEscrow (L1→Arbitrum),"GraphProxy → BridgeEscrow; pure custodial lockbox, zero governance/delegation functions; L2 holders govern",Ethereum,0.099984,0.0356,Blockscout verified proxy; Nansen confirmed; identical pattern to RENDER Wormhole
ARB,0xf3fc178157fb3c87548baa86f9d24ba38e649b58,Arbitrum FixedDelegateErc20Wallet,L2 governance treasury; FixedDelegateErc20Wallet proxy created by L2GovernanceFactory; fixed delegation set at init,Ethereum,0.097016,0.0123,L2 smart contract appearing as EOA on Ethereum; creator L2GovernanceFactory confirmed
OP,0x2a82ae142b2e62cb7d10b55e323acb1cab663a26,Optimism Foundation GnosisSafe,GnosisSafeProxy created April 2022 around token genesis; no meaningful outbound transfers; foundation treasury,Ethereum,0.12066,0.0418,GnosisSafeProxyFactory creator; creation date matches token genesis; behavioral pattern confirmed
COMP,0x3d9819210A31b4961b30EF54bE2aeD79B9c9Cd3B,Comptroller,Protocol-controlled address: Comptroller,Ethereum,,,Blockscout top-holder analysis + on-chain verification
COMP,0x6d903f6003cca6255D85CcA4D3B5E5146dC33925,Timelock,Protocol-controlled address: Timelock,Ethereum,,,Blockscout top-holder analysis + on-chain verification
COMP,0xc0Da02939E1441F497fd74F78cE7Decb17B66529,Governor Bravo,Protocol-controlled address: Governor Bravo,Ethereum,,,Blockscout top-holder analysis + on-chain verification
COMP,0x2775b1c75658Be0F5a7235755D462ee099aff4E4,Reservoir,Protocol-controlled address: Reservoir,Ethereum,,,Blockscout top-holder analysis + on-chain verification
COMP,0x91d14789071e5E195FFC9F745348736677De3292,DComp (354K COMP),Protocol-controlled address: DComp (354K COMP),Ethereum,,,Blockscout top-holder analysis + on-chain verification
COMP,0xc3d688B66703497DAA19211EEdff47f25384cdc3,Compound USDCv3 Token (100K COMP),Protocol-controlled address: Compound USDCv3 Token (100K COMP),Ethereum,,,Blockscout top-holder analysis + on-chain verification
COMP,0x3Afdc9BCA9213A35503b077a6072F3D0d5AB0840,Compound cUSDTv3 Token (100K COMP),Protocol-controlled address: Compound cUSDTv3 Token (100K COMP),Ethereum,,,Blockscout top-holder analysis + on-chain verification
CRV,0x5f3b5DfEb7B28CDbD7FAba78963EE202a494e2A2,veCRV locker (857M CRV),Protocol-controlled address: veCRV locker (857M CRV),Ethereum,,,Blockscout top-holder analysis + on-chain verification
CRV,0xd061D61a4d941c39E5453435B6345Dc261C2fcE0,CRV Minter,Protocol-controlled address: CRV Minter,Ethereum,,,Blockscout top-holder analysis + on-chain verification
CRV,0x2F50D538606Fa9EDD2B11E2446BEb18C9D5846bB,GaugeController,Protocol-controlled address: GaugeController,Ethereum,,,Blockscout top-holder analysis + on-chain verification
CRV,0xa3A7B6F88361F48403514059F1F16C8E78d60EeC,Arbitrum L1ERC20Gateway (bridge),Protocol-controlled address: Arbitrum L1ERC20Gateway (bridge),Ethereum,,,Blockscout top-holder analysis + on-chain verification
CRV,0xafca625321Df8D6A068bDD8F1585d489D2acF11b,LLAMMA-crvUSDAMM,Protocol-controlled address: LLAMMA-crvUSDAMM,Ethereum,,,Blockscout top-holder analysis + on-chain verification
CRV,0x575CCD8e2D300e2377B43478339E364000318E2c,pre-CRV Liquidity Providers,Protocol-controlled address: pre-CRV Liquidity Providers,Ethereum,,,Blockscout top-holder analysis + on-chain verification
CRV,0x99C9fc46f92E8a1c0deC1b1747d010903E884bE1,Optimism L1StandardBridge,Protocol-controlled address: Optimism L1StandardBridge,Ethereum,,,Blockscout top-holder analysis + on-chain verification
CRV,0xD347Ce96266d99aC67DEbb15b3edD43a9E94B751,Community Fund vesting (VestingEscrowSimple),Protocol-controlled address: Community Fund vesting (VestingEscrowSimple),Ethereum,,,Blockscout top-holder analysis + on-chain verification
CRV,0xc420C9d507D0E038BD76383AaADCAd576ed0073c,Team/Investor GnosisSafe multisig,Protocol-controlled address: Team/Investor GnosisSafe multisig,Ethereum,,,Blockscout top-holder analysis + on-chain verification
CRV,0x300d1a01b2C8fc34d5D15071B2611560D7AB9d61,Investor allocation wallet (64.9M CRV),Protocol-controlled address: Investor allocation wallet (64.9M CRV),Ethereum,,,Blockscout top-holder analysis + on-chain verification
CRV,0x7cD7dB9D5F402E5a27774BEE9d61aB8F21cC51FD,Investor allocation wallet (64.8M CRV),Protocol-controlled address: Investor allocation wallet (64.8M CRV),Ethereum,,,Blockscout top-holder analysis + on-chain verification
LDO,0x3e40D73EB977Dc6a537aF587D48316feE66E9C8c,Aragon Agent (DAO treasury),Protocol-controlled address: Aragon Agent (DAO treasury),Ethereum,,,Blockscout top-holder analysis + on-chain verification
LDO,0x945755dE7EAc99008c8C57bdA96772d50872168b,Lido vesting multisig #1 (50M LDO),Protocol-controlled address: Lido vesting multisig #1 (50M LDO),Ethereum,,,Blockscout top-holder analysis + on-chain verification
LDO,0x695C388153bEa0fbE3e1C049c149bAD3bc917740,Lido vesting multisig #2 (50M LDO),Protocol-controlled address: Lido vesting multisig #2 (50M LDO),Ethereum,,,Blockscout top-holder analysis + on-chain verification
LDO,0xA2dfC431297aee387C05bEEf507E5335E684FbCD,Lido vesting multisig #3 (45.8M LDO),Protocol-controlled address: Lido vesting multisig #3 (45.8M LDO),Ethereum,,,Blockscout top-holder analysis + on-chain verification
LDO,0x1597D19659F3DE52ABd475F7D2314DCca29359BD,Lido vesting multisig #4 (45M LDO),Protocol-controlled address: Lido vesting multisig #4 (45M LDO),Ethereum,,,Blockscout top-holder analysis + on-chain verification
LDO,0xb8d83908AAB38a159F3dA47a59d84dB8e1838712,Lido vesting multisig #5 (31.1M LDO),Protocol-controlled address: Lido vesting multisig #5 (31.1M LDO),Ethereum,,,Blockscout top-holder analysis + on-chain verification
ARB,0xCaD7828a19b363A2B44717AFB1786B5196974D8E,Token Distributor (L2ReverseCustomGateway),Protocol-controlled address: Token Distributor (L2ReverseCustomGateway),Arbitrum,,,Blockscout top-holder analysis + on-chain verification
ARB,0x15533b77981cDa0F85c4F9a485237DF4285D6844,ArbitrumFoundationVestingWallet,Protocol-controlled address: ArbitrumFoundationVestingWallet,Arbitrum,,,Blockscout top-holder analysis + on-chain verification
ARB,0x140e4D8d4229D5437EfD6FC1BEeB86Cb2bCF9D98,DAO Treasury (SafeProxy via UpgradeExecutor),Protocol-controlled address: DAO Treasury (SafeProxy via UpgradeExecutor),Arbitrum,,,Blockscout top-holder analysis + on-chain verification
ARB,0xD6c8a4E72584f24bd5517AfeD6c01D21477C17f6,Security Council (GnosisSafeL2),Protocol-controlled address: Security Council (GnosisSafeL2),Arbitrum,,,Blockscout top-holder analysis + on-chain verification
ARB,0xef297424bbC64B21fB405532b58fe77299f1e1F4,Upgrade Executor Safe,Protocol-controlled address: Upgrade Executor Safe,Arbitrum,,,Blockscout top-holder analysis + on-chain verification
ARB,0xAe8cBcef7DE8664C3fF5BfC58536c183FfA60B51,Security Council v2 (GnosisSafeL2),Protocol-controlled address: Security Council v2 (GnosisSafeL2),Arbitrum,,,Blockscout top-holder analysis + on-chain verification
GRT,0xF55041E37E12cD407ad00CE2910B8269B01263b9,L1Staking proxy (GraphProxy),Protocol-controlled address: L1Staking proxy (GraphProxy),Ethereum,,,Blockscout top-holder analysis + on-chain verification
GRT,0xa5946A2C7A6C4232224b89a696AE51879bf5aED1,GraphTokenLockManager,Protocol-controlled address: GraphTokenLockManager,Ethereum,,,Blockscout top-holder analysis + on-chain verification
GRT,0x32Ec7A59549b9F114c9D7d8b21891d91Ae7F2ca1,GraphTokenLockSimple (749M GRT vesting),Protocol-controlled address: GraphTokenLockSimple (749M GRT vesting),Ethereum,,,Blockscout top-holder analysis + on-chain verification
OP,0x2501c477D0A35DAd0eAB9F1d4c8972bBa4DE1B18,Foundation (existing),Protocol-controlled address: Foundation (existing),Optimism,,,Blockscout top-holder analysis + on-chain verification
OP,0x2501c477D0A35545a387Aa4A3EEe4292A9a8B3F0,Foundation operating wallet (OLI tagged),Protocol-controlled address: Foundation operating wallet (OLI tagged),Optimism,,,Blockscout top-holder analysis + on-chain verification
OP,0xAcf32F4e1260636cf1e3066c060C74AD52fE4E9e,Grants locked (Foundation Safe 2022),Protocol-controlled address: Grants locked (Foundation Safe 2022),Optimism,,,Blockscout top-holder analysis + on-chain verification
OP,0x19793c7824Be70ec58BB673CA42D2779d12581BE,Grants unlocked (Foundation Safe 2023),Protocol-controlled address: Grants unlocked (Foundation Safe 2023),Optimism,,,Blockscout top-holder analysis + on-chain verification
OP,0x6ba2C3b591Ac4bE15cDA66b305Db4F03E7ff7C9f,Airdrop distributor (EIP-1167 proxy),Protocol-controlled address: Airdrop distributor (EIP-1167 proxy),Optimism,,,Blockscout top-holder analysis + on-chain verification
OP,0xADbF24E9968cdF7792E8823110Ae9F104d1B1809,Foundation safe v2 (created 2025-02),Protocol-controlled address: Foundation safe v2 (created 2025-02),Optimism,,,Blockscout top-holder analysis + on-chain verification
HYPE,0x2222222222222222222222222222222222222222,Burn address,Repeating-pattern burn/null address holding staked HYPE — not an individual holder,hyperliquid_l1,,,CONFIRMED_PATTERN (Hyperliquid known system address)
HYPE,0xfefefefefefefefefefefefefefefefefefefefe,Assistance Fund (system address),Protocol-controlled insurance/stability reserve — not an individual holder,hyperliquid_l1,,,CONFIRMED_DOCS (Hyperliquid documentation)
HYPE,0x43e9abea1910387c4292bca4b94de81462f8a251,Community rewards treasury,Protocol-controlled address holding 24.11% of total HYPE supply for community rewards,hyperliquid_l1,,,HIGH_ALLOCATION_MATH (genesis allocation math)
HYPE,0xd57ecca444a9acb7208d286be439de12dd09de5d,Hyper Foundation treasury,Hyper Foundation treasury holding 6.00% of total HYPE supply,hyperliquid_l1,,,HIGH_ALLOCATION_MATH (genesis allocation math)
HYPE,0x393d0b87ed38fc779fd9611144ae649ba6082109,Staking manager (system address),Protocol staking manager contract — holds staked HYPE on behalf of validators,hyperliquid_l1,,,CONFIRMED_LABEL (Hyperliquid on-chain label)
ATH,0xf9d9f4ae37d09d50a279058c008a4fa98b6336b6,VestingWallet,"Protocol-controlled vesting contract, tokens unvested",ethereum,,,Blockscout
ATH,0xa02ba54a0f9840bd286ddf1b4a9c5de08d8d8bbe,MerkleVester,Protocol-controlled merkle vesting contract,ethereum,,,Blockscout
ATH,0x148f010746c2999abc3fd5533746632ad9771948,TokenManagerProxy,Protocol token manager contract (Aethir),ethereum,,,Blockscout
ATH,0x8cc88d612bff8c7eeb7681481667c459c19bc25f,EigenLayer StrategyBase,"Restaking protocol contract, not governance participant",ethereum,,,Blockscout
ATH,0x3f69bb14860f7f3348ac8a5f0d445322143f7fee,AethirWrapper,Aethir protocol wrapper contract (impl: AethirWrapper),ethereum,,,Blockscout
BAL,0x2516e7b3f76294e03c42aa4c5b5b4dce9c436fb8,Aave v3 BAL aToken,"Lending protocol contract, BAL deposited as collateral not for governance",ethereum,,,Blockscout
BAL,0xbbbbbbbbbb9cc5e90e3b3af64bdaf62c37eeffcb,Morpho,"Lending protocol contract, not governance participant",ethereum,,,Blockscout
BAL,0x6d19b2bf3a36a61530909ae65445a906d98a2fa8,MerkleRedeem,Balancer liquidity mining distribution contract,ethereum,,,Blockscout
MOR,0x42bb446eae6dca7723a9ebdb81ea88afe77ef4b9,Morpheus_ai Builders (second contract),Protocol-controlled Morpheus Builders distribution contract identified via Dune labels (top-1000 re-pull May 2026); 20.18% of top-1000 supply pre-exclusion,Arbitrum,0.0524,0.0310,Dune labels.addresses lookup (May 2026 Round 1 revision top-1000 re-pull)
MOR,0x18b68344a9d235185ee3ec53d28e83260cc0282f,Monsta_vault GnosisSafe (protocol-controlled mint destination),Mint-funded multisig confirmed protocol-controlled: 18 mint transactions from zero address (4.17M MOR total); only Morpheus protocol minter can mint MOR to a destination; 31.20% of top-1000 supply pre-exclusion,Multichain (Arbitrum + Base + Ethereum),0.2531,0.0310,Dune transfer audit (May 2026 Round 1 revision top-1000 re-pull)
OP,0xf977814e90da44bfa03b6295a0616a897441acec,Binance 8 (exchange),Exchange custodian — customer OP deposits not governance votes (Class 5: CEX custody). Discovered via 2026-05-19 universal exclusion audit; CSV HHI 0.0091 reproduces with this exclusion (vs 0.0218 without).,ethereum,0.0218,0.0091,Etherscan address page + universal audit recompute
AXL,0x54d1774631980b22c85f13bfaf2f45291b22cbf9,Bithumb 162 (exchange),Exchange custodian — South Korean exchange operational wallet (Class 5: CEX custody). Discovered via 2026-05-19 universal exclusion audit.,ethereum,0.2024,0.0768,Etherscan name tag (hildobby compilation) + universal audit recompute
AXL,0x377b8ce04761754e8ac153b47805a9cf6b190873,Upbit 59 (exchange),Exchange custodian — South Korean exchange operational wallet (Class 5: CEX custody). Discovered via 2026-05-19 universal exclusion audit.,ethereum,,,Etherscan name tag (hildobby compilation)
AXL,0xd2ff2d432a0078672cf4f9e2e97858a33cbdeebc,Unlabeled EOA (113M AXL = 42 percent of post-listed-exclusion supply),"Production CSV-excluded; classification deferred. Etherscan shows EOA with 99.99 percent AXL allocation and active daily token transfers. Behavior consistent with either (a) an Axelar Foundation operational wallet that Etherscan has not labeled, (b) a vesting / distribution proxy, or (c) a large institutional position. CSV HHI 0.0275 reproduces exactly with this exclusion (vs 0.0768 without). Author judgment recommended on whether to formally classify or unexclude.",ethereum,0.0768,0.0275,Universal audit recompute + Etherscan EOA inspection
ZRO,0x8f6449530606a9efddac42e05612427ddeba449c,LayerZero Future Initiatives Multisig,Protocol-controlled treasury custody (Class 2: foundation / treasury custody). Safe multisig holding 106M ZRO (approximately 11.8 percent of post-listed-exclusion supply) for LayerZero strategic initiatives. Discovered via 2026-05-19 universal exclusion audit.,ethereum,0.0274,0.0189,Etherscan name tag + universal audit recompute
ZRO,0x744dbc48d11415ec5cb2f78609dea5e1e738da24,LayerZero GnosisSafeProxy multisig (69.5M ZRO),Protocol-controlled multisig holding 69.5M ZRO (Class 2: foundation / treasury custody; likely LayerZero protocol asset based on holding size and Safe-singleton architecture). Discovered via 2026-05-19 universal exclusion audit; CSV HHI 0.0143 reproduces with LayerZero Future Initiatives Multisig and this address both excluded.,ethereum,0.0189,0.0143,Etherscan + universal audit recompute
RPL,0xdead000000000000000042069420694206942069,Burn destination (Class 1),Canonical burn destination 0xdead000000000000000042069420694206942069 (chain-specific burn pattern). Discovered via 2026-05-19 universal burn-address sweep across 40 protocols.,Arbitrum,,,Universal burn-address sweep 2026-05-19
GMX,0xdead000000000000000042069420694206942069,Burn destination (Class 1),Canonical burn destination 0xdead000000000000000042069420694206942069 (chain-specific burn pattern). Discovered via 2026-05-19 universal sweep.,Arbitrum,,,Universal burn-address sweep 2026-05-19
GEOD,0x000000000000000000000000000000000000dead,Burn destination (Class 1),Canonical burn destination 0x000...dead (3.25 percent of top-1000 GEOD supply). Discovered via 2026-05-19 universal sweep.,Polygon,,,Universal burn-address sweep 2026-05-19
MOR,0x000000000000000000000000000000000000dead,Burn destination (Class 1),Canonical burn destination 0x000...dead (3.29 percent of top-1000 MOR supply). Discovered via 2026-05-19 universal sweep; closes the MOR residual gap surfaced in 2026-05-19 PCA audit (eee7a5a2).,Arbitrum,0.0449,0.0464,Universal burn-address sweep 2026-05-19
IO,11111111111111111111111111111111,Solana System Program / null destination (Class 1),Solana System Program address; treated as Class 1 burn destination for IO governance HHI computation. Cosmetic share.,Solana,,,Universal burn-address sweep 2026-05-19
GEOD,0xca3e874bc4e830796d822f529c29df30302324b2,GEODNET treasury / unallocated supply wallet (Class 2),"Unlabeled wallet holding 245M GEOD (24.95 percent of top-1000 supply) with no transaction history; Etherscan classification suggests treasury, development fund, or initial-allocation wallet. Class 2 (foundation/treasury custody) pending GEODNET disclosure.",Polygon,0.1325,0.1342,Etherscan + universal audit 2026-05-19
GTC,0x57a8865cfb1ecef7253c27da6b4bc3daee5be518,Gitcoin GTC Timelock (Class 2),Verified Gitcoin governance Timelock contract holding 12.5M GTC (17.58 percent of top-1000 supply); 2-day execution delay; governs sensitive Gitcoin DAO operations. Class 2 (protocol-controlled governance infrastructure).,ethereum,0.0766,0.0672,Etherscan verified contract label
ETHFI,0x7a6a41f353b3002751d94118aa7f4935da39bb53,Ether.Fi GnosisSafeProxy accumulator (Class 2),Safe smart contract wallet holding 173M ETHFI (19.02 percent of top-1000 supply; approximately $65M). Etherscan indicates institutional accumulator wallet; likely Ether.Fi protocol-controlled. Class 2 pending verification.,ethereum,0.0668,0.0466,Etherscan + universal audit 2026-05-19
IOTX,0x87c9dbff0016af23f5b1ab9b8e072124ab729193,IoTeX Staking contract (Class 3),"Verified Staking contract for IoTeX Network holding 1.97B IOTX (19.75 percent of top-1000 supply); manages bucket creation, stake/restake/unstake operations. Class 3 (staking-aggregation; analogous to stkAAVE).",ethereum,0.1065,0.1047,Etherscan verified contract label
ANYONE,0x0d9a1ca7bc756ae009672db626cde3c9bef583ef,Anyone Protocol and Staking (Class 3),Etherscan name tag 'Anyone Protocol and Staking'; ERC1967Proxy holding 12.3M ANYONE tokens (13.29 percent of top-1000 supply); handles DePIN protocol token + relay staking. Class 3 (staking-aggregation).,ethereum,0.0404,0.0302,Etherscan name tag
MKR,0x473d777f608c3c24b441ab6bd4bbca6b7f9af90b,MakerDAO LockstakeMigrator (Class 4),Verified LockstakeMigrator contract managing MakerDAO Lockstake engine position migrations; created by Sky: Deployer 8; holds 11.37 percent of top-1000 MKR supply. Class 4 (migration contract).,ethereum,0.0450,0.0409,Etherscan verified contract label
JUP,6tZT9AUcQn4iHMH79YZEXSy55kDLQ4VbA3PMtfLVNsFX,Jupiter team / strategic-reserve cold multisig (Class 2),Per Jupiter tokenomics docs: 4/7 Team Cold Multisig wallet holds 4B JUP across team allocation (20 percent of total supply) and strategic reserve (18.3 percent). 25.07 percent of top-1000 share consistent with team/strategic-reserve cold storage. Discovered via 2026-05-19 WebSearch audit; verification: Jupiter tokenomics documentation (jupresearch.com).,Solana,0.1166,0.0957,WebSearch + tokenomics documentation 2026-05-19
DRIFT,9Wiiyvy8zzbZmJwxevi5CHZKs2VSZW7fvJJjrixviLA6,Drift Foundation / Squads V4 multisig (Class 2),Per Drift Foundation governance docs: Drift Security Council ran on Squads V4 multisig with 2/5 signing threshold (subsequently re-deployed post-April 2026 exploit). 27.01 percent of top-1000 share consistent with Foundation treasury position. Discovered via 2026-05-19 WebSearch audit.,Solana,0.1011,0.0529,WebSearch + Drift Foundation governance docs
HNT,AguTdjmW5SkhepT9qsKsj29SEqiVKsJchsap6Kma9i98,Helium Foundation treasury / ecosystem distribution wallet (Class 2),Largest HNT holder per GeckoTerminal data + multiple Solana data sources. Web search confirms this address serves as treasury or distribution address for the Helium Foundation or ecosystem. 24.48 percent of top-1000 share consistent with Foundation treasury / migration-vesting position. Discovered via 2026-05-19 WebSearch audit.,Solana,0.1024,0.0745,GeckoTerminal + WebSearch 2026-05-19
FIL,f1m2swr32yrlouzs7ijui3jttwgc6lxa5n5sookhi,Filecoin Foundation / early-allocation reserve (Class 2),Per Filfox: 156M FIL balance with 212 messages since November 2020. Behavioral signature consistent with Foundation / early-allocation reserve (very high balance + very low transaction velocity = institutional holding). 18.01 percent of top-1000 share. Discovered via 2026-05-19 WebSearch audit; verification pending Filecoin Foundation address disclosure.,filecoin_native,0.0473,0.0221,Filfox behavioral signature 2026-05-19
META,4viadAyxnRpHyW2g2NEzjLwGGgLTQK2QBmniJJqXWpXN,MetaDAO protocol-controlled address (Class 2),Largest META token holder per CoinMarketCap data. MetaDAO is a futarchy fundraising and governance platform on Solana where META holders trade conditional markets rather than direct voting. 19.61 percent of top-1000 share. Discovered via 2026-05-19 WebSearch audit.,Solana,0.0482,0.0152,CoinMarketCap + MetaDAO documentation 2026-05-19
HONEY,ERo2hRAc4L83gW2TrFNKxpKgXh5PaWZHC1tqW9RgKLvN,Hivemapper Foundation treasury / mint authority (Class 2),Largest HONEY holder. Hivemapper Foundation runs HONEY token distribution per docs.hivemapper.com + hivemapperfoundation.org/honey. 6.48 percent of top-1000 share (small share; modest HHI impact). Discovered via 2026-05-19 WebSearch audit.,Solana,0.0175,0.0176,Hivemapper Foundation docs + WebSearch 2026-05-19
W,9WzDXwBbmkg8ZTbNMqUxvQRAyrZzDsGYdLVL9zYtAWWM,Binance hot wallet on Solana (Class 5 CEX custody),"Per multiple Solana data sources (GeckoTerminal pool data; community indexing): 9WzDXwBbmkg8ZTbNMqUxvQRAyrZzDsGYdLVL9zYtAWWM is a Binance custodial address holding multiple Solana tokens including W (Wormhole), ACT, BONK, Pnut. 7.04 percent of top-1000 W share. Discovered via 2026-05-19 WebSearch audit; verification: web search returned 'address is identified as Binance and holds significant amounts of various Solana tokens'.",Solana,0.0149,0.0102,Web search (Binance label) + universal audit
POKT,pokt132y5nzs4xahqy6cmzankn8mn4ec897j50wuzhr,POKT Network Foundation / Genesis reserve (Class 2 likely; behavioral signature),"Top-1 holder of POKT with 699.9M POKT (34.78 percent of top-1000 supply). Magnitude alone exceeds DAO Treasury (19.9M POKT per Pocket Network governance docs) by 35x, consistent with POKT Network Foundation reserve or Genesis allocation custody. Class 2 (foundation/treasury custody) pending Pocket Network Foundation address disclosure.",pokt_native,0.1592,0.0833,Behavioral signature + 2026-05-19 audit
LDO,0xf977814e90da44bfa03b6295a0616a897441acec,Binance 8 hot wallet (Class 5 CEX custody),Binance 8 hot wallet holds 11.26 percent of post-listed-exclusion LDO supply; exchange custodial. Discovered via 2026-05-19 deep top-5 holder audit.,ethereum,0.0377,,Etherscan name tag (Binance 8) + universal audit
COMP,0x73af3bcf944a6559933396c1577b257e2054d935,Robinhood 6 exchange (Class 5),Robinhood 6 exchange wallet holds 14.06 percent of post-listed-exclusion COMP supply. Discovered via 2026-05-19 deep top-5 holder audit.,ethereum,0.0292,,Etherscan name tag (Robinhood 6)
GTC,0x74be0cf1c9972c00ed4ef290e0e5bcfd18873f13,Bithumb 462 (Class 5),Bithumb 462 exchange wallet holds 13.97 percent of post-listed-exclusion GTC supply. Discovered via 2026-05-19 deep top-5 holder audit.,ethereum,0.0672,,Etherscan name tag (Bithumb 462)
GTC,0x4da8853217d0d5b59e8fcde36d1bebb0a1932a14,Coinbase Prime custody (Class 5),Coinbase Prime Custody Deposit Funder 1 funded this address holding 11.58 percent of post-listed-exclusion GTC. Custody account.,ethereum,,,Etherscan funding source (Coinbase Prime)
IO,9WzDXwBbmkg8ZTbNMqUxvQRAyrZzDsGYdLVL9zYtAWWM,Binance hot wallet on Solana (Class 5),Same Binance Solana wallet identified for Wormhole; also holds io.net IO at 10.42 percent of post-listed-exclusion supply.,Solana,0.1113,,Web search + universal audit
GMX,0x5a52e96bacdabb82fd05763e25335261b270efcb,Binance 19 (Class 5),Binance 19 exchange wallet holds 2.33 percent of post-listed-exclusion GMX supply.,arbitrum,,,Etherscan name tag
GMX,0xf977814e90da44bfa03b6295a0616a897441acec,Binance 8 (Class 5),Binance 8 hot wallet holds 2.28 percent of GMX supply.,arbitrum,,,Etherscan name tag
CRV,0x5a52e96bacdabb82fd05763e25335261b270efcb,Binance 19 (Class 5),Binance 19 holds 3.36 percent of post-listed-exclusion CRV supply.,ethereum,,,Etherscan name tag
AXL,0xa9d1e08c7793af67e9d92fe308d5697fb81d3e43,Coinbase 10 (Class 5),Coinbase 10 holds 2.51 percent of post-listed-exclusion AXL supply.,ethereum,,,Etherscan name tag
ETHFI,0x86b5780b606940eb59a062aa85a07959518c0161,ether.fi sETHFI staked-token contract (Class 3),Verified 'ether.fi: sETHFI Token' BoringGovernance contract holding 102M ETHFI (9.68 percent of supply); Class 3 staking-aggregation (analogous to stkAAVE).,ethereum,,,Etherscan verified contract name
IOTX,0x0000000000000000000000000000000000000001,IoTeX Genesis-burn precompile slot 0x01 (Class 1),Genesis-allocation address; Etherscan labels 0x000...004 as 'Null: 0x000...004' with 'Burn' + 'Genesis' tags. The 0x01 through 0x06 precompile slots each hold 10.04 percent of IOTX top-1000 supply consistent with IoTeX Ethereum-side bridge / Genesis burn pattern.,ethereum,,,Etherscan + universal audit (Genesis pattern verified at 0x04)
IOTX,0x0000000000000000000000000000000000000002,IoTeX Genesis-burn precompile slot 0x02 (Class 1),Genesis-allocation address; 10.04 percent IOTX supply; precompile/burn pattern.,ethereum,,,Etherscan universal audit
IOTX,0x0000000000000000000000000000000000000004,IoTeX Genesis-burn precompile slot 0x04 (Class 1; confirmed Null:0x004 + Burn + Genesis),Etherscan-confirmed Burn + Genesis label; holds 1B IOTX (10.04 percent of top-1000).,ethereum,,,Etherscan verified label
IOTX,0x0000000000000000000000000000000000000005,IoTeX Genesis-burn precompile slot 0x05 (Class 1),Genesis-allocation address; 10.04 percent IOTX supply.,ethereum,,,Etherscan universal audit
IOTX,0x0000000000000000000000000000000000000006,IoTeX Genesis-burn precompile slot 0x06 (Class 1),Genesis-allocation address; 10.04 percent IOTX supply.,ethereum,,,Etherscan universal audit
ENS,0xfe89cc7abb2c4183683ab71653c4cdc9b02d44b7,ENS DAO Wallet TimelockController (Class 2),Etherscan-verified 'ENS: DAO Wallet' TimelockController holding 9.7M ENS (10.37 percent post-listed-exclusion); governance treasury.,ethereum,,,Etherscan verified contract name
ENS,0x245445940b317e509002eb682e03f4429184059d,ENS treasury / distribution wallet (Class 2 likely),12.66M ENS holdings (13.29 percent post-listed-exclusion); pattern of consistent small ENS distributions consistent with treasury / distribution role. Class 2 pending verification.,ethereum,,,Etherscan + behavioral pattern
GEOD,0xfa5fed5cc2b6dd8f370651d17242c52ed711b14f,GEODNET Smart Account by Safe (Class 2 multisig),Safe singleton 1.3.0 Gnosis Safe multisig holding 118M GEOD (12.94 percent post-listed-exclusion); created Jan 2023; protocol-controlled.,Polygon,,,Etherscan verified Safe pattern
GEOD,0x2006b44684b2a579466fc04fabc5a535946bc7ab,GEODNET unlabeled treasury wallet (Class 2 likely),213M GEOD (20.91 percent post-listed-exclusion); 100 percent GEOD allocation; Class 2 pending GEODNET disclosure.,Polygon,,,Polygonscan + behavioral pattern
ANYONE,0x9642b23ed1e01df1092b92641051881a322f5d4e,MEXC 16 (Class 5),MEXC 16 verified exchange wallet holds 11.43 percent of post-listed-exclusion ANYONE supply.,ethereum,,,Etherscan name tag (MEXC 16)
ANYONE,0x6d6cc65e2060d0a280fcd47b6c22ec5636797fec,KuCoin 45 (Class 5),KuCoin 45 verified exchange wallet holds 5.91 percent of post-listed-exclusion ANYONE supply.,ethereum,,,Etherscan name tag (KuCoin 45)
MKR,0xbe8e3e3618f7474f8cb1d074a26affef007e98fb,Sky: MCD Pause Proxy (Class 2 governance),Etherscan-verified Sky/MakerDAO governance pause proxy contract; 7.38 percent of MKR supply at snapshot.,ethereum,,,Etherscan verified contract
AAVE,0xa700b4eb416be35b2911fd5dee80678ff64ff6c9,Aave: Ethereum AAVE V3 contract (Class 3),Etherscan-verified 'Aave: Ethereum AAVE V3' EIP-1967 proxy holding 823K AAVE; protocol-controlled.,ethereum,,,Etherscan verified contract
AAVE,0x494aa25fa055d370424ed9db3839e76ee3e9e945,Safe 1.4.1 multisig (Class 2 likely),Safe 1.4.1 smart account holding 790K AAVE ($70.5M); 5.70 percent of supply; Class 2 institutional multisig.,ethereum,,,Etherscan + Safe pattern
RENDER,0xb6e39e540e3472e927001bbbf77ffb5ab357b0e0,Render Safe multisig (Class 2 likely),Safe Singleton 1.3.0 multisig holding 14.76M RNDR ($27M); 10.41 percent of supply; Class 2 Render Foundation / Otoy treasury likely.,ethereum,,,Etherscan + Safe pattern
DIMO,0x00235af3dda000ba0e0ec440793b414d976a9e62,DIMO Safe 1.4.1 multisig (Class 2),Safe 1.4.1 multisig holding 38.7M DIMO; 6.66 percent of supply; Class 2 DIMO Foundation multisig.,Polygon,,,Polygonscan + Safe pattern
ATH,0xd5c3ee151560e1e5d423410b064bfb6ed3db9c5d,Kraken hot-wallet-funded address (Class 5),Funded by Kraken Hot Wallet 2 (74 days prior); 281M ATH (7.27 percent of supply); CEX-custody adjacent.,ethereum,,,Etherscan funding source
ATH,0x3e7e6c3d084879837310d26b30e52d4b56a8c2f4,Aethir Safe 1.4.1 multisig (Class 2 likely),Safe 1.4.1 smart account holding 3.08B ATH ($18.2M); 6.14 percent of supply; Class 2 Aethir treasury multisig likely.,ethereum,,,Etherscan + Safe pattern
BAL,0x4e9a9483bdfc66b83ff248754ef2f7035c78aef7,Coinbase Prime custody (Class 5),Coinbase Prime Custody Deposit Funder 1 funded this address holding 6.09 percent of BAL supply.,ethereum,,,Etherscan funding source
LDO,0x8fa129f87b8a11ee1ca35abd46674f8b66984d4a,Bybit-funded address (Class 5),Funded by Bybit Hot Wallet; 32M LDO holding (4.17 percent of supply); CEX-custody adjacent.,ethereum,,,Etherscan funding source
LDO,0x28c6c06298d514db089934071355e5743bf21d60,Binance 14 (Class 5),Binance 14 verified exchange wallet holding 1.00 percent of LDO supply.,ethereum,,,Etherscan name tag (Binance 14)
GTC,0x14d7cee42d4643f0c767a1d504d9ca24c890f86c,Gitcoin distribution wallet (Class 2 likely),Unlabeled wallet holding 6.7M GTC (8.80 percent of supply); systematic small GTC distributions; behavioral pattern consistent with Gitcoin Foundation distribution or vesting wallet.,ethereum,,,Etherscan + behavioral pattern
ATH,0xfc7825a20f5beee34506698f7843278156e0bea1,Aethir Safe 1.4.1 multisig (Class 2),Safe 1.4.1 smart account holding 1.01B ATH; 9 Exec Transaction calls; matches Class 2 typology already applied to 0x3e7e Aethir Safe multisig. Verified 2026-05-19 via Etherscan; cascade trigger: user-flagged audit of top-5 unidentified Aethir holders.,ethereum,0.0868,0.0948,Etherscan + Safe pattern (2026-05-19 verification cycle)
IOTX,0x0000000000000000000000000000000000000003,IoTeX Genesis-burn precompile slot 0x03 (Class 1),"Genesis-allocation address; same pattern as 0x01, 0x02, 0x04, 0x05, 0x06 precompile slots (each holds 10.04 percent of IOTX top-1000 supply); previously omitted from exclusion list (oversight). Universal-audit recompute 2026-05-19 closes this gap.",ethereum,0.1885,0.0810,Universal-audit 2026-05-19 (consistency with 0x01-0x06 pattern)
IOTX,0x0000000000000000000000000000000000000007,IoTeX Genesis-burn precompile slot 0x07 (Class 1; verified Burn+Genesis),"Etherscan-verified Burn + Genesis labels; receive-only pattern (all 10 transactions incoming, 0 outgoing) over 6+ year history; 748.2M IOTX (7.52 percent of top-1000 supply). Consistent with 0x01-0x06 precompile pattern but with smaller balance. Verified 2026-05-19 via Etherscan address page.",ethereum,0.1885,0.0810,Etherscan verified Burn+Genesis labels (2026-05-19)
ENS,0x690f0581ececcf8389c223170778cd9d029606f2,ENS Cold Wallet (Class 2 Safe Singleton 1.3.0),"Etherscan-labeled ""ENS: Cold Wallet""; Smart Account by Safe (Safe Singleton 1.3.0 implementation); created by nick.eth approximately 5 years ago. Holds 4.29M ENS (85.92 percent of its portfolio); 5.19 percent of top-1000 ENS supply. Class 2 (foundation/treasury custody). Verified 2026-05-19 via Etherscan address page; cold-storage designation suggests secure long-term holding rather than active operational use.",ethereum,0.0713,0.0494,Etherscan verified ENS Cold Wallet label (2026-05-19)
JUP,u6PJ8DtQuPFnfmwHbGFULQ4u4EgjDiyYKjVEsynXq2w,CEX hot wallet (cross-protocol; 5197 SPL tokens; memecoin dust + major-asset mix); Class 5,Verified Class 5 CEX custody via Sim API svm balances (5197 token balances; memecoin-dust + major-asset profile consistent with mechanical receipt of all listed-token transfers by a CEX). Cross-protocol presence in JUP + HNT + GRASS + RENDER_SOL top-10 (S13 addendum Finding F).,Solana,0.0957,0.1260,S13 Solana PCA audit addendum 2026-05-27 (Phase 5 continuation; Sim API verification 6 of 7 candidates Class 5; cascade 2026-05-27 cycle 2 audit + data-of-record gap closure per author authorization)
JUP,6FEVkH17P9y8Q9aCkDdPcMDjvj7SVxrTETaYEm8f51Jy,CEX hot wallet (cross-protocol; 1579 SPL tokens; memecoin + PYUSD stablecoin); Class 5,Verified Class 5 CEX custody via Sim API svm balances (1579 token balances; memecoin diversity + PYUSD stablecoin operational profile). Cross-protocol presence in JUP + HNT + RENDER_SOL (S13 addendum Finding F).,Solana,0.0957,0.1260,S13 Solana PCA audit addendum 2026-05-27 (Phase 5 continuation; Sim API verification 6 of 7 candidates Class 5; cascade 2026-05-27 cycle 2 audit + data-of-record gap closure per author authorization)
JUP,5tzFkiKscXHK5ZXCGbXZxdw7gTjjD1mBwuoFbhUvuAi9,CEX hot wallet (cross-protocol; 3807 SPL tokens; PENGU + ANIME + memecoin breadth); Class 5,Verified Class 5 CEX custody via Sim API svm balances (3807 token balances; PENGU + ANIME + memecoin breadth consistent with mid-tier CEX hot-wallet operational profile). Cross-protocol presence in JUP + RENDER_SOL + W (S13 addendum Finding F).,Solana,0.0957,0.1260,S13 Solana PCA audit addendum 2026-05-27 (Phase 5 continuation; Sim API verification 6 of 7 candidates Class 5; cascade 2026-05-27 cycle 2 audit + data-of-record gap closure per author authorization)
JUP,6LY1JzAFVZsP2a2xKrtU6znQMQ5h4i7tocWdgrkZzkzF,CEX hot wallet high-tier Binance or Coinbase pattern ($143M USDT + $38M USDC + $42M SOL + $11M RENDER + Backed Finance xStocks); Class 5,Verified Class 5 CEX custody via Sim API svm balances (481 token balances; high-tier institutional CEX operational profile with major-stablecoin + major-asset concentration + Backed Finance xStocks indicating Binance or Coinbase-tier exchange). Cross-protocol presence in JUP + RENDER_SOL (S13 addendum Finding F).,Solana,0.0957,0.1260,S13 Solana PCA audit addendum 2026-05-27 (Phase 5 continuation; Sim API verification 6 of 7 candidates Class 5; cascade 2026-05-27 cycle 2 audit + data-of-record gap closure per author authorization)
HNT,u6PJ8DtQuPFnfmwHbGFULQ4u4EgjDiyYKjVEsynXq2w,CEX hot wallet (cross-protocol; same address as JUP Class 5; 5197 SPL tokens); Class 5,Verified Class 5 CEX custody via Sim API svm balances (5197 token balances). Cross-protocol presence per JUP entry; appears in HNT top-1000 holder list.,Solana,0.0745,0.0874,S13 Solana PCA audit addendum 2026-05-27 (Phase 5 continuation; Sim API verification 6 of 7 candidates Class 5; cascade 2026-05-27 cycle 2 audit + data-of-record gap closure per author authorization)
HNT,6FEVkH17P9y8Q9aCkDdPcMDjvj7SVxrTETaYEm8f51Jy,CEX hot wallet (cross-protocol; same address as JUP Class 5; 1579 SPL tokens); Class 5,Verified Class 5 CEX custody via Sim API svm balances (1579 token balances). Cross-protocol presence per JUP entry; appears in HNT top-1000 holder list.,Solana,0.0745,0.0874,S13 Solana PCA audit addendum 2026-05-27 (Phase 5 continuation; Sim API verification 6 of 7 candidates Class 5; cascade 2026-05-27 cycle 2 audit + data-of-record gap closure per author authorization)
DRIFT,JCNCMFXo5M5qwUPg2Utu1u6YWp3MbygxqBsBeXXJfrw,CEX hot wallet (single-protocol DRIFT; 752 SPL tokens; memecoin pattern); Class 5,Verified Class 5 CEX custody via Sim API svm balances (752 token balances; memecoin diversity profile consistent with smaller CEX or specialized DRIFT-listing exchange). Single-protocol presence (DRIFT only per S13 addendum Finding F).,Solana,0.0529,0.0568,S13 Solana PCA audit addendum 2026-05-27 (Phase 5 continuation; Sim API verification 6 of 7 candidates Class 5; cascade 2026-05-27 cycle 2 audit + data-of-record gap closure per author authorization)
W,5tzFkiKscXHK5ZXCGbXZxdw7gTjjD1mBwuoFbhUvuAi9,CEX hot wallet (cross-protocol; same address as JUP Class 5; 3807 SPL tokens); Class 5,Verified Class 5 CEX custody via Sim API svm balances (3807 token balances). Cross-protocol presence per JUP entry; appears in Wormhole W top-1000 holder list.,Solana,0.0115,0.0117,S13 Solana PCA audit addendum 2026-05-27 (Phase 5 continuation; Sim API verification 6 of 7 candidates Class 5; cascade 2026-05-27 cycle 2 audit + data-of-record gap closure per author authorization)
UNI,0x4750c43867ef5f89869132eccf19b9b6c4286e1a,Uniswap Token Distributor (Merkle distributor for September 2020 airdrop; Class 1),Held 157.5M UNI (15.75 percent of 1B initial supply) at 2020-10-31 (rank-1 holder); distributed to approximately 250k addresses during the September 2020 to April 2021 claim window per Uniswap V1 docs; Class 1 distribution-mechanism PCA pending claim-window closure; surfaced cycle 1 F-4 of B2 R3 Phase 3 monthly panel cycle. Verified via Blockscout chain_id=1 contract-balance + transaction-history lookup 2026-05-27.,Ethereum,,,Cycle 1 F-4 b2_r3_phase3_cycle1_handoff_back_to_canonical_writer.md + Blockscout chain_id=1 verification 2026-05-27 + EC-2026-05-27-B2-DRIFT-Foundation-Pattern-Cross-Protocol-Candidate sister entry (sister cycle 1 PCA addition)
HONEY,EyBXvV7NfMSTaekeaNiq6hMoXSQQ6rDSXziUH5C6dkQ3,Hivemapper Foundation treasury / true behavioral-signature Foundation (Class 2; supersedes prior ERo2 attribution per EC-2026-05-27-B2-HONEY-Exclusion-Address-Wrong-Attribution),Sim API svm balances verification 2026-05-27 surfaces rank-1 HONEY holder at 7.04 percent of top-1000 supply share; 4 SPL tokens; focused 481.7M HONEY position; near-zero diversification (true Foundation-treasury behavioral pattern). Supersedes prior `ERo2hRAc4L83gW2TrFNKxpKgXh5PaWZHC1tqW9RgKLvN` entry at line 96 of this file (line 96 row labeled `Hivemapper Foundation treasury / mint authority (Class 2)` at 6.48 percent share is actually a memecoin-diversified holder pattern; 14 SPL tokens; not the true Foundation per Sim API + EC-2026-05-27-B2-HONEY-Exclusion-Address-Wrong-Attribution).,Solana,,,Sim API svm balances verification 2026-05-27 (S13 Phase 5 continuation cycle) + EC-2026-05-27-B2-HONEY-Exclusion-Address-Wrong-Attribution
IO,3EpUYHv8NzoD5EzqB74JTYUtva2c1wj3Wq3oR5gaLfGt,IO Class 2 PCA candidate (Foundation-treasury or strategic-reserve pattern; pending taxonomy classification),Helius getTokenLargestAccounts + getMultipleAccounts owner-resolution 2026-05-27 surfaces critical Class 2 PCA at 39.62 percent of top-1000 supply share; 38 SPL tokens behavioral profile; 234M IO position plus memecoin dust; focused single-token Foundation-treasury or strategic-reserve pattern. Materialized via newly-shipped IO_holders.csv (data-of-record gap closure per EC-2026-05-27-B2-IO-Holder-Data-Gap-Resolved; canonical regression dataset preserved IO HHI=0.125136 chain=`solana` but IO_holders.csv was missing from data/raw/holder_lists/).,Solana,,,Helius getTokenLargestAccounts + getMultipleAccounts owner-resolution 2026-05-27 (S13 Phase 5 continuation cycle) + EC-2026-05-27-B2-IO-Holder-Data-Gap-Resolved
JUP,AC5RDfQFmDS1deWZos921JfqscXdByf8BKHs5ACWjtW2,Class 5 CEX hot wallet (WLFI-aligned high-tier; politically-affiliated stablecoin custody sub-cluster candidate); cross-protocol JUP + META + DRIFT,Verified Class 5 CEX custody via Sim API svm balances 2026-05-27 (2434 SPL token balances; $98M real USD value; USD1 World Liberty Financial stablecoin $51.7M dominant + PUMP $23.2M + Backed Finance xStocks integration CRCLx $4.66M + TSLAx $3.19M + HOODx $361k matching F-B2-16 u6PJ8DtQuPF... Binance/Coinbase-tier signature). Resolved from JUP_full.csv at JUP rank-3 2024-02-29 holding 29.5M JUP per sibling-clone Phase 3 cycle 2c data. WLFI-integration sub-cluster (politically-affiliated stablecoin custody) methodologically distinct from generic Binance/Coinbase-tier; candidate F-B2-23 dedicated finding pending 2nd anchor per DEC-107 1-of-N strict. PCA exclusion applies to JUP + META + DRIFT historical panels; HHI recomputation triggered for next-cycle B2 R3 cross-section refresh.,Solana,,,Sim API svm balances verification 2026-05-27 (B2 R3 Phase 5 Item 2 Sim API ship-cascade closure cycle; PID 80223 follow-on after author Sim API key procurement at commit dcc7df4f) + F-B2-16 KEY_FINDINGS.md Status status-append (this cycle) + exhibit JSON snapshots at research_content/papers/B2_governance_concentration/exhibits/solana_pca_sim_verification_2026-05-27/sim_AC5RDfQF_full.json+_p2.json+_p2000.json
WLFI,0x74b4f6a2e579d730aacb9dd23cfbbaeb95029583,World Liberty Financial: Unlock Contract,Etherscan public name tag; protocol vesting/unlock smart contract (45.9B WLFI; n=2 tokens; 100% WLFI-dominant) [Class 2],ethereum,,,Cycle5+ Phase 5+ Item 5 cohort extension (Sim API + Etherscan attribution; S21 4-property signature)
WLFI,0x5be9a4959308a0d0c7bc0870e319314d8d957dbb,World Liberty: Multisig,Etherscan public name tag; Safe Singleton 1.3.0 multisig (12.6B WLFI; n=149 tokens but 99.5% WLFI-dominant; Foundation treasury pattern) [Class 2],ethereum,,,Cycle5+ Phase 5+ Item 5 cohort extension (Sim API + Etherscan attribution; S21 4-property signature)
WLFI,0x4af8911204909f6b234da8deb3680738ef967bf9,WLFI Foundation/team allocation (unverified),Single-WLFI behavioral signature; 3.58B WLFI; n=1 token; 100% WLFI-dominant; clean Foundation/team allocation pattern (Etherscan name tag pending verification) [Class 2],ethereum,,,Cycle5+ Phase 5+ Item 5 cohort extension (Sim API + Etherscan attribution; S21 4-property signature)
WLFI,0xf977814e90da44bfa03b6295a0616a897441acec,Binance 8 (canonical CEX),Canonical CEX exchange custodian (1.78B WLFI; n=93 tokens with major-asset diversity; cross-protocol also ENA rank-8 + canonical across N=40) [Class 5],ethereum,,,Cycle5+ Phase 5+ Item 5 cohort extension (Sim API + Etherscan attribution; S21 4-property signature)
WLFI,0x9e8f9a6ea64cbba627749de83c32d2096ba0c787,PAIRED-cluster with 0xd250b488 (1B WLFI each),Sister-cluster paired-set pattern per Cycle 4 S21 codification candidate; n=1 token; 1B WLFI exact; PAIRED with rank-10 (identical balance; identical USD $58.43M) [Class 3],ethereum,,,Cycle5+ Phase 5+ Item 5 cohort extension (Sim API + Etherscan attribution; S21 4-property signature)
WLFI,0xd250b4888433cc080f510f243b24aea2413e89ef,PAIRED-cluster with 0x9e8f9a6e (1B WLFI each),Sister-cluster paired-set pattern per Cycle 4 S21 codification candidate; n=6 tokens; 1B WLFI exact; PAIRED with rank-9 (identical balance; identical USD $58.43M) [Class 3],ethereum,,,Cycle5+ Phase 5+ Item 5 cohort extension (Sim API + Etherscan attribution; S21 4-property signature)
ENA,0xb805ef84dd9c7de96d8fe79c1b6f2ca52e890936,Ethena Foundation/treasury candidate (Coinbase Prime funded),Coinbase Prime custody deposit funder source; n=5 tokens; 99.95% ENA-dominant ($142.6M ENA + $73 ETH dust); behavioral signature consistent with Foundation/team treasury (pending Ethena docs cross-reference) [Class 2],ethereum,,,Cycle5+ Phase 5+ Item 5 cohort extension (Sim API + Etherscan attribution; S21 4-property signature)
ENA,0xf977814e90da44bfa03b6295a0616a897441acec,Binance 8 (canonical CEX),Canonical CEX exchange custodian (762M ENA; cross-protocol also WLFI rank-7 + canonical across N=40) [Class 5],ethereum,,,Cycle5+ Phase 5+ Item 5 cohort extension (Sim API + Etherscan attribution; S21 4-property signature)
PUMP,Cfq1ts1iFr1eUWWBm8eFxUzm5R3YA3UvMZznwiShbgZt,Pump.fun Foundation/treasury candidate,365B PUMP (42.6% top-1); $769M total USD; 97% PUMP-dominant; n=85 tokens with PUMP/PUMP/memecoin dust; large allocation signature consistent with Foundation reserve [Class 2],solana,,,Cycle5+ Phase 5+ Item 5 cohort extension (Sim API + Etherscan attribution; S21 4-property signature)
PUMP,8UhbNoBXmGoxJr2TeWW8wmSMoWmjS2rTT2tVJxzuTogC,Pump.fun team/treasury (exact 80B PUMP allocation),Exact 80B PUMP (9.3%); $149M total USD; 98% PUMP-dominant; n=67 tokens; round-number allocation signature [Class 2],solana,,,Cycle5+ Phase 5+ Item 5 cohort extension (Sim API + Etherscan attribution; S21 4-property signature)
PUMP,9pkFKCR1mdS31JxjKdtmWg2awZUg6vJUYVY722DAcXzv,Pump.fun team/treasury (exact 35B PUMP allocation),Exact 35B PUMP (4.08%); n=53 tokens; round-number allocation pattern sister to ranks 2/4/5 [Class 2],solana,,,Cycle5+ Phase 5+ Item 5 cohort extension (Sim API + Etherscan attribution; S21 4-property signature)
PUMP,9WzDXwBbmkg8ZTbNMqUxvQRAyrZzDsGYdLVL9zYtAWWM,Cross-protocol Solana whale / institutional hot wallet,CROSS-PROTOCOL: also BONK rank-1 (8.78%; 7T BONK); n=1000 SPL tokens with memecoin diversity (Duff/PainPain/V2/DeepSeek/TRUMP); high-tier Class 5 deposit-collection signature per S21 + Cycle 4 cross-protocol anchor pattern [Class 5],solana,,,Cycle5+ Phase 5+ Item 5 cohort extension (Sim API + Etherscan attribution; S21 4-property signature)
PUMP,BBvQteuawKB2UtExfevL8HYLjWWsgmWXsp922vFbvCfT,PAIRED-cluster with GTeSSwov (25B PUMP each; identical USD),Sister-cluster paired-set pattern per Cycle 4 S21 codification candidate; 25B PUMP exact; identical $45.92M USD with PAIRED rank-7; n=40 tokens [Class 3],solana,,,Cycle5+ Phase 5+ Item 5 cohort extension (Sim API + Etherscan attribution; S21 4-property signature)
PUMP,GTeSSwovPiVirpvWJpThUWiLDSLsuApmJw621Yom3MhB,PAIRED-cluster with BBvQteuaw (25B PUMP each; identical USD),Sister-cluster paired-set pattern per Cycle 4 S21 codification candidate; 25B PUMP exact; identical $45.92M USD with PAIRED rank-6; n=38 tokens [Class 3],solana,,,Cycle5+ Phase 5+ Item 5 cohort extension (Sim API + Etherscan attribution; S21 4-property signature)
JTO,5eosrve6LktMZgVNszYzebgmmC7BjLK8NoWyRQtcmGTF,Jito Foundation/treasury candidate,209M JTO (21.4% top-1); $111.9M total USD; 99% JTO-dominant; n=46 tokens; ezSOL + kySOL + SOL dust consistent with Jito operational positions; Class 2 single-protocol-dominant signature [Class 2],solana,,,Cycle5+ Phase 5+ Item 5 cohort extension (Sim API + Etherscan attribution; S21 4-property signature)
JTO,CsWayfMjUmFU4Cbndn1QyciPhfNgirRJGPkS2h2LSUyK,PAIRED-cluster with Ad5i15ft (20M JTO each; identical USD),Sister-cluster paired-set pattern per Cycle 4 S21 codification candidate; 20M JTO exact; identical $10.58M USD with PAIRED rank-8; n=30 tokens [Class 3],solana,,,Cycle5+ Phase 5+ Item 5 cohort extension (Sim API + Etherscan attribution; S21 4-property signature)
JTO,Ad5i15ft4QwmXMvJ721WQdCZwwinMr5X5bmPkfEQhT31,PAIRED-cluster with CsWayfMj (20M JTO each; identical USD),Sister-cluster paired-set pattern per Cycle 4 S21 codification candidate; 20M JTO exact; identical $10.58M USD with PAIRED rank-7; n=33 tokens [Class 3],solana,,,Cycle5+ Phase 5+ Item 5 cohort extension (Sim API + Etherscan attribution; S21 4-property signature)
BONK,9WzDXwBbmkg8ZTbNMqUxvQRAyrZzDsGYdLVL9zYtAWWM,Cross-protocol Solana whale / institutional hot wallet,CROSS-PROTOCOL: also PUMP rank-5; n=1000 SPL tokens; high-tier Class 5 per S21 + Cycle 4 cross-protocol anchor pattern [Class 5],solana,,,Cycle5+ Phase 5+ Item 5 cohort extension (Sim API + Etherscan attribution; S21 4-property signature)
BONK,AGkGWK1R669KDT4FCqgDgK7PgahGJPjD4J9xmVjuL9kn,Mid-tier Class 5 (memecoin-diverse Solana wallet),n=328 tokens with RODAI/DM1000x/HBRD/Bonk memecoin diversity; 4.4T BONK (5.55%); behavioral signature consistent with Solana memecoin-focused hot wallet (sister to BONK rank-4 same pattern) [Class 5],solana,,,Cycle5+ Phase 5+ Item 5 cohort extension (Sim API + Etherscan attribution; S21 4-property signature)
BONK,7Lp4JBapgNhXoxpJtR2twufh7oaQyqngqJpy7HFJcn7h,Mid-tier Class 5 (memecoin-diverse Solana wallet),n=204 tokens with DM1000x/Bonk/NASUA/KANGA memecoin diversity; 3.4T BONK (4.22%); sister to rank-3 behavioral signature [Class 5],solana,,,Cycle5+ Phase 5+ Item 5 cohort extension (Sim API + Etherscan attribution; S21 4-property signature)
BONK,1tjoQzWg21ceMAhyLVs4s2Zc1Pm27mLTcJ9EfEFu7km,PAIRED-cluster with GJ8HjXMq (2.68T BONK each; identical USD),Sister-cluster paired-set pattern per Cycle 4 S21 codification candidate; 2.683756830161e12 BONK exact; identical $16.07M USD with PAIRED rank-8; n=24 tokens [Class 3],solana,,,Cycle5+ Phase 5+ Item 5 cohort extension (Sim API + Etherscan attribution; S21 4-property signature)
BONK,GJ8HjXMqQ79WRvxeAMRMng4ZTaohPcF1MZmBf9tVPpXA,PAIRED-cluster with 1tjoQzWg (2.68T BONK each; identical USD),Sister-cluster paired-set pattern per Cycle 4 S21 codification candidate; 2.683756830161e12 BONK exact; identical $16.07M USD with PAIRED rank-7; n=44 tokens [Class 3],solana,,,Cycle5+ Phase 5+ Item 5 cohort extension (Sim API + Etherscan attribution; S21 4-property signature)
KMNO,GvXkGJiAnGv9wBW6XTD9ALYNFWsjJhQ4aA3NBbAEiRVU,Kamino Foundation/treasury candidate,2.41B KMNO (24.2% top-1); $48.25M total USD; 99.99% KMNO-dominant; n=18 tokens with XI/666X dust; clean Class 2 single-protocol-dominant signature [Class 2],solana,,,Cycle5+ Phase 5+ Item 5 cohort extension (Sim API + Etherscan attribution; S21 4-property signature)
