protocol,token,category,chain,measurement_type,hhi,gini,top1_pct,top5_pct,top10_pct,n_holders,total_balance_top1000,source,query_id,notes,team_pct,investor_pct,community_pct,treasury_pct,insider_pct,revenue_annual_usd,revenue_source,fdv_usd,market_cap_usd,incentives_annual_usd,subsidy_ratio,treasury_usd,active_devices,maturity_years,log_revenue,log_fdv,log_treasury,log_incentives,regression_ready,other_pct,subsidy_ratio_onchain,revenue_onchain_usd,emissions_onchain_usd,revenue_source_onchain
Compound,COMP,DeFi,ethereum,governance_token,0.009223,0.8363,3.45,13.34,20.82,995,7009085.5,Dune,,,26.0,24.0,42.0,8.0,50.0,4883808.3,token_terminal_live,176200000.0,170272531.0,5545006.1,1.1353856989022275,6693806.0,,6.0,15.401435862828157,18.987130271466352,15.716693179156271,15.52840827885617,True,0.0,1.1353856989022275,4883808.3,5545006.1,tt_methodology_cross_walked_dune_poc
MakerDAO,MKR,DeFi,ethereum,governance_token,0.040408,0.8788,13.92,37.56,50.65,998,947368.0,Dune,,,40.0,17.5,42.5,0.0,57.5,349334677.5,token_terminal_live,165536920.0,0.0,0.0,0.0,280011916.0,,9.0,19.67154098197509,18.924704809473393,19.45034271737085,,True,0.0,0.0,349334677.5,0.0,tt_methodology_cross_walked
Aave,AAVE,DeFi,ethereum,governance_token,0.012790,0.8273,4.32,17.10,27.68,997,9261258.8,Dune,,; HHI revised after exclusion of protocol-controlled address,0.0,0.0,81.25,18.75,0.0,135365013.7,token_terminal_live,1562720000.0,1481437372.0,50181033.0,0.3707090305565418,155544120.0,,6.0,18.723485492882094,21.16969372966344,18.862439979243383,17.731147684581458,True,0.0,0.3707090305565418,135365013.7,50181033.0,tt_methodology_cross_walked_multi_chain
Uniswap,UNI,DeFi,ethereum,governance_token,0.009784,0.8151,4.25,14.45,22.85,998,542359731.9,Dune,,; HHI revised after exclusion of UNI Timelock and universal burn-rule (0x000...dead burn address; applied in May 2026 Round 1 revision),21.27,18.04,60.0,0.0,39.31,10628912.4,token_terminal_live,3150380914.3403997,2223202852.0,36533248.0,3.437157690753007,1038873281.0,,6.0,16.179088430878597,21.87078920766052,20.76140257916157,17.41373330804093,True,0.69,3.437157690753007,10628912.4,36533248.0,tt_methodology_cross_walked_fee_switch_inactive
Curve,CRV,DeFi,ethereum,governance_token,0.014418,0.7906,6.60,20.30,31.17,990,981171020.2,Dune,,veCRV caveat: voting power != raw holdings; Convex controls ~47% of veCRV R2 calibration 2026-05-18: Top-10% updated 60.66 to 34.4 per PAPER.md Table 4 raw CRV value. Path B universal ATH convention 2026-05-19: Top-1% = 6.75% (top-1 share); Top-5% = 23.15% (top-5 share; was 53.08 likely from veCRV computation; fixes Top-5%>Top-10% mathematical impossibility); Top-10% = 34.39% (top-10 share).,3.0,27.0,62.0,5.0,30.0,30717716.8,token_terminal_live,514889206.0882199,324541384.0,70500548.3,2.295110302599052,96000000.0,,6.0,17.240350140564995,20.05946230167413,18.37985874943211,18.071131045057214,True,3.0,2.295110302599052,30717716.8,70500548.3,tt_methodology_cross_walked_gauge_emissions
Rocket Pool,RPL,DeFi,ethereum,governance_token,0.039154,0.8748,11.53,37.69,52.71,998,10480240.5,Dune,,,9.0,32.4,46.6,12.0,41.4,37248720.0,defillama_fees_proxy,37659075.116,37570638.0,,,56298.0,,9.0,17.433128139783335,17.444084522102543,10.938414289518104,,True,0.0,,,,
Jupiter,JUP,DeFi,solana,governance_token,0.095708,0.9753,25.96,52.06,69.32,999,308662276.3,Dune,,SPL token,20.0,0.0,50.57,19.04,20.0,840360.7,token_terminal_live,1054863684.545594,545012815.0,,,300000000.0,,2.0,13.64158648341356,20.77667738656472,19.519293032620475,,True,10.39,,,,
Maple Finance,MPL_SYRUP,DeFi,ethereum,governance_token,0.024243,0.8843,8.47,28.75,40.64,998,9131406.2,Dune,,Merged: MPL (0x333...) + SYRUP (0x643...). MPL migrated to SYRUP Apr 2025 (1 MPL = 100 SYRUP). Collect both; normalize SYRUP by /100 to MPL-equivalent; merge holder lists by address.,25.0,26.0,30.0,14.0,51.0,13280707.6,token_terminal_live,1836910.0,321109.0,0.0,0.0,9309078.0,,5.0,16.401822983725598,14.423595370073826,16.0465006110516,,True,5.0,0.0,13280707.6,0.0,tt_methodology_cross_walked
GMX,GMX,DeFi,arbitrum,governance_token,0.064722,0.9248,20.09,44.69,59.33,996,3479204.5,Dune,,esGMX excluded; GMX only,1.89,7.55,60.37,0.0,9.44,28797065.7,token_terminal_live,65090528.477699995,65038289.0,175053.8,0.0060788762932884,44000000.0,,5.0,17.175784054498838,17.991289604699816,17.599700191882537,12.0728486342306,True,30.19,0.0060788762932884,28797065.7,175053.8,tt_methodology_cross_walked_arbitrum_avalanche
Drift,DRIFT,DeFi,solana,governance_token,0.052914,0.9190,19.30,39.03,49.10,999,726262485.1,Dune,,SPL token; governance via Realms,25.0,22.0,53.0,0.0,47.0,7759944.0,defillama_fees_proxy,63874000.0,37048496.0,,,45000000.0,,2.0,15.864485675638518,17.972422950788292,17.622173047734595,,True,0.0,,,,
Ether.Fi,ETHFI,DeFi,ethereum,governance_token,0.041725,0.9286,15.65,36.20,47.79,998,649066824.2,Dune,,,23.26,32.5,11.0,27.24,55.76,49226494.1,token_terminal_live,468284425.987029,369164093.0,11794198.6,0.2395904647615357,35000000.0,,2.0,17.711942534492017,19.96458641711353,17.37085861945369,16.283118324471523,True,6.0,0.2395904647615357,49226494.1,11794198.6,tt_methodology_cross_walked
The Graph,GRT,L1_L2_Infra,ethereum,governance_token,0.032983,0.8710,13.11,31.30,40.22,996,6157513928.6,Dune,,; HHI revised after exclusion of protocol-controlled address,22.25,32.9,13.47,19.64,55.15,353715.5,token_terminal_live,256892891.29000208,256162157.0,17642151.0,49.87666924406762,15000000.0,,6.0,12.7762481966818,19.364169790580103,16.523560759066484,16.6858015398845,True,11.74,49.87666924406762,353715.5,17642151.0,tt_methodology_cross_walked_arbitrum
Optimism,OP,L1_L2_Infra,optimism,governance_token,0.009281,0.7700,5.73,15.02,20.97,993,1816679281.3,Dune,,"Token is on Optimism L2, not Ethereum mainnet; HHI revised after exclusion of protocol-controlled address",19.0,17.0,64.0,0.0,36.0,12642753.9,token_terminal_live,464049741.49632,228794474.0,95637974.5,7.564647327351677,600000000.0,,4.0,16.352594794787805,19.955502305945547,20.21244021318042,18.37608052195289,True,0.0,7.564647327351677,12642753.9,95637974.5,tt_methodology_cross_walked_l2_sequencer
Polygon,POL,L1_L2_Infra,ethereum,governance_token,0.034750,0.9195,12.06,31.44,49.50,998,3305557699.0,Dune,,POL replaced MATIC Sept 2024,16.0,26.8,23.33,21.86,42.8,8669743.3,token_terminal_live,971169246.0020978,970844394.0,22436653.8,2.58792596546659,255000000.0,,6.0,15.975349740475266,20.69401131179006,19.3567741031227,16.92620650985257,True,12.01,2.58792596546659,8669743.3,22436653.8,tt_methodology_cross_walked_multi_chain_pos_zkevm
Arbitrum,ARB,L1_L2_Infra,ethereum,governance_token,0.011914,0.7326,8.60,16.06,22.42,993,5379582474.6,Dune,,; HHI revised after exclusion of protocol-controlled address,26.94,17.53,12.75,42.78,44.47,22011319.5,token_terminal_live,926030000.0,559249324.0,0.0,0.0,2600000000.0,,3.0,16.90706740172843,20.64641718949387,21.678777281973847,,True,0.0,,,,
ENS,ENS,L1_L2_Infra,ethereum,governance_token,0.049364,0.8644,16.84,38.44,45.19,996,24391100.1,Dune,,"R2 canonical 2026-05-19 (universal-audit cascade): HHI/Gini recomputed after adding ENS Cold Wallet 0x690f0581 (4.29M ENS, 5.2 percent) to exclusions. Verified as Safe Singleton 1.3.0 Smart Account by Safe with Etherscan label ""ENS: Cold Wallet""; created by nick.eth. Pre-cascade HHI was 0.071 with 3-exclusion methodology.",25.0,0.0,25.0,50.0,25.0,1623516.0,defillama_fees_proxy,560000000.0,214780224.0,,,357517371.0,,5.0,14.300104725727476,20.14344734169347,19.69469450912766,,True,0.0,,,,
DIMO,DIMO,DePIN,polygon,governance_token,0.024943,0.8520,5.86,22.62,39.30,998,239482141.1,Dune,,,22.4,7.6,44.95,25.0,30.0,,missing,15432380.0,7663204.0,,,,184183.0,4.0,,16.551978457422127,,,True,0.05,5.04,510045.0,2570643.27,foundation_dashboard_159676_dcx_purchase_wallet_inflow_path_b_2026-05-24
IoTeX,IOTX,DePIN,ethereum,governance_token,0.080958,0.9608,12.29,56.57,80.87,992,2989071138.0,Dune,,"R2 canonical 2026-05-19 (universal-audit cascade): HHI/Gini recomputed from IOTX_holders.csv applying 7-precompile + staking exclusion methodology. Added 0x03 (1B IOTX) + 0x07 (748M IOTX) Genesis-burn precompile slots to exclusions consistent with 0x01,02,04,05,06 pattern (all 7 precompile slots are Etherscan-labeled Burn+Genesis addresses with receive-only patterns; 0x07 verified 2026-05-19). Pre-cascade HHI was 0.189 with 5-precompile exclusion (oversight: 0x03 not in log; 0x07 also missed in initial audit).",15.0,24.0,6.0,25.0,39.0,88154.6,token_terminal_live,43701640.803689584,43700433.0,3442561.5,39.05141081690575,,9300.0,8.0,11.386847370242142,17.592896206356134,,15.05172637434912,True,30.0,27.8,135000.0,3750000.0,Token Terminal (IoTeX L1 native chain)
WeatherXM,WXM,DePIN,arbitrum,governance_token,0.147854,0.8946,34.98,60.98,77.92,999,14286845.9,Dune,,,0.0,30.0,55.0,10.0,30.0,,missing,1594566.0,497517.0,,,,9813.0,2.0,,14.282112156861595,,,True,5.0,,,,
Anyone Protocol,ANYONE,DePIN,ethereum,governance_token,0.012789,0.7096,4.68,19.98,30.10,997,59179715.3,Dune,,,10.0,0.0,10.0,25.0,10.0,,missing,12880000.0,,,,,6000.0,2.0,,16.371186278640483,,,True,55.0,,,,
Grass,GRASS,DePIN,solana,governance_token,0.035201,0.7603,16.01,30.67,38.17,1000,6066697989.9,Dune,,SPL token,22.0,25.2,30.0,22.8,47.2,,missing,285511000.0,161220686.0,,,,3000000.0,2.0,,19.469791115214793,,,True,0.0,,,,
Livepeer,LPT,DePIN,arbitrum,governance_token,0.198868,0.9416,42.87,63.11,73.71,998,1325973.4,Dune,,Previously excluded; retry,12.35,19.0,63.44,5.0,31.35,0.0,token_terminal_live,102359246.373,102463381.0,57373122.0,,,100.0,8.0,,18.443999206714103,,17.865086493783135,True,0.21,88.5,838701.0,74200000.0,
Helium,HNT,DePIN,solana,governance_token,0.074465,0.9792,16.47,51.47,76.39,999,22223854.1,Dune,,SPL token; governance via HIPs,,,,,,13164903.9,token_terminal_live,197306985.95583,197286767.0,,,,164171.0,7.0,16.39306505122772,19.10027137815024,,,True,,2.15,14638521.73,31525537.57,on_chain_direct_helium_dc_burn_dune_extracted_2026-05-19
GEODNET,GEOD,DePIN,polygon,governance_token,0.060457,0.9077,16.24,47.60,62.31,996,372572073.7,Dune,,Polygon-side governance; Wormhole NTT bridge aggregates Solana holders,25.0,25.0,35.0,0.0,50.0,9194616.0,defillama_fees_proxy,136880402.92892703,60244202.0,,,,21135.0,3.0,16.034128653321428,18.73461813120933,,,True,15.0,4.51,3128868.5,14103933.0,path_b_canonical_dune_burn_to_dead_rev_plus_dune_query_7542071_geodnet_console_emit_net_flow_2026-05-19_dec172
Filecoin,FIL,DePIN,filecoin_native,governance_token,0.022086,0.7431,9.28,24.60,35.61,999,696450383.3,API,,ERC-20 representation (eFIL) has only ~155 holders; MUST use Filfox rich list API | EXCLUDED-FROM-HHI-CROSS-SECTION-PER-CHAIN-HISTORY-DEPTH-CEILING-2026-05-27 (sub-batch 2d HALT-B; Glif RPC 14d + NowNodes ~30-50d ceilings insufficient for T-24m; longitudinal panel deferred per author 'FIL and POKT will be excluded' Wave 1 Phase 1; T+0 cross-section row retained as audit-trail-of-record),15.0,7.5,55.0,5.0,22.5,2877881.9,token_terminal_live,1621690644.94029,633356445.0,55193596.7,19.178548188513226,,3000.0,6.0,14.872565130146194,21.206735049998297,,17.826357502706998,True,17.5,46.05,2874197.0,132350157.0,spacescope_burnt_fil_per_day_plus_tokenomist_baseline_simple_minting_path_b_2026-05-24
Render,RENDER,DePIN,solana,governance_token,0.026753,0.8842,9.87,27.67,43.15,999,127068487.9,Dune,,Merged: Solana RENDER (rndriz...) + Ethereum RNDR (0x6De...). Both are 1:1 same token. Collect both chains; merge holder lists by unique address. Primary distribution on Solana.,23.3,18.29,16.67,0.0,41.59,,missing,906955838.293,883569990.0,,,,1140.0,9.0,,20.625604317029634,,,True,41.74,9.83,3000000,29500000,on_chain_direct_bme_methodology_foundation_dashboard_extracted_2026-05-19
Pokt Network,POKT,DePIN,pokt_native,governance_token,0.089859,0.9441,25.65,52.18,66.70,999,1312737543.9,API,,Primary: POKTscan API for native POKT holders. Secondary: wPOKT on Ethereum (0x67F...). Use POKTscan as primary source. | EXCLUDED-FROM-HHI-CROSS-SECTION-PER-CHAIN-HISTORY-DEPTH-CEILING-2026-05-27 (sub-batch 2d HALT-B; Shannon chain genesis 2025-03-28 with archive-pruning below height 500K; only ~9-10 months Shannon-era coverage; pre-Shannon Morse legacy methodology out-of-scope; longitudinal panel deferred per author 'FIL and POKT will be excluded' Wave 1 Phase 1; T+0 cross-section row retained as audit-trail-of-record),46.85,34.83,2.2,16.1,81.68,22151.4,token_terminal_live,29109169.072158977,24904074.0,169151.9,7.636171980100579,,14000.0,6.0,10.005655978893513,17.186563770902143,,12.038552406779528,True,0.0,7.636171980100579,22151.4,169151.9,tt_methodology_cross_walked_unreliable_post_shannon (pre-cycle flag: UNRELIABLE: TT broke post-Shannon)
LayerZero,ZRO,L1_L2_Infra,ethereum,governance_token,0.014321,0.8928,3.99,17.61,29.89,998,770710029.0,Dune,,Dune query 6928670; Re-pulled with top-1000 multichain query (2026-05-12 cycle 7B); HHI corrected from prior top-100 cap,25.5,32.2,42.3,0.0,57.7,3530172.0,defillama_fees_proxy,1870000000.0,472000111.0,,,42000000.0,,2.0,15.07685715293491,21.349204267812908,17.553180176247643,,True,0.0,,,,
Wormhole,W,L1_L2_Infra,solana,governance_token,0.011532,0.8638,7.01,13.55,19.04,999,7533130060.2,Dune,,SPL token; Dune query 6928673,12.0,11.6,17.0,23.3,23.6,257976.0,defillama_fees_proxy,145638900.0,81449390.0,,,35000000.0,,2.0,12.460621836321009,18.796640828372897,17.37085861945369,,True,36.1,,,,
Morpheus AI,MOR,DePIN,arbitrum,governance_token,0.046366,0.9121,12.61,44.05,55.43,997,3426839.8,Dune,,AI compute DePIN; Dune query 6928672; Re-pulled with top-1000 multichain query (2026-05-12 cycle 7B); HHI corrected from prior top-100 cap,0.0,0.0,48.0,4.0,0.0,997116.0,defillama_fees_proxy,12703792.0,,,,,120.0,2.0,13.81262239122309,16.35741108953905,,,True,48.0,13.84,874659.0,12107145.0,distribution_overplus_bridged_stETH_ethereum_path_b_canonical_2026-05-24
Axelar,AXL,L1_L2_Infra,ethereum,governance_token,0.026763,0.8493,8.99,29.71,41.71,996,100186026.6,Dune,,axlAXL bridge token on Ethereum; primary governance on Axelar Cosmos chain via staking. Dune query 6928671; Re-pulled with top-1000 multichain query (2026-05-12 cycle 7B); HHI corrected from prior top-100 cap,17.0,29.5,41.0,12.5,46.5,33312.0,defillama_fees_proxy,57728891.7214417,53362843.0,,,18000000.0,,4.0,10.413672971414696,17.871268329233608,16.70588231586044,,True,0.0,,,,
MetaDAO,META,DeFi,solana,governance_token,0.015176,0.8752,6.21,20.80,28.63,999,17957.3,Dune,,Futarchy governance; ~558k total supply in top-58 holders. Conditional vault excluded (rank 1). Dune query 6928851,,,,,,182088.0,defillama_fees_proxy,,,,,1200000.0,,3.0,12.11224536568602,,13.997832114758229,,False,,,,,
Lido,LDO,DeFi,ethereum,governance_token,0.007718,0.7652,3.11,11.71,18.56,991,470563513.1,Dune,,Lido DAO governance token. Dune query 6928798. R2-recompute 2026-05-18 from full top-1000 holder list (was 189-row curated set); Path B universal ATH convention 2026-05-19: Top-1% = single-largest-holder share (17.07%); Top-5% = top-5-holders sum (29.48%); Top-10% = top-10-holders sum (35.99%) per universal Table 4 convention.,35.0,22.18,0.0,36.32,57.18,80518092.8,token_terminal_live,326931000.0,277578113.0,6131082.2,0.0761453977210945,450000000.0,,6.0,18.203992472414612,19.605259697421648,19.92475814072864,15.628881833929457,True,6.5,0.0761453977210945,80518092.8,6131082.2,tt_methodology_cross_walked_dune_poc
Gitcoin,GTC,Social_Dead,ethereum,governance_token,0.021504,0.8877,7.10,22.94,36.77,996,34203928.9,Dune,,,17.5,17.5,15.0,50.0,35.0,,missing,7593700.0,6643467.0,,,9000000.0,,5.0,,15.84282951412128,16.012735135300492,,True,0.0,,,,
Token Engineering Commons,TEC,Social_Dead,gnosis,governance_token,0.027769,0.9067,9.22,29.62,44.21,742,1546092.3,Dune,,Wound down; survivorship bias control; ~732 holders,,,,,,,missing,,,,,800000.0,,5.0,,,13.592367006650065,,False,,,,,
Aethir,ATH,DePIN,ethereum,governance_token,0.094764,0.9426,19.74,58.34,67.58,992,14064354130.8,,,"R2 canonical 2026-05-19 (8-PCA cascade): HHI/Gini recomputed from holders_ATH_2026-05-17.csv applying 8-PCA exclusion methodology. 7 documented PCAs (VestingWallet, MerkleVester, TokenManagerProxy, EigenLayer StrategyBase, AethirWrapper, Kraken-funded, Aethir Safe multisig 0x3e7e) plus 8th Safe multisig 0xfc78 confirmed via Etherscan verification (Class 2 typology match). Pre-cascade HHI was 0.087 with 7-PCA exclusion; sensitivity analysis in Section 4.8.",50.0,12.0,20.0,18.0,62.0,111334358.0,token_terminal_live,472000000.0,472000000.0,39489631.0,0.355,,,2.0,18.528048465823325,19.97248954354983,,17.49154868908142,True,,0.150000,166000000.0,24900000.0,Messari + Dune
Hivemapper,HONEY,DePIN,solana,governance_token,0.017589,0.9144,5.69,19.48,31.12,1000,5935965629257318400.0,dune_solana_utils_latest_balances,,"Requeried 2026-04-01 via Dune. Top-100 from solana_utils.latest_balances, rescaled to actual supply 6.52B (Helius). Placeholder was 0.0198 (overcount by 13%). Ranks 77-92 flagged as possible staking accounts. R2 calibration 2026-05-18: top-1000 Gini + Top-N% per Phase 0 memo Tier A1 (0.9181 / 6.65% / 33.72%); n_holders set to 1000 (top-1000 convention).",15.0,15.0,70.0,0.0,30.0,447000.0,b3_s2r_derived,,,2400000.0,5.46,,200000.0,3.0,13.010313873595706,,,14.690979295318174,True,,5.46,18000000.0,98400000.0,Messari + Dune
io.net,IO,DePIN,solana,governance_token,0.125136,0.9422,33.47,51.34,61.16,1000,70716724936824464.0,,, R2 calibration 2026-05-18: Gini + Top-N% per Phase 0 memo Tier A1 (0.9467 / 30.0% / 63.7%); n_holders set to 1000 (top-1000 convention).,15.0,25.0,50.0,10.0,40.0,21000000.0,io_net_blog_estimate,,,8400000.0,0.4,,,2.0,16.860032995687696,,,15.943742263813542,True,,0.560000,30000000.0,16800000.0,Messari + Dune
Hyperliquid,HYPE,DeFi,hyperliquid_l1,governance_token,0.005158,0.6463,2.35,9.94,15.53,1000,131418193.3,Hypurrscan,,R2 canonical 2026-05-19: Revenue + emissions added. Revenue from Jan 2026 monthly Assistance Fund inflow (~$65M/month x 12 = $780M annualized; 97% of trading fees flow to Assistance Fund buybacks per protocol design). Emissions effectively zero (no operator/staker protocol rewards; team vesting is allocation-unlock not protocol emission per the methodology consistent across the 40-protocol sample). subsidy_ratio placeholder 0.001 represents effectively zero-emissions division by $780M revenue.,29.8,0.0,31.0,39.2,29.8,780000000,public_buyback_data_jan_2026,35000000000.0,9300000000.0,0,0.001,,,2.0,20.47480447764791,24.278613898435825,,,True,,0.001,780000000,0,Assistance Fund flow (Jan 2026 baseline)
Balancer,BAL,DeFi,ethereum,governance_token,0.029037,0.8699,13.25,27.95,35.16,989,26993241.2,Dune,,"8 protocol-controlled addresses excluded: V2 Vault, Treasury Safe, Fundraise multisig, Team multisig, veBAL-active Safe, Arbitrum bridge, Polygon bridge, veBAL Voting Escrow. HHI revised after exclusion of protocol-controlled addresses.",20.0,5.0,65.0,5.0,25.0,3300000.0,defillama_fees_proxy,13800000.0,9300000.0,,,13700000.0,,6.0,15.009433026436708,16.440179150127435,16.432906390798355,,True,,,,,
World Liberty Financial,WLFI,DeFi,ethereum,holder,0.126524,0.965886,28.678718,62.734965,72.114619,994,30691097884.586990,Sim API EVM token-holders + Sim API balances (PCA classification per S21 4-property signature + Etherscan attribution),,Cohort extension Phase 5+ Item 5 cycle 2026-05-27; pre-exclusion HHI=0.257714 (n_top1000_holders=1000); post-exclusion HHI=0.126524 after 6 PCA exclusions (68.22% of top-1000 share); sister to Cycle 4 sister-cluster paired-set pattern (PAIRED Class 3 candidates surfaced in WLFI),33.507,33.893,32.6,0,67.4,,DeFiLlama (no protocol-fees data; USD1 stablecoin issuer; governance token; no current on-chain fee accrual),5907855216,1877128874,0,0,746000000,,0.7337,,22.499549,20.430236,,FALSE,0,0,0,0,no_on_chain_fee_accrual (governance token; USD1 yields go to USD1 issuer not WLFI holders)
Ethena,ENA,DeFi,ethereum,holder,0.046747,0.922867,9.668372,41.908867,61.382968,998,12741411644.782618,Sim API EVM token-holders + Sim API balances (PCA classification per S21 4-property signature + Etherscan attribution),,Cohort extension Phase 5+ Item 5 cycle 2026-05-27; pre-exclusion HHI=0.045992; post-exclusion HHI=0.046747 (2 PCAs; 14.84% top-1000 share excluded),30,25,28,15,55,9780312,DeFiLlama protocol fees (Ethena; 30d * 12 annualization),1474177341,887116927,0,0,,,2.2259,16.095882,21.111366,,,TRUE,2,0,9780312,0,DeFiLlama_protocol_fees_30d_annualized
Pump.fun,PUMP,DeFi,solana,holder,0.040147,0.915528,10.032619,37.833393,56.989049,994,299024089285.605835,Helius DAS getTokenAccounts (owner-aggregated per EC-2026-05-27 fix + Sim API SVM balances PCA signature probes),,Cohort extension Phase 5+ Item 5 cycle 2026-05-27; pre-exclusion HHI=0.199667 (n_top1000_holders=1000); post-exclusion HHI=0.040147 after 6 PCA exclusions (65.13% of top-1000 share); sister to Cycle 4 sister-cluster paired-set pattern (PAIRED Class 3 candidates surfaced in PUMP),20,13,27,4.4,66,365000000,Public reporting (Tokenomics.com 2026 + Cryptopolitan; 100% revenue used for PUMP buybacks; ~$1M daily),1587408445,648836944,0,0,,,0.8734,19.715408,21.185369,,,TRUE,2.6,0,365000000,0,public_buyback_program_daily_inflow_estimated
Jito,JTO,DeFi,solana,holder,0.025881,0.909192,9.611575,28.516604,41.067267,997,731294738.191053,Helius DAS getTokenAccounts (owner-aggregated per EC-2026-05-27 fix + Sim API SVM balances PCA signature probes),,Cohort extension Phase 5+ Item 5 cycle 2026-05-27; pre-exclusion HHI=0.060822 (n_top1000_holders=1000); post-exclusion HHI=0.025881 after 3 PCA exclusions (25.43% of top-1000 share); sister to Cycle 4 sister-cluster paired-set pattern (PAIRED Class 3 candidates surfaced in JTO),24.5,16.21,34.29,25,40.71,7010964,DeFiLlama protocol fees (Jito; 30d * 12 annualization),533734911,254093103,0,0,,,2.4695,15.762986,20.095410,,,TRUE,0,0,7010964,0,DeFiLlama_protocol_fees_30d_annualized
Bonk,BONK,DeFi,solana,holder,0.022611,0.866769,7.916147,26.448882,40.845231,995,59524512384331.250000,Helius DAS getTokenAccounts (owner-aggregated per EC-2026-05-27 fix + Sim API SVM balances PCA signature probes),,Cohort extension Phase 5+ Item 5 cycle 2026-05-27; pre-exclusion HHI=0.027466 (n_top1000_holders=1000); post-exclusion HHI=0.022611 after 5 PCA exclusions (25.29% of top-1000 share); sister to Cycle 4 sister-cluster paired-set pattern (PAIRED Class 3 candidates surfaced in BONK),21.05,0,57.89,15.79,21.05,,no_protocol_fees (memecoin; no on-chain fee accrual; trading volume + ecosystem activities only),526195560,526195560,0,0,,,3.4196,,20.081183,,,FALSE,5.26,0,0,0,no_on_chain_fee_accrual_memecoin
Kamino Finance,KMNO,DeFi,solana,holder,0.031341,0.937600,7.885140,31.944364,49.216125,999,7532330767.520032,Helius DAS getTokenAccounts (owner-aggregated per EC-2026-05-27 fix + Sim API SVM balances PCA signature probes),,Cohort extension Phase 5+ Item 5 cycle 2026-05-27; pre-exclusion HHI=0.076729; post-exclusion HHI=0.031341 (1 PCAs; 24.24% top-1000 share excluded),20,35,35,10,55,8661660,DeFiLlama protocol fees (Kamino Lend; 30d * 12 annualization),200056318,94095380,0,0,,,2.0726,15.974417,19.114109,,,TRUE,0,0,8661660,0,DeFiLlama_protocol_fees_30d_annualized
Frax Finance,FXS,DeFi,ethereum,governance_token,0.032411,0.9095,11.13,35.79,50.32,993,108360317,Dune Sim API EVM token-holders 2026-05-27 + Etherscan + Nansen audit,S18_phase4_evm_minibatch,Phase 4 EVM mini-batch ship 2026-05-27; PCA exclusions per S18 v2 audit (Fraxtal Optimism Portal + veFXS + Fraxferry + Uniswap v4 + Frax Comptroller + FraxswapPair + Bitvavo); HHI full = HHI confident (no TENTATIVE remainders); tokenomics allocation from Frax docs.frax.finance / community sources (best-effort; verify against Frax v3 whitepaper before publication),35.0,12.0,45.0,8.0,47.0,0.0,defillama_30d_fees_extrapolated,40111833.588,40111833.588,0.0,0.0,67137376,,6.0,,17.50718195068792,18.022251466238274,,False,0.0,0.0,0.0,0.0,phase4_minibatch_defillama_proxy_partial
Synthetix,SNX,DeFi,ethereum,governance_token,0.017075,0.8959,8.38,26.16,36.5,990,348363120,Dune Sim API EVM token-holders 2026-05-27 + Etherscan + Nansen audit,S18_phase4_evm_minibatch,Phase 4 EVM mini-batch ship 2026-05-27; PCA exclusions per S18 v2 audit (Synthetix Core V3 + SynthetixBridgeEscrow + Binance 8 + Coinbase 10 + Binance 14 + Luno + Crypto.com + Bitpanda + Bitvavo + Bitvavo Hot Wallet); tokenomics from Synthetix 2018 docs.synthetix.io,20.0,5.0,60.0,3.0,25.0,31633.333333333332,defillama_30d_fees_extrapolated,108828528.0385,109059401,0.0,0.0,42540849,,8.0,10.36196669592991,18.505284064252283,17.565975325224095,,False,12.0,0.0,31633.333333333332,0.0,phase4_minibatch_defillama_proxy_partial
Gnosis,GNO,DeFi,ethereum,governance_token,0.042485,0.9111,13.84,36.95,51.74,987,9957807,Dune Sim API EVM token-holders 2026-05-27 + Etherscan + Nansen audit,S18_phase4_evm_minibatch,Phase 4 EVM mini-batch ship 2026-05-27; PCA exclusions per S18 v2 audit (Gnosis Vesting + Gnosis Active Treasury Management + Gnosis Disbursement-2 + LGNO + Omnibridge + null burn + koeppelmann.eth Safe + Binance 8 + Crypto.com + Bitvavo + Bitvavo Hot Wallet); plus Stefan George + TransparentUpgradeableProxy as TENTATIVE; HHI full classification used; tokenomics from Gnosis 2017 ICO whitepaper,0.0,0.0,4.18,95.82,0.0,116800.0,defillama_30d_fees_extrapolated,1168800000.0,1168800000.0,0.0,0.0,0.0,,9.0,11.668218349376264,20.879243418400765,,,False,0.0,0.0,116800.0,0.0,phase4_minibatch_defillama_proxy_partial
Algorand,ALGO,L1_L2_Infra,algorand,governance_token,0.059096,0.8707,19.87,42.54,54.60,964,,AlgoNode indexer v2 top-1000 + behavioral-signature PCA (DEC-203 S21),ALGO_holding_hhi_2026-04-30,N=52 expansion (L1); post-PCA 36 excluded (31 Class2 treasury + 5 Class5 CEX); behavioral-signature classification (explorer labels unavailable); covariates partial -> not regression-ready,,,,,25.0,,,,,,,,,,,,,,False,,,,,
Polkadot,DOT,L1_L2_Infra,polkadot_assethub,governance_token,0.0052,,3.09,8.38,13.00,989,,Subscan AssetHub top-1000 + dot_pca_refined (Binance-cluster Class5 ground-truth excluded),dot_pca_refined_2026-05-27,"N=52 expansion (L1); holder-HHI post-PCA 0.0052 primary (Binance cluster excluded, SubSquare+extrinsic ground-truth) / 0.0093 sensitivity (Class5-rejected). DISTINCT from validator-set HHI 0.0017 (Phragmen, F-B2-29). covariates partial -> not regression-ready",,,,,11.4,,,,,,,,,,,,,,False,,,,,
Bittensor,TAO,L1_L2_Infra,bittensor,governance_token,0.007486,,3.57,12.69,20.77,994,,TAOSTATS top-1000 coldkey + principal-exclusion PCA (registry CEX coldkeys),tao_pca_2026-05-29,"N=52 expansion (L1); principal-excluded holder-HHI 0.0075 (6 registry CEX/bridge excluded, 12.6% top-1000) / 0.014 raw. Opentensor-foundation + subnet-staking long-tail deferred (Substrate CEX-attribution gap). category L1 primary; TAO-as-DePIN sensitivity reported. covariates absent -> not regression-ready",,,,,,,,,,,,,,,,,,,False,,,,,
