protocol,token,category,chain,measurement_type,hhi,gini,top1_pct,top5_pct,top10_pct,n_holders,total_balance_top1000,source,query_id,notes,team_pct,investor_pct,community_pct,treasury_pct,insider_pct,revenue_annual_usd,revenue_source,fdv_usd,market_cap_usd,incentives_annual_usd,subsidy_ratio,treasury_usd,active_devices,maturity_years,log_revenue,log_fdv,log_treasury,log_incentives,regression_ready,other_pct,subsidy_ratio_onchain,revenue_onchain_usd,emissions_onchain_usd,revenue_source_onchain,price_sym,insider_count_frac,insider_balance_frac,delegated_hhi,hhi_change_pct,raw_nakamoto,delegated_nakamoto,snapshot_pooled_hhi,snapshot_n_proposals,tally_pooled_hhi,tally_n_proposals,theil_post,atkinson_post,price_available,price_first,price_last,ret_3m,xret_btc_3m,ret_6m,xret_btc_6m,ret_12m,xret_btc_12m,xret_eth_12m,fwd_ret,fwd_xret_btc,fwd_end,vol_12m,mdd_12m,sharpe_12m,beta_btc_12m,alpha_12m,xret_btc_12m_a0201,xret_btc_12m_a0415
Compound,COMP,DeFi,ethereum,governance_token,0.008642,0.8363,3.433434,12.146419,19.429879,995,7009085.5,Dune,,,26.0,24.0,42.0,8.0,50.0,4883808.3,token_terminal_live,176200000.0,170272531.0,5545006.1,1.1353856989022275,6693806.0,,6.0,15.401435862828157,18.987130271466352,15.716693179156271,15.52840827885617,True,0.0,1.1353856989022275,4883808.3,5545006.1,tt_methodology_cross_walked_dune_poc,COMP,0.1,0.0151665186300407,0.038656,40.6,30.0,13.0,0.0813034648772501,36.0,0.0265611449192303,541.0,2.004541,0.663397,True,2020-06-16,2026-06-03,-0.4984067942078156,-0.2614738539571877,-0.9305719573277685,-0.4429683495218635,-0.8079615966012984,-0.6432146227544657,-0.9008057572189982,-0.028129263996246098,-0.030138337056813975,2026-06-02,0.8709501762857177,-0.737877988044007,-0.9276783202995117,1.26700225488986,-0.5992268092510816,-1.0021296648069091,-0.49754300947122865
MakerDAO,MKR,DeFi,ethereum,governance_token,0.040408,0.8788,13.92,37.56,50.65,998,947368.0,Dune,,,40.0,17.5,42.5,0.0,57.5,349334677.5,token_terminal_live,165536920.0,0.0,0.0,0.0,280011916.0,,9.0,19.67154098197509,18.924704809473393,19.45034271737085,,True,0.0,0.0,349334677.5,0.0,tt_methodology_cross_walked,MKR,0.2,0.1566624037123806,,,,,,,,,2.671016,0.730155,True,2017-12-20,2026-06-03,0.2583194180022263,0.4952523582528542,-0.02415154023059576,0.4634520675753093,0.4241708925103131,0.5889178663571457,0.3313267318926133,-0.1310045106759033,-0.13301358373647118,2026-06-02,0.814424528794123,-0.5723746344190983,0.5208228356510347,1.1335954076391483,0.6109273054855283,0.4772749644347463,0.3839460239174528
Aave,AAVE,DeFi,ethereum,governance_token,0.012821,0.8273,4.425427,17.446994,27.527647,997,9261258.8,Dune,,; HHI revised after exclusion of protocol-controlled address; insider re-code 2026-06-03: LEND founders/dev-fund migration (~18.75pct of 16M AAVE supply) carved from community to team under origin-inclusive TGE convention; insider=team+investor=18.75,18.75,0.0,62.5,18.75,18.75,135365013.7,token_terminal_live,1562720000.0,1481437372.0,50181033.0,0.3707090305565418,155544120.0,,6.0,18.723485492882094,21.16969372966344,18.862439979243383,17.731147684581458,True,0.0,0.3707090305565418,135365013.7,50181033.0,tt_methodology_cross_walked_multi_chain,AAVE,0.2,0.0708062073170888,0.075545,274.0,12.0,6.0,0.068539202564833,944.0,0.0787655630912502,401.0,1.973955,0.631407,True,2020-10-03,2026-06-03,-0.5744967749799773,-0.3375638347293495,-1.039558365422839,-0.551954757616934,-0.4426009232011089,-0.2778539493542762,-0.5354450838188087,-0.32778237135175,-0.32979144441231784,2026-06-02,0.895638572512229,-0.7157025100178906,-0.494173583837096,1.521092421248231,-0.1920055498591128,-0.6875527122704164,-0.18434273224856315
Uniswap,UNI,DeFi,ethereum,governance_token,0.009784,0.8151,4.25,14.45,22.85,998,542359731.9,Dune,,; HHI revised after exclusion of UNI Timelock and universal burn-rule (0x000...dead burn address; applied in May 2026 Round 1 revision),21.27,18.04,60.0,0.0,39.31,10628912.4,token_terminal_live,3150380914.3403997,2223202852.0,36533248.0,3.437157690753007,1038873281.0,,6.0,16.179088430878597,21.87078920766052,20.76140257916157,17.41373330804093,True,0.69,3.437157690753007,10628912.4,36533248.0,tt_methodology_cross_walked_fee_switch_inactive,UNI,0.1,0.0138179825379799,0.027137,-15.7,8.0,13.0,0.0232598379180952,193.0,0.022161691685714,90.0,1.95602,0.623828,True,2020-09-17,2026-06-03,-0.33372684438765465,-0.09679390413702679,-0.9412184355657998,-0.4536148277598947,-0.4237254733751399,-0.2589784995283072,-0.5165696339928397,-0.2820119062959697,-0.2840209793565376,2026-06-02,1.0473323918070463,-0.7386268646149861,-0.4045759270789404,1.6550211292002677,-0.15106575068682954,-0.8289699886844466,-0.4036006138757149
Curve,CRV,DeFi,ethereum,governance_token,0.014628,0.7906,6.705541,20.619321,31.526813,990,981171020.2,Dune,,veCRV caveat: voting power != raw holdings; Convex controls ~47% of veCRV R2 calibration 2026-05-18: Top-10% updated 60.66 to 34.4 per PAPER.md Table 4 raw CRV value. Path B universal ATH convention 2026-05-19: Top-1% = 6.75% (top-1 share); Top-5% = 23.15% (top-5 share; was 53.08 likely from veCRV computation; fixes Top-5%>Top-10% mathematical impossibility); Top-10% = 34.39% (top-10 share).,3.0,27.0,62.0,5.0,30.0,30717716.8,token_terminal_live,514889206.0882199,324541384.0,70500548.3,2.295110302599052,96000000.0,,6.0,17.240350140564995,20.05946230167413,18.37985874943211,18.071131045057214,True,3.0,2.295110302599052,30717716.8,70500548.3,tt_methodology_cross_walked_gauge_emissions,CRV,0.0,0.0,,,,,0.2506580291513787,203.0,,,3.219053,0.737188,True,2020-08-14,2026-06-03,-0.5319863526127334,-0.2950534123621056,-1.2669444437471615,-0.7793408359412565,-0.5600315013274164,-0.39528452748058374,-0.6528756619451163,-0.08218832179183566,-0.08419739485240355,2026-06-02,1.04208660035688,-0.7981038385137822,-0.5374135903250498,1.6079696209018495,-0.2951233722461994,-0.7328923588616532,-0.8668845002499965
Rocket Pool,RPL,DeFi,ethereum,governance_token,0.040643,0.8748,12.116221,38.894043,52.586004,998,10480240.5,Dune,,,9.0,32.4,46.6,12.0,41.4,37248720.0,defillama_fees_proxy,37659075.116,37570638.0,,,56298.0,,9.0,17.433128139783335,17.444084522102543,10.938414289518104,,True,0.0,,,,,RPL,0.1,0.0212345006099073,,,,,0.01078730017963,63.0,,,2.51549,0.691205,True,2018-07-19,2026-06-03,-0.10690812483838597,0.1300248154122419,-1.2391986520631584,-0.7515950442572533,-0.9582391936667685,-0.7934922198199358,-1.0510833542844682,-0.20323041569691644,-0.20523948875748432,2026-06-02,1.216491285788326,-0.8373655934616928,-0.7877074047807896,1.597445134788983,-0.6950649418239393,-1.2840880091599232,-0.5593365628208389
Jupiter,JUP,DeFi,solana,governance_token,0.044977,0.9753,11.955863,38.840257,58.317831,999,308662276.3,Dune,,SPL token,20.0,0.0,50.57,19.04,20.0,840360.7,token_terminal_live,1054863684.545594,545012815.0,,,300000000.0,,2.0,13.64158648341356,20.77667738656472,19.519293032620475,,True,10.39,,,,,JUP,0.4,0.280586,,,,,,,,,3.941647,0.93047,True,2024-01-31,2026-06-03,-0.23828778346967644,-0.0013548432190485793,-1.2254113565648588,-0.7378077487589537,-1.193096139573374,-1.0283491657265413,-1.2859403001910736,0.22271249350343333,0.22070342044286545,2026-06-02,0.9728086666383254,-0.7835732374430757,-1.2264448092308657,1.6400253886854554,-0.9229069197554713,-1.4864682667271183,-0.7009377961789265
Maple Finance,MPL_SYRUP,DeFi,ethereum,governance_token,0.02369,0.8843,9.236071,27.44586,39.042701,998,9131406.2,Dune,,Merged: MPL (0x333...) + SYRUP (0x643...). MPL migrated to SYRUP Apr 2025 (1 MPL = 100 SYRUP). Collect both; normalize SYRUP by /100 to MPL-equivalent; merge holder lists by address.,25.0,26.0,30.0,14.0,51.0,13280707.6,token_terminal_live,1836910.0,321109.0,0.0,0.0,9309078.0,,5.0,16.401822983725598,14.423595370073826,16.0465006110516,,True,5.0,0.0,13280707.6,0.0,tt_methodology_cross_walked,SYRUP,0.1,0.0234425913619243,,,,,,,,,2.22753,0.696708,True,2021-04-30,2026-06-03,-0.012705862607547422,0.22422707764308045,-1.277883360407843,-0.790279752601938,-4.438133677726154,-4.273386703879321,-4.530977838343854,,,,3.278657744998769,-0.9947925214594038,-1.3536434794073997,0.7578872579996554,-4.313274045453637,-4.027833921755867,-3.963101197375047
GMX,GMX,DeFi,arbitrum,governance_token,0.064722,0.9248,20.09,44.69,59.33,996,3479204.5,Dune,,esGMX excluded; GMX only,1.89,7.55,60.37,0.0,9.44,28797065.7,token_terminal_live,65090528.477699995,65038289.0,175053.8,0.0060788762932884,44000000.0,,5.0,17.175784054498838,17.991289604699816,17.599700191882537,12.0728486342306,True,30.19,0.0060788762932884,28797065.7,175053.8,tt_methodology_cross_walked_arbitrum_avalanche,GMX,0.2,0.0218273637547308,,,,,0.0084891631547083,75.0,0.1894999822612885,20.0,3.047366,0.800332,True,2021-09-13,2026-06-03,-0.24917494801236717,-0.01224200776173931,-0.8446761817658117,-0.35707257395990666,-0.8367848516948329,-0.6720378778480002,-0.9296290123125327,0.03413985762308906,0.032130784562521185,2026-06-02,0.9344662404218312,-0.7128441118002596,-0.8954682528895811,1.253507514320342,-0.6302732820162922,-0.931277515100503,-0.7981852125048672
Drift,DRIFT,DeFi,solana,governance_token,0.026458,0.919,10.762065,28.790601,37.548755,999,726262485.1,Dune,,SPL token; governance via Realms,25.0,22.0,53.0,0.0,47.0,7759944.0,defillama_fees_proxy,63874000.0,37048496.0,,,45000000.0,,2.0,15.864485675638518,17.972422950788292,17.622173047734595,,True,0.0,,,,,DRIFT,0.5,0.3487130109200751,,,,,,,,,3.225692,0.82652,True,2024-05-16,2026-06-03,-0.8989643408354825,-0.6620314005848547,-2.0888267247680066,-1.6012231169621014,-1.831470135926843,-1.6667231620800105,-1.9243142965445428,-1.3469938461636533,-1.3490029192242212,2026-06-02,1.1923361586178052,-0.9140336890199963,-1.5360350541158985,1.5808106417528425,-1.5710363664731946,-1.878589419001368,-2.226278940872024
Ether.Fi,ETHFI,DeFi,ethereum,governance_token,0.041725,0.9286,15.65,36.2,47.79,998,649066824.2,Dune,,,23.26,32.5,11.0,27.24,55.76,49226494.1,token_terminal_live,468284425.987029,369164093.0,11794198.6,0.2395904647615357,35000000.0,,2.0,17.711942534492017,19.96458641711353,17.37085861945369,16.283118324471523,True,6.0,0.2395904647615357,49226494.1,11794198.6,tt_methodology_cross_walked,ETHFI,0.3,0.3192266417761467,,,,,,,,,3.12084,0.834157,True,2024-03-18,2026-06-03,-0.3960256801793845,-0.15909273992875664,-1.0625760966976754,-0.5749724888917703,-0.23505610111014724,-0.07030912726331459,-0.32790026172784703,-0.34402357488663665,-0.3460326479472045,2026-06-02,1.2720854623443347,-0.7640136908362495,-0.18478011742777142,1.8466725760647253,0.06917761748244952,-0.9377684684240368,0.04069291036015253
The Graph,GRT,L1_L2_Infra,ethereum,governance_token,0.021357,0.871,10.691738,23.902569,32.898255,996,6157513928.6,Dune,,; HHI revised after exclusion of protocol-controlled address,22.25,32.9,13.47,19.64,55.15,353715.5,token_terminal_live,256892891.29000208,256162157.0,17642151.0,49.87666924406762,15000000.0,,6.0,12.7762481966818,19.364169790580103,16.523560759066484,16.6858015398845,True,11.74,49.87666924406762,353715.5,17642151.0,tt_methodology_cross_walked_arbitrum,GRT,0.1,0.0095440944202007,,,,,0.1575755745436447,4.0,,,2.373395,0.702174,True,2020-12-17,2026-06-03,-0.47282141542386685,-0.235888475173239,-1.3473638754084147,-0.8597602676025097,-1.2805056981445069,-1.1157587242976743,-1.3733498587622066,-0.045296084735265724,-0.0473051577958336,2026-06-02,0.8879631648636732,-0.8078361926036359,-1.4420707398837869,1.4840537526876492,-1.0360123333631819,-1.526764336328953,-1.052091869467054
Optimism,OP,L1_L2_Infra,optimism,governance_token,0.009362,0.77,5.800681,15.194539,21.1391,993,1816679281.3,Dune,,"Token is on Optimism L2, not Ethereum mainnet; HHI revised after exclusion of protocol-controlled address",19.0,17.0,64.0,0.0,36.0,12642753.9,token_terminal_live,464049741.49632,228794474.0,95637974.5,7.564647327351677,600000000.0,,4.0,16.352594794787805,19.955502305945547,20.21244021318042,18.37608052195289,True,0.0,7.564647327351677,12642753.9,95637974.5,tt_methodology_cross_walked_l2_sequencer,OP,0.0,0.0,0.03297,-21.1,4.0,14.0,0.0333785190527532,93.0,0.0395391306379529,25.0,2.134478,0.62827,True,2022-05-31,2026-06-03,-0.9365378279981136,-0.6996048877474857,-1.8928677668373202,-1.405264159031415,-1.9471787244729117,-1.7824317506260792,-2.0400228850906115,-0.0008808822877738378,-0.002889955348341716,2026-06-02,1.0622813964188302,-0.8749065292747441,-1.8330159325365694,1.6341151907236806,-1.677963191884047,-1.5451376372983012,-1.647744453929979
Polygon,POL,L1_L2_Infra,ethereum,governance_token,0.035779,0.9195,12.677683,32.080444,49.444226,998,3305557699.0,Dune,,POL replaced MATIC Sept 2024,16.0,26.8,23.33,21.86,42.8,8669743.3,token_terminal_live,971169246.0020978,970844394.0,22436653.8,2.58792596546659,255000000.0,,6.0,15.975349740475266,20.69401131179006,19.3567741031227,16.92620650985257,True,12.01,2.58792596546659,8669743.3,22436653.8,tt_methodology_cross_walked_multi_chain_pos_zkevm,POL,0.1,0.0085957651770148,,,,,,,,,2.63803,0.76959,True,2023-10-25,2026-06-03,-0.22135339978269916,0.015579540467928699,-1.071863944451605,-0.5842603366456999,-0.7940779622187599,-0.6293309883719272,-0.8869221228364598,-0.031286384274109014,-0.03329545733467689,2026-06-02,0.8163413027898005,-0.6927515402238746,-0.9727279013141232,1.2292191712881675,-0.5915678235545241,-1.1053602026701645,-0.6595286886127866
Arbitrum,ARB,L1_L2_Infra,ethereum,governance_token,0.012181,0.7326,8.860879,16.187768,22.40854,993,5379582474.6,Dune,,; HHI revised after exclusion of protocol-controlled address,26.94,17.53,12.75,42.78,44.47,22011319.5,token_terminal_live,926030000.0,559249324.0,0.0,0.0,2600000000.0,,3.0,16.90706740172843,20.64641718949387,21.678777281973847,,True,0.0,,,,,ARB,0.0,0.0,0.0355,188.6,14.0,12.0,0.0187167766017419,406.0,0.0237604132999172,86.0,1.362243,0.489229,True,2023-03-23,2026-06-03,-0.7544704470110041,-0.5175375067603762,-1.678241091374494,-1.190637483568589,-1.2662307219042073,-1.1014837480573747,-1.359074882521907,0.008928936379145104,0.006919863318577225,2026-06-02,1.035782245766695,-0.8489902583386624,-1.222487378094545,1.6439438543238694,-0.9953959467302528,-1.2596109553492647,-0.855943588181156
ENS,ENS,L1_L2_Infra,ethereum,governance_token,0.046292,0.8644,19.557701,32.353388,38.606613,996,24391100.1,Dune,,"R2 canonical 2026-05-19 (universal-audit cascade): HHI/Gini recomputed after adding ENS Cold Wallet 0x690f0581 (4.29M ENS, 5.2 percent) to exclusions. Verified as Safe Singleton 1.3.0 Smart Account by Safe with Etherscan label ""ENS: Cold Wallet""; created by nick.eth. Pre-cascade HHI was 0.071 with 3-exclusion methodology.",25.0,0.0,25.0,50.0,25.0,1623516.0,defillama_fees_proxy,560000000.0,214780224.0,,,357517371.0,,5.0,14.300104725727476,20.14344734169347,19.69469450912766,,True,0.0,,,,,ENS,0.1,0.051921398121074,,,,,0.0114546517578816,92.0,0.0243634713773927,69.0,3.71727,0.828413,True,2021-11-09,2026-06-03,-0.5943948187605027,-0.3574618785098749,-1.4118606102618891,-0.9242570024559841,-1.032082041167333,-0.8673350673205004,-1.1249262017850328,-0.03387313919795009,-0.03588221225851797,2026-06-02,0.8974380428436705,-0.8241826484658744,-1.1500315251814177,1.6606174813661405,-0.7585003363951139,-1.3091653360124615,-0.7951712398162681
DIMO,DIMO,DePIN,polygon,governance_token,0.024943,0.852,5.86,22.62,39.3,998,239482141.1,Dune,,,22.4,7.6,44.95,25.0,30.0,300000.0,missing,15432380.0,7663204.0,,,,184183.0,4.0,,16.551978457422127,,,True,0.05,5.04,510045.0,2570643.27,foundation_dashboard_159676_dcx_purchase_wallet_inflow_path_b_2026-05-24,DIMO,1.0,0.2148386799854539,,,,,0.1428139114086299,27.0,,,2.58496,0.702889,True,2022-12-16,2026-06-03,-0.3580552513608638,-0.12112231111023594,-1.776075851232553,-1.2884722434266478,-1.7571814211974592,-1.5924344473506267,-1.850025581815159,-0.2069750048972164,-0.2089840779577843,2026-06-02,1.3789303436066196,-0.9110630266274755,-1.2743076032408691,0.9021564979088948,-1.608553868230714,-2.039150342602505,-1.6210647959142477
IoTeX,IOTX,DePIN,ethereum,governance_token,0.080958,0.9608,12.29,56.57,80.87,992,2989071138.0,Dune,,"R2 canonical 2026-05-19 (universal-audit cascade): HHI/Gini recomputed from IOTX_holders.csv applying 7-precompile + staking exclusion methodology. Added 0x03 (1B IOTX) + 0x07 (748M IOTX) Genesis-burn precompile slots to exclusions consistent with 0x01,02,04,05,06 pattern (all 7 precompile slots are Etherscan-labeled Burn+Genesis addresses with receive-only patterns; 0x07 verified 2026-05-19). Pre-cascade HHI was 0.189 with 5-precompile exclusion (oversight: 0x03 not in log; 0x07 also missed in initial audit).",15.0,24.0,6.0,25.0,39.0,88154.6,token_terminal_live,43701640.803689584,43700433.0,3442561.5,39.05141081690575,,9300.0,8.0,11.386847370242142,17.592896206356134,,15.05172637434912,True,30.0,27.8,135000.0,3750000.0,Token Terminal (IoTeX L1 native chain),IOTX,0.0,0.0,,,,,,,,,4.355069,0.957668,True,2018-05-26,2026-06-03,-0.4632849078881498,-0.22635196763752194,-1.7019450782915304,-1.2143414704856252,-1.2469458440242747,-1.082198870177442,-1.3397900046419744,-0.19150424025932866,-0.19351331331989655,2026-06-02,0.9897519263861737,-0.857428234919485,-1.2598569507989528,1.226906172643246,-1.0448167648873015,-1.3235191086519045,-1.2406937416014767
WeatherXM,WXM,DePIN,arbitrum,governance_token,0.147854,0.8946,34.98,60.98,77.92,999,14286845.9,Dune,,,0.0,30.0,55.0,10.0,30.0,50000.0,missing,1594566.0,497517.0,,,,9813.0,2.0,,14.282112156861595,,,True,5.0,,,,,WXM,0.5,0.0490591940621945,,,,,0.4797626843434887,4.0,,,3.645353,0.780701,True,2024-05-30,2026-06-03,-0.9513914680053843,-0.7144585277547565,-1.509992575716846,-1.022388967910941,-2.5855496858805433,-2.420802712033711,-2.6783938464982433,-1.27215472802477,-1.274163801085338,2026-06-02,1.1879322820995295,-0.9325325691605391,-2.1765126891836712,0.8894790075791777,-2.43901071108159,-2.5600393570766085,-2.6565526691349572
Anyone Protocol,ANYONE,DePIN,ethereum,governance_token,0.012999,0.7096,4.871673,20.817284,30.247867,997,59179715.3,Dune,,insider re-code 2026-06-03: in-row contradiction fix; team_pct=10 propagated to insider_pct per file convention insider=team+investor=10,10.0,0.0,10.0,25.0,10.0,0.0,missing,12880000.0,,,,,6000.0,2.0,,16.371186278640483,,,True,55.0,,,,,ANYONE,0.4,0.1031654914013891,,,,,,,,,2.138383,0.577718,True,2023-04-05,2026-06-03,-0.4193472192971596,-0.18241427904653176,-1.5857257251875936,-1.0981221173816884,-1.078651647919503,-0.9139046740726703,-1.1714958085372027,-0.27232020668881274,-0.2743292797493806,2026-06-02,1.5427063924128,-0.8683797671716313,-0.6991943854154171,2.3558346314885985,-0.6905350214981906,-1.4428052974809331,-1.0895664707224766
Grass,GRASS,DePIN,solana,governance_token,0.035201,0.7603,16.01,30.67,38.17,1000,6066697989.9,Dune,,SPL token,22.0,25.2,30.0,22.8,47.2,0.0,missing,285511000.0,161220686.0,,,,3000000.0,2.0,,19.469791115214793,,,True,0.0,,,,,GRASS,0.1,0.1601452795392452,,,,,,,,,1.790178,0.514542,True,2024-10-28,2026-06-03,0.10225826790958681,0.33919120816021464,-0.8269278428486151,-0.33932423504271003,-1.4026648519504623,-1.2379178781036297,-1.495509012568162,0.3226438915689879,0.32063481850842,2026-06-02,1.394838113272453,-0.9305995751617604,-1.005611216530101,1.4135535398897958,-1.1697861838831418,-1.740834331401163,-1.4666434015547993
Livepeer,LPT,DePIN,arbitrum,governance_token,0.198868,0.9416,42.87,63.11,73.71,998,1325973.4,Dune,,Previously excluded; retry,12.35,19.0,63.44,5.0,31.35,0.0,token_terminal_live,102359246.373,102463381.0,57373122.0,,,100.0,8.0,,18.443999206714103,,17.865086493783135,True,0.21,88.5,838701.0,74200000.0,,LPT,0.3,0.019689316119983,,,,,,,,,3.797089,0.83183,True,2018-12-11,2026-06-03,-0.47807973437091256,-0.2411467941202847,-1.1777840170907283,-0.6901804092848233,-0.8681227619964346,-0.7033757881496019,-0.9609669226141344,-0.07039201959658682,-0.0724010926571547,2026-06-02,1.35768715531204,-0.8173198956448375,-0.6394129594581838,1.4241465830561837,-0.6334989221236227,-1.198979937470181,-0.4993714043769658
Helium,HNT,DePIN,solana,governance_token,0.098807,0.9792,22.083466,60.202038,75.331915,999,22223854.1,Dune,,SPL token; governance via HIPs,,,,,0.0,13164903.9,token_terminal_live,197306985.95583,197286767.0,,,,164171.0,7.0,16.39306505122772,19.10027137815024,,,True,,2.15,14638521.73,31525537.57,on_chain_direct_helium_dc_burn_dune_extracted_2026-05-19,HNT,0.5,0.468304,,,,,,,,,3.992364,0.938971,True,2020-04-18,2026-06-03,-0.4562255342961334,-0.21929259404550552,-0.8510819976745561,-0.363478389868651,-0.9326608917491079,-0.7679139179022753,-1.0255050523668077,-0.5393773323362211,-0.541386405396789,2026-06-02,1.0044108036509527,-0.826399524250696,-0.9285651730934796,1.236053480902974,-0.7290248212575006,-1.178672478144142,-1.1490959671936247
GEODNET,GEOD,DePIN,polygon,governance_token,0.060457,0.9077,16.24,47.6,62.31,996,372572073.7,Dune,,Polygon-side governance; Wormhole NTT bridge aggregates Solana holders,25.0,25.0,35.0,0.0,50.0,9194616.0,defillama_fees_proxy,136880402.92892703,60244202.0,,,,21135.0,3.0,16.034128653321428,18.73461813120933,,,True,15.0,4.51,3128868.5,14103933.0,path_b_canonical_dune_burn_to_dead_rev_plus_dune_query_7542071_geodnet_console_emit_net_flow_2026-05-19_dec172,GEOD,0.5,0.4782077228630966,,,,,,,,,4.010692,0.88012,True,2023-09-07,2026-06-03,-0.08746863171368317,0.1494643085369447,-0.27583243289664067,0.2117711749092644,-0.6968609237005826,-0.5321139498537499,-0.7897050843182825,0.16388607894119647,0.1618770058806286,2026-06-02,0.7451912488438265,-0.5615021943896134,-0.9351437295885732,0.6531432019990797,-0.5892575576826041,-0.6222210245798239,-0.24478585604137962
Filecoin,FIL,DePIN,filecoin_native,governance_token,0.022086,0.7431,9.28,24.6,35.61,999,696450383.3,API,,ERC-20 representation (eFIL) has only ~155 holders; MUST use Filfox rich list API | EXCLUDED-FROM-HHI-CROSS-SECTION-PER-CHAIN-HISTORY-DEPTH-CEILING-2026-05-27 (sub-batch 2d HALT-B; Glif RPC 14d + NowNodes ~30-50d ceilings insufficient for T-24m; longitudinal panel deferred per author 'FIL and POKT will be excluded' Wave 1 Phase 1; T+0 cross-section row retained as audit-trail-of-record),15.0,7.5,55.0,5.0,22.5,2877881.9,token_terminal_live,1621690644.94029,633356445.0,55193596.7,19.178548188513226,,3000.0,6.0,14.872565130146194,21.206735049998297,,17.826357502706998,True,17.5,46.05,2874197.0,132350157.0,spacescope_burnt_fil_per_day_plus_tokenomist_baseline_simple_minting_path_b_2026-05-24,FIL,0.1,0.180069891466242,,,,,,,,,2.177708,0.577687,True,2020-10-15,2026-06-03,-0.4276435651317086,-0.19071062488108073,-1.0902001955222176,-0.6025965877163125,-1.1875643589942624,-1.0228173851474298,-1.2804085196119621,0.07893405618751166,0.07692498312694378,2026-06-02,1.0813901339361467,-0.7404032152310339,-1.0981830901967382,1.4353280887759265,-0.951098399891072,-1.25790290478528,-0.9210850846131722
Render,RENDER,DePIN,solana,governance_token,0.027345,0.8842,10.264737,28.751511,43.251156,999,127068487.9,Dune,,Merged: Solana RENDER (rndriz...) + Ethereum RNDR (0x6De...). Both are 1:1 same token. Collect both chains; merge holder lists by unique address. Primary distribution on Solana.,23.3,18.29,16.67,0.0,41.59,2700000.0,missing,906955838.293,883569990.0,,,,1140.0,9.0,,20.625604317029634,,,True,41.74,9.83,3000000.0,29500000.0,on_chain_direct_bme_methodology_foundation_dashboard_extracted_2026-05-19,RENDER,0.2,0.1500749247908249,,,,,,,,,2.467738,0.721,True,2020-06-15,2026-06-03,0.19758970432664488,0.43452264457727274,-0.7628819520436502,-0.2752783442377451,-0.5131085552480857,-0.34836158140125306,-0.6059527158657856,0.11375541437478903,0.11174634131422115,2026-06-02,1.0538729883386875,-0.7794663071330178,-0.4868789322107438,1.7469355477601332,-0.22530621024914665,-1.0638172063103233,-0.6334483294495892
Pokt Network,POKT,DePIN,pokt_native,governance_token,0.089859,0.9441,25.65,52.18,66.7,999,1312737543.9,API,,Primary: POKTscan API for native POKT holders. Secondary: wPOKT on Ethereum (0x67F...). Use POKTscan as primary source. | EXCLUDED-FROM-HHI-CROSS-SECTION-PER-CHAIN-HISTORY-DEPTH-CEILING-2026-05-27 (sub-batch 2d HALT-B; Shannon chain genesis 2025-03-28 with archive-pruning below height 500K; only ~9-10 months Shannon-era coverage; pre-Shannon Morse legacy methodology out-of-scope; longitudinal panel deferred per author 'FIL and POKT will be excluded' Wave 1 Phase 1; T+0 cross-section row retained as audit-trail-of-record),46.85,34.83,2.2,16.1,81.68,22151.4,token_terminal_live,29109169.072158977,24904074.0,169151.9,7.636171980100579,,14000.0,6.0,10.005655978893513,17.186563770902143,,12.038552406779528,True,0.0,7.636171980100579,22151.4,169151.9,tt_methodology_cross_walked_unreliable_post_shannon (pre-cycle flag: UNRELIABLE: TT broke post-Shannon),POKT,0.2,0.5150756919084686,,,,,0.015625,119.0,,,3.898889,0.877896,True,2022-01-12,2026-06-03,0.0693274829575644,0.30626042320819225,-0.8872667415792305,-0.3996631337733254,0.019920588203598252,0.1846675620504309,-0.07292357241410156,-0.3465004336637941,-0.348509506724362,2026-06-02,2.1273414410507647,-0.8658563269787877,0.009364076597764354,0.4763367183948647,0.09839562109128216,-0.5618372407334742,0.3468305319180969
LayerZero,ZRO,L1_L2_Infra,ethereum,governance_token,0.014321,0.8928,3.99,17.61,29.89,998,770710029.0,Dune,,Dune query 6928670; Re-pulled with top-1000 multichain query (2026-05-12 cycle 7B); HHI corrected from prior top-100 cap,25.5,32.2,42.3,0.0,57.7,3530172.0,defillama_fees_proxy,1870000000.0,472000111.0,,,42000000.0,,2.0,15.07685715293491,21.349204267812908,17.553180176247643,,True,0.0,,,,,ZRO,0.3,0.2121804790794024,,,,,,,,,2.344637,0.755594,True,2024-06-20,2026-06-03,0.2552890121142865,0.4922219523649144,-0.04871801010660088,0.4388855976993042,0.11458452162965806,0.2793314954764907,0.02174036101195824,-0.555324372453143,-0.5573334455137109,2026-06-02,1.0547335378697889,-0.6311801416579267,0.10863835984686786,1.3420964330395053,0.3356908475835436,-0.5033824535828024,-0.126074439406877
Wormhole,W,L1_L2_Infra,solana,governance_token,0.011868,0.8638,7.327825,13.178892,18.49683,999,7533130060.2,Dune,,SPL token; Dune query 6928673,12.0,11.6,17.0,23.3,23.6,257976.0,defillama_fees_proxy,145638900.0,81449390.0,,,35000000.0,,2.0,12.460621836321009,18.796640828372897,17.37085861945369,,True,36.1,,,,,W,0.3,0.1540966307835928,,,,,,,0.0743934353422226,6.0,1.905719,0.6976,True,2024-04-03,2026-06-03,-0.8503763094186967,-0.6134433691680689,-1.7428737747411276,-1.2552701669352224,-1.6682633194995677,-1.5035163456527352,-1.7611074801172675,-0.22168386064137946,-0.22369293370194734,2026-06-02,1.111381350708993,-0.8762084359039487,-1.5010719033888038,1.6084202661620688,-1.4032809479754513,-2.119722134902859,-1.6603525512115365
Morpheus AI,MOR,DePIN,arbitrum,governance_token,0.046366,0.9121,12.61,44.05,55.43,997,3426839.8,Dune,,AI compute DePIN; Dune query 6928672; Re-pulled with top-1000 multichain query (2026-05-12 cycle 7B); HHI corrected from prior top-100 cap,0.0,0.0,48.0,4.0,0.0,997116.0,defillama_fees_proxy,12703792.0,,,,,120.0,2.0,13.81262239122309,16.35741108953905,,,True,48.0,13.84,874659.0,12107145.0,distribution_overplus_bridged_stETH_ethereum_path_b_canonical_2026-05-24,MOR,0.3,0.2171227438250501,,,,,,,,,3.863053,0.863164,True,2024-05-20,2026-06-03,-0.035778031850705626,0.20115490839992223,-1.2263896719199578,-0.7387860641140528,-1.7583464057778369,-1.5935994319310043,-1.8511905663955366,0.3940571601578048,0.39204808709723693,2026-06-02,1.578995478253481,-0.9455368724726987,-1.1135854598663795,1.6059183974245264,-1.4937762095571923,-3.5527348052219803,-1.2196290868384028
Axelar,AXL,L1_L2_Infra,ethereum,governance_token,0.02307,0.8493,8.680816,26.530608,38.625237,996,100186026.6,Dune,,axlAXL bridge token on Ethereum; primary governance on Axelar Cosmos chain via staking. Dune query 6928671; Re-pulled with top-1000 multichain query (2026-05-12 cycle 7B); HHI corrected from prior top-100 cap,17.0,29.5,41.0,12.5,46.5,33312.0,defillama_fees_proxy,57728891.7214417,53362843.0,,,18000000.0,,4.0,10.413672971414696,17.871268329233608,16.70588231586044,,True,0.0,,,,,AXL,0.1,0.4334804098643276,,,,,,,,,3.919992,0.83469,True,2022-09-27,2026-06-03,-0.9043667777285267,-0.6674338374778989,-1.8186398993315673,-1.3310362915256624,-1.913212765126887,-1.7484657912800545,-2.006056925744587,-0.007049062472018518,-0.009058135532586397,2026-06-02,1.1251140465674876,-0.90034603495304,-1.7004611852138378,1.439573340438136,-1.6760474136591292,-1.873497256113387,-1.7751220648591544
MetaDAO,META,DeFi,solana,governance_token,0.015176,0.8752,6.21,20.8,28.63,999,17957.3,Dune,,Futarchy governance; ~558k total supply in top-58 holders. Conditional vault excluded (rank 1). Dune query 6928851,,,,,0.0,182088.0,defillama_fees_proxy,80726971.0,80726971.0,,,1200000.0,,3.0,12.11224536568602,,13.997832114758229,,False,,,,,,META,1.0,0.4143676736088373,,,,,,,,,2.418677,0.733318,True,2025-08-16,2026-05-19,-0.7172002421315788,-0.480267301880951,0.7388671267735301,1.226470734579435,,,,,,,,,,,,,
Lido,LDO,DeFi,ethereum,governance_token,0.007669,0.7652,3.210182,11.688605,18.25479,991,470563513.1,Dune,,Lido DAO governance token. Dune query 6928798. R2-recompute 2026-05-18 from full top-1000 holder list (was 189-row curated set); Path B universal ATH convention 2026-05-19: Top-1% = single-largest-holder share (17.07%); Top-5% = top-5-holders sum (29.48%); Top-10% = top-10-holders sum (35.99%) per universal Table 4 convention.,35.0,22.18,0.0,36.32,57.18,80518092.8,token_terminal_live,326931000.0,277578113.0,6131082.2,0.0761453977210945,450000000.0,,6.0,18.203992472414612,19.605259697421648,19.92475814072864,15.628881833929457,True,6.5,0.0761453977210945,80518092.8,6131082.2,tt_methodology_cross_walked_dune_poc,LDO,0.1,0.0245100286570641,,,,,0.0193472201962541,411.0,,,2.421405,0.682515,True,2021-01-05,2026-06-03,-0.6905956179640514,-0.4536626777134236,-1.459026524130042,-0.9714229163241369,-1.1511879805598006,-0.986441006712968,-1.2440321411775004,0.0981535772513487,0.09614450419078081,2026-06-02,1.0737556973107507,-0.818827582300777,-1.0721135016493797,1.8050464597964906,-0.853812038655392,-1.433150391900665,-0.5708323293447121
Gitcoin,GTC,Social_Dead,ethereum,governance_token,0.021504,0.8877,7.1,22.94,36.77,996,34203928.9,Dune,,,17.5,17.5,15.0,50.0,35.0,,missing,7593700.0,6643467.0,,,9000000.0,,5.0,,15.84282951412128,16.012735135300492,,True,0.0,,,,,GTC,0.4,0.0761073346021612,,,,,0.021271831823148,182.0,0.0297304457845086,114.0,3.283391,0.821983,True,2021-05-25,2026-06-03,-0.3733577867416738,-0.13642484649104594,-1.3871348031409672,-0.8995311953350621,-1.3033315281926956,-1.138584554345863,-1.3961756888103953,0.020345111639646044,0.018336038579078166,2026-06-02,1.0151412642286304,-0.8259597909565642,-1.283891783458385,1.4424664858918421,-1.0656895397665413,-1.433176167472685,-0.9858343890090064
Token Engineering Commons,TEC,Social_Dead,gnosis,governance_token,0.027769,0.9067,9.22,29.62,44.21,742,1546092.3,Dune,,Wound down; survivorship bias control; ~732 holders,,,,,,,missing,,,,,800000.0,,5.0,,,13.592367006650065,,False,,,,,,TEC,0.2,0.0905797435946608,,,,,0.050441730249578,28.0,,,2.239593,0.782763,True,2022-01-25,2025-12-03,,,,,,,,,,,,,,,,,
Aethir,ATH,DePIN,ethereum,governance_token,0.100101,0.9426,25.418014,51.292998,60.122396,992,14064354130.8,,,"R2 canonical 2026-05-19 (8-PCA cascade): HHI/Gini recomputed from holders_ATH_2026-05-17.csv applying 8-PCA exclusion methodology. 7 documented PCAs (VestingWallet, MerkleVester, TokenManagerProxy, EigenLayer StrategyBase, AethirWrapper, Kraken-funded, Aethir Safe multisig 0x3e7e) plus 8th Safe multisig 0xfc78 confirmed via Etherscan verification (Class 2 typology match). Pre-cascade HHI was 0.087 with 7-PCA exclusion; sensitivity analysis in Section 4.8.",50.0,12.0,20.0,18.0,62.0,111334358.0,token_terminal_live,472000000.0,472000000.0,39489631.0,0.355,,,2.0,18.528048465823325,19.97248954354983,,17.49154868908142,True,,0.15,166000000.0,24900000.0,Messari + Dune,ATH,0.3,0.3277411613586541,,,,,,,,,4.165885,0.913902,True,2024-06-12,2026-06-03,-0.7004589979469233,-0.4635260576962955,-2.2314936501881095,-1.7438900423822044,-1.8381678860916202,-1.6734209122447876,-1.93101204670932,0.02367509822944178,0.021666025168873903,2026-06-02,1.1548748270501368,-0.923280812610563,-1.591659843159625,1.4521225262012387,-1.5989350942451495,-1.744941769174222,-1.4048969798250792
Hivemapper,HONEY,DePIN,solana,governance_token,0.020352,0.9144,4.968309,19.803788,32.713588,1000,5.935965629257318e+18,dune_solana_utils_latest_balances,,"Requeried 2026-04-01 via Dune. Top-100 from solana_utils.latest_balances, rescaled to actual supply 6.52B (Helius). Placeholder was 0.0198 (overcount by 13%). Ranks 77-92 flagged as possible staking accounts. R2 calibration 2026-05-18: top-1000 Gini + Top-N% per Phase 0 memo Tier A1 (0.9181 / 6.65% / 33.72%); n_holders set to 1000 (top-1000 convention).",15.0,15.0,70.0,0.0,30.0,447000.0,b3_s2r_derived,11781858.0,10503051.0,2400000.0,5.46,,200000.0,3.0,13.010313873595706,,,14.690979295318174,True,,5.46,18000000.0,98400000.0,Messari + Dune,HONEY,,,,,,,,,,,2.36645,0.776329,True,2023-02-16,2026-06-03,-1.1467607124036427,-0.9098277721530149,-1.7017434710124293,-1.2141398632065243,-2.5209266378405446,-2.356179663993712,-2.6137707984582446,-0.49441332836786206,-0.4964224014284299,2026-06-02,1.1202432105968516,-0.939171068912375,-2.2503386889507913,0.9890737459434253,-2.3579797312850155,-2.3331949978224267,-2.540870299158022
io.net,IO,DePIN,solana,governance_token,0.040248,0.9422,12.324753,37.692497,54.123393,1000,7.071672493682446e+16,,, R2 calibration 2026-05-18: Gini + Top-N% per Phase 0 memo Tier A1 (0.9467 / 30.0% / 63.7%); n_holders set to 1000 (top-1000 convention).,15.0,25.0,50.0,10.0,40.0,21000000.0,io_net_blog_estimate,150989614.0,62948516.0,8400000.0,0.4,,,2.0,16.860032995687696,,,15.943742263813542,True,,0.56,30000000.0,16800000.0,Messari + Dune,IO,0.0,0.0,,,,,,,,,3.386524,0.837136,True,2024-06-11,2026-05-19,-0.4593484159455934,-0.22241547569496553,-1.758127734059372,-1.2705241262534668,-1.991889712825875,-1.8271427389790424,-2.0847338734435747,,,,1.166580099201726,-0.9147985544806715,-1.7074607343198265,1.7954109193963053,-1.6961011970437758,-2.798245224778489,-1.641136855920927
Hyperliquid,HYPE,DeFi,hyperliquid_l1,governance_token,0.005158,0.6463,2.35,9.94,15.53,1000,131418193.3,Hypurrscan,,R2 canonical 2026-05-19: Revenue + emissions added. Revenue from Jan 2026 monthly Assistance Fund inflow (~$65M/month x 12 = $780M annualized; 97% of trading fees flow to Assistance Fund buybacks per protocol design). Emissions effectively zero (no operator/staker protocol rewards; team vesting is allocation-unlock not protocol emission per the methodology consistent across the 40-protocol sample). subsidy_ratio placeholder 0.001 represents effectively zero-emissions division by $780M revenue.,29.8,0.0,31.0,39.2,29.8,780000000.0,public_buyback_data_jan_2026,35000000000.0,9300000000.0,0.0,0.001,,,2.0,20.47480447764791,24.278613898435825,,,True,,0.001,780000000.0,0.0,Assistance Fund flow (Jan 2026 baseline),HYPE,0.0,0.0,,,,,,,,,3.979136,0.796293,True,2024-11-29,2026-06-03,0.24683860323418993,0.48377154348481777,-0.3643967746759649,0.12320683312994019,1.013378037161987,1.1781250110088195,0.9205338765442871,0.6630836417337775,0.6610745686732097,2026-06-02,1.0193503902575025,-0.6426282422022346,0.9941410204453771,1.3258878101829055,1.2318140415500232,0.40307476203122977,1.145829653918072
Balancer,BAL,DeFi,ethereum,governance_token,0.029037,0.8699,13.25,27.95,35.16,989,26993241.2,Dune,,"8 protocol-controlled addresses excluded: V2 Vault, Treasury Safe, Fundraise multisig, Team multisig, veBAL-active Safe, Arbitrum bridge, Polygon bridge, veBAL Voting Escrow. HHI revised after exclusion of protocol-controlled addresses.",20.0,5.0,65.0,5.0,25.0,3300000.0,defillama_fees_proxy,13800000.0,9300000.0,,,13700000.0,,6.0,15.009433026436708,16.440179150127435,16.432906390798355,,True,,,,,,BAL,0.0,0.0,,,,,0.0351444475443708,1065.0,,,2.152745,0.685606,True,2020-06-23,2026-06-03,-1.4781815041331487,-1.2412485638825208,-2.142616750174175,-1.65501314236827,-2.2557193960722906,-2.090972422225458,-2.3485635566899905,-0.1623812820185997,-0.16439035507916758,2026-06-02,1.0603892165912128,-0.9169220858147636,-2.1272560686005972,1.398831169902458,-2.0252661939082377,-1.5214323073820903,-1.5870770879461336
World Liberty Financial,WLFI,DeFi,ethereum,holder,0.081244,0.965886,25.904617,42.715237,53.981792,994,30691097884.58699,Sim API EVM token-holders + Sim API balances (PCA classification per S21 4-property signature + Etherscan attribution),,Cohort extension Phase 5+ Item 5 cycle 2026-05-27; pre-exclusion HHI=0.257714 (n_top1000_holders=1000); post-exclusion HHI=0.155738 after 8 PCA exclusions (74.78% of top-1000 share; 2026-05-29 missed-PCA fix added DolomiteMargin Class-5 and LockReleaseTokenPool Class-4 to the prior 6; pre-fix was 0.126524); sister to Cycle 4 sister-cluster paired-set pattern (PAIRED Class 3 candidates surfaced in WLFI),33.507,33.893,32.6,0.0,67.4,0.0,DeFiLlama (no protocol-fees data; USD1 stablecoin issuer; governance token; no current on-chain fee accrual),5907855216.0,1877128874.0,0.0,0.0,746000000.0,,0.7337,,22.499549,20.430236,,False,0.0,0.0,0.0,0.0,no_on_chain_fee_accrual (governance token; USD1 yields go to USD1 issuer not WLFI holders),WLFI,,,,,,,0.0510004788442209,7.0,,,,,True,2025-09-01,2026-06-03,-0.3245763896079661,-0.08764344935733823,-0.7617838963496446,-0.27418028854373955,,,,-0.5699295917305934,-0.5719386647911613,2026-06-02,,,,,,,
Ethena,ENA,DeFi,ethereum,holder,0.04267,0.922867,15.805083,36.871957,47.357204,998,12741411644.782618,Sim API EVM token-holders + Sim API balances (PCA classification per S21 4-property signature + Etherscan attribution),,Cohort extension Phase 5+ Item 5 cycle 2026-05-27; pre-exclusion HHI=0.045992; post-exclusion HHI=0.047164 (3 PCAs; 22.11% top-1000 share excluded; 2026-05-29 missed-PCA fix added Ethena Staked ENA Class-3; pre-fix was 0.046747),30.0,25.0,28.0,15.0,55.0,9780312.0,DeFiLlama protocol fees (Ethena; 30d * 12 annualization),1474177341.0,887116927.0,0.0,0.0,,,2.2259,16.095882,21.111366,,,True,2.0,0.0,9780312.0,0.0,DeFiLlama_protocol_fees_30d_annualized,ENA,,,,,,,0.0490647930425839,6.0,,,,,True,2024-04-02,2026-06-03,-0.8274854801198136,-0.5905525398691858,-1.9527961592367051,-1.4651925514308002,-1.1751061058755694,-1.0103591320287368,-1.2679502664932691,-0.1990908933076986,-0.2010999663682665,2026-06-02,1.2100703013659073,-0.8789314632990403,-0.9711056494396474,1.8063090364671535,-0.8775221582854195,-1.4455106723751614,-0.9904350585482871
Pump.fun,PUMP,DeFi,solana,holder,0.031642,0.915528,9.749604,34.456049,47.853758,994,299024089285.60583,Helius DAS getTokenAccounts (owner-aggregated per EC-2026-05-27 fix + Sim API SVM balances PCA signature probes),,Cohort extension Phase 5+ Item 5 cycle 2026-05-27; pre-exclusion HHI=0.199667 (n_top1000_holders=1000); post-exclusion HHI=0.040147 after 6 PCA exclusions (65.13% of top-1000 share); sister to Cycle 4 sister-cluster paired-set pattern (PAIRED Class 3 candidates surfaced in PUMP),20.0,13.0,27.0,4.4,66.0,365000000.0,Public reporting (Tokenomics.com 2026 + Cryptopolitan; 100% revenue used for PUMP buybacks; ~$1M daily),1587408445.0,648836944.0,0.0,0.0,,,0.8734,19.715408,21.185369,,,True,2.6,0.0,365000000.0,0.0,public_buyback_program_daily_inflow_estimated,PUMP,,,,,,,,,,,,,True,2025-07-14,2026-06-03,-0.33955222511447736,-0.1026192848638495,-1.316685019382071,-0.8290814115761659,,,,-0.08375749123675405,-0.08576656429732193,2026-06-02,,,,,,,
Jito,JTO,DeFi,solana,holder,0.026567,0.909192,9.878887,29.309692,41.174594,997,731294738.191053,Helius DAS getTokenAccounts (owner-aggregated per EC-2026-05-27 fix + Sim API SVM balances PCA signature probes),,Cohort extension Phase 5+ Item 5 cycle 2026-05-27; pre-exclusion HHI=0.060822 (n_top1000_holders=1000); post-exclusion HHI=0.025881 after 3 PCA exclusions (25.43% of top-1000 share); sister to Cycle 4 sister-cluster paired-set pattern (PAIRED Class 3 candidates surfaced in JTO),24.5,16.21,34.29,25.0,40.71,7010964.0,DeFiLlama protocol fees (Jito; 30d * 12 annualization),533734911.0,254093103.0,0.0,0.0,,,2.4695,15.762986,20.09541,,,True,0.0,0.0,7010964.0,0.0,DeFiLlama_protocol_fees_30d_annualized,JTO,,,,,,,,,,,,,True,2023-12-07,2026-06-03,-0.3486246087517369,-0.11169166850110904,-1.972725477357928,-1.4851218695520227,-2.078740359861508,-1.9139933860146754,-2.171584520479208,0.7334861087584231,0.7314770356978553,2026-06-02,1.0771050474772927,-0.9020432720754027,-1.9299327997117492,1.5769899867248378,-1.8189360317618362,-2.1333093696370327,-1.5633512244674388
Bonk,BONK,DeFi,solana,holder,0.022611,0.866769,7.916147,26.448882,40.845231,995,59524512384331.25,Helius DAS getTokenAccounts (owner-aggregated per EC-2026-05-27 fix + Sim API SVM balances PCA signature probes),,Cohort extension Phase 5+ Item 5 cycle 2026-05-27; pre-exclusion HHI=0.027466 (n_top1000_holders=1000); post-exclusion HHI=0.022611 after 5 PCA exclusions (25.29% of top-1000 share); sister to Cycle 4 sister-cluster paired-set pattern (PAIRED Class 3 candidates surfaced in BONK),21.05,0.0,57.89,15.79,21.05,4070000.0,no_protocol_fees (memecoin; no on-chain fee accrual; trading volume + ecosystem activities only),526195560.0,526195560.0,0.0,0.0,,,3.4196,,20.081183,,,False,5.26,0.0,0.0,0.0,no_on_chain_fee_accrual_memecoin,BONK,,,,,,,,,,,,,True,2022-12-29,2026-06-03,-0.4359017521875343,-0.19896881193690644,-1.4639413527570087,-0.9763377449511036,-0.5922090309013823,-0.42746205705454965,-0.6850531915190822,-0.0863273831582954,-0.08833645621886328,2026-06-02,1.2427274200977927,-0.8562557471031508,-0.4765397635265673,1.9183041208190532,-0.27617423207853714,-0.9776700308947832,-0.6501012551472056
Kamino Finance,KMNO,DeFi,solana,holder,0.026914,0.9376,7.984709,28.608142,44.217266,999,7532330767.520032,Helius DAS getTokenAccounts (owner-aggregated per EC-2026-05-27 fix + Sim API SVM balances PCA signature probes),,Cohort extension Phase 5+ Item 5 cycle 2026-05-27; pre-exclusion HHI=0.076729; post-exclusion HHI=0.031341 (1 PCAs; 24.24% top-1000 share excluded),20.0,35.0,35.0,10.0,55.0,8661660.0,DeFiLlama protocol fees (Kamino Lend; 30d * 12 annualization),200056318.0,94095380.0,0.0,0.0,,,2.0726,15.974417,19.114109,,,True,0.0,0.0,8661660.0,0.0,DeFiLlama_protocol_fees_30d_annualized,KMNO,,,,,,,,,,,,,True,2024-04-30,2026-06-03,-1.0879168275063367,-0.8509838872557088,-1.1411228345452575,-0.6535192267393525,-0.8976352896564973,-0.7328883158096646,-0.9904794502741971,-0.14399387150133863,-0.14600294456190652,2026-06-02,1.082206380591881,-0.8023708137610401,-0.8294492674914391,1.388561892227501,-0.6688739199129861,-0.911358471223459,-0.7927926001763704
Frax Finance,FXS,DeFi,ethereum,governance_token,0.032411,0.9095,11.13,35.79,50.32,993,108360317.0,Dune Sim API EVM token-holders 2026-05-27 + Etherscan + Nansen audit,S18_phase4_evm_minibatch,Phase 4 EVM mini-batch ship 2026-05-27; PCA exclusions per S18 v2 audit (Fraxtal Optimism Portal + veFXS + Fraxferry + Uniswap v4 + Frax Comptroller + FraxswapPair + Bitvavo); HHI full = HHI confident (no TENTATIVE remainders); tokenomics allocation from Frax docs.frax.finance / community sources (best-effort; verify against Frax v3 whitepaper before publication),35.0,12.0,45.0,8.0,47.0,0.0,defillama_30d_fees_extrapolated,40111833.588,40111833.588,0.0,0.0,67137376.0,,6.0,,17.50718195068792,18.022251466238274,,False,0.0,0.0,0.0,0.0,phase4_minibatch_defillama_proxy_partial,FXS,,,,,,,0.1051086979843172,514.0,,0.0,,,True,2020-12-21,2026-06-03,-0.11830133906091517,0.1186316011897127,-1.5235582983432245,-1.0359546905373196,-0.951401167745302,-0.7866541938984694,-1.0442453283630018,-0.45499155927523205,-0.4570006323357999,2026-06-02,1.3016200200330592,-0.8514601741168499,-0.7309361819136261,1.2369438544989055,-0.7476184108981715,-1.0094294437234435,-1.2349315868325115
Synthetix,SNX,DeFi,ethereum,governance_token,0.017075,0.8959,8.38,26.16,36.5,990,348363120.0,Dune Sim API EVM token-holders 2026-05-27 + Etherscan + Nansen audit,S18_phase4_evm_minibatch,Phase 4 EVM mini-batch ship 2026-05-27; PCA exclusions per S18 v2 audit (Synthetix Core V3 + SynthetixBridgeEscrow + Binance 8 + Coinbase 10 + Binance 14 + Luno + Crypto.com + Bitpanda + Bitvavo + Bitvavo Hot Wallet); tokenomics from Synthetix 2018 docs.synthetix.io,20.0,5.0,60.0,3.0,25.0,31633.333333333332,defillama_30d_fees_extrapolated,108828528.0385,109059401.0,0.0,0.0,42540849.0,,8.0,10.36196669592991,18.505284064252283,17.565975325224095,,False,12.0,0.0,31633.333333333332,0.0,phase4_minibatch_defillama_proxy_partial,SNX,,,,,,,0.1621478784969522,969.0,,,,,True,2018-03-21,2026-06-03,-0.41951586633949334,-0.18258292608886548,-0.8562697847374853,-0.3686661769315802,-0.9945863289292505,-0.8298393550824178,-1.0874304895469502,-0.05706527935841931,-0.05907435241898719,2026-06-02,1.2888309407513105,-0.8777278742950784,-0.7716965022188764,1.6992196860543087,-0.7146450277508397,-1.2371153091289822,-0.6752242780477359
Gnosis,GNO,DeFi,ethereum,governance_token,0.042485,0.9111,13.84,36.95,51.74,987,9957807.0,Dune Sim API EVM token-holders 2026-05-27 + Etherscan + Nansen audit,S18_phase4_evm_minibatch,Phase 4 EVM mini-batch ship 2026-05-27; PCA exclusions per S18 v2 audit (Gnosis Vesting + Gnosis Active Treasury Management + Gnosis Disbursement-2 + LGNO + Omnibridge + null burn + koeppelmann.eth Safe + Binance 8 + Crypto.com + Bitvavo + Bitvavo Hot Wallet); plus Stefan George + TransparentUpgradeableProxy as TENTATIVE; HHI full classification used; tokenomics from Gnosis 2017 ICO whitepaper; insider re-code 2026-06-03: 2017 Dutch auction sold ~4.18pct (community); ~95.82pct team/ConsenSys-retained reclassified treasury to team under strict-TGE convention; insider=team+investor=95.82,95.82,0.0,4.18,0.0,95.82,116800.0,defillama_30d_fees_extrapolated,1168800000.0,1168800000.0,0.0,0.0,0.0,,9.0,11.668218349376264,20.879243418400765,,,False,0.0,0.0,116800.0,0.0,phase4_minibatch_defillama_proxy_partial,GNO,,,,,,,0.1090114816055424,252.0,,,,,True,2017-05-01,2026-06-03,0.031520064982533756,0.2684530052331616,-0.128951686071991,0.358651921733914,0.04120818245079998,0.2059551562976326,-0.05163597816689984,-0.15557448838688945,-0.15758356144745733,2026-06-02,0.6845881229201284,-0.375069644193369,0.06019412413266214,1.243202664902918,0.24602205937187285,-0.35615594526178457,0.20660957671676375
Algorand,ALGO,L1_L2_Infra,algorand,governance_token,0.059096,0.8707,19.87,42.54,54.6,964,,AlgoNode indexer v2 top-1000 + behavioral-signature PCA (DEC-203 S21),ALGO_holding_hhi_2026-04-30,N=52 expansion (L1); post-PCA 36 excluded (31 Class2 treasury + 5 Class5 CEX); behavioral-signature classification (explorer labels unavailable); covariates partial -> not regression-ready,,,,,25.0,6072.0,,1025050765.0,1025011813.0,,,,,6.75,,,,,False,,,,,,ALGO,,,,,,,,,,,,,True,2019-06-21,2026-06-03,-0.2942664685512306,-0.05733352830060276,-1.0237724341842414,-0.5361688263783363,-0.7824608750157794,-0.6177139011689468,-0.8753050356334793,0.2765282848932583,0.27451921183269046,2026-06-02,0.8521467539850518,-0.7450994974114119,-0.918223148016011,1.4681492431330543,-0.5405877300540926,-1.0326908707497178,-0.4300063976164008
Polkadot,DOT,L1_L2_Infra,polkadot_assethub,governance_token,0.0052,,3.09,8.38,13.0,989,,Subscan AssetHub top-1000 + dot_pca_refined (Binance-cluster Class5 ground-truth excluded),dot_pca_refined_2026-05-27,"N=52 expansion (L1); holder-HHI post-PCA 0.0052 primary (Binance cluster excluded, SubSquare+extrinsic ground-truth) / 0.0093 sensitivity (Class5-rejected). DISTINCT from validator-set HHI 0.0017 (Phragmen, F-B2-29). covariates partial -> not regression-ready",,,,,11.4,95381.0,,2019292986.0,2019292986.0,,,,,5.83,,,,,False,,,,,,DOT,,,,,,,,,,,,,True,2020-08-19,2026-06-03,-0.3661063375305962,-0.12917339727996832,-1.1572310437232227,-0.6696274359173177,-1.0836289607183418,-0.9188819868715091,-1.1764731213360415,-0.20189616379945316,-0.20390523686002104,2026-06-02,0.8732168453757124,-0.7657401159192813,-1.2409620433422774,1.4244806382394901,-0.8489500862649824,-1.1452268640329164,-1.0182493637352752
Bittensor,TAO,L1_L2_Infra,bittensor,governance_token,0.007486,,3.57,12.69,20.77,994,,TAOSTATS top-1000 coldkey + principal-exclusion PCA (registry CEX coldkeys),tao_pca_2026-05-29,"N=52 expansion (L1); principal-excluded holder-HHI 0.0075 (6 registry CEX/bridge excluded, 12.6% top-1000) / 0.014 raw. Opentensor-foundation + subnet-staking long-tail deferred (Substrate CEX-attribution gap). category L1 primary; TAO-as-DePIN sensitivity reported. covariates absent -> not regression-ready",,,,,0.0,0.0,,5354186372.0,2446988358.0,,,,,4.3,,,,,False,,,,,,TAO,,,,,,,,,,,,,True,2023-03-03,2026-06-03,-0.16997204695726434,0.06696089329336352,-0.3653056833871389,0.12229792441876614,-0.03185701399999446,0.13288995984683818,-0.12470117461769428,0.01326563588570592,0.01125656282513804,2026-06-02,0.9952540984727377,-0.7076357237890822,-0.03200892520702054,1.5517226681085245,0.22378459982041643,-0.5528356784578035,0.13981411806065613
