address,balance
0xb6e39e540e3472e927001bbbf77ffb5ab357b0e0,14760173.28
51PZFsSVorGDsWLopZvsqZ4zT1cHNzhfsL9KaJtBqZk1,12546073.86379149
0xf97deb1c0bb4536ff16617d29e5f4b340fe231df,6524752.374562567
6FEVkH17P9y8Q9aCkDdPcMDjvj7SVxrTETaYEm8f51Jy,6137325.72055464
5cQj8RLUU2or1aGnmufs5LPwCaijp7w7H5gCWJfNRfKX,5112354.38034506
7TWnq4WeYcwQWBCwKeEX2Q9xqVtthPGkB7adNvueuVuh,4843496.990732529
6LY1JzAFVZsP2a2xKrtU6znQMQ5h4i7tocWdgrkZzkzF,4821025.73182782
0x2ed60539c655a9e74f3a7c24633da18dbf4bb221,4204466.130000001
AYm4Knn6Sw1f52Eq42ujQ2ez5Xb7iBJeviprFCA7ADCy,4182515.2384946705
J8k11p1E2FKfYhVxgNkKT9xWUz7Npwqx1RPQvGcfo56H,3540584.74402143
5tzFkiKscXHK5ZXCGbXZxdw7gTjjD1mBwuoFbhUvuAi9,2923465.74017787
5PAhQiYdLBd6SVdjzBQDxUAEFyDdF5ExNPQfcscnPRj5,2871158.00324507
u6PJ8DtQuPFnfmwHbGFULQ4u4EgjDiyYKjVEsynXq2w,2578538.42344978
Gem2VAypSg7Ai7vjDKPTtqFahpoQWkfgVkyzx3rPoTka,2497410.2417669
0xafcd96e580138cfa2332c632e66308eacd45c5da,2350045.0
0xe92e65049b3c2ca12806e9567b08895118c5a03f,2049977.6846667991
0x0d0c6c8156254ef470efb59ab1c481d8490ca1b9,1900010.0
2Ejnns2Fd5gsZdFJbnkZmQEwbrgoiMc2ikKcS2z2Ps3e,1731305.05159065
DMe3ddj7awSR3LFC64rjmCPexsrSv33QAxFoJux4vGH3,1715303.63908706
0x40ec5b33f54e0e8a33a975908c5ba1c14e5bbbdf,1415676.8549750112
FSQ2X6u1ZAuS6vEeztFmZ8RvKWLa6M7wNwL6FCRouSTy,1374293.32034932
4xLpwxgYuPwPvtQjE94RLS4WZ4aD8NJYYKr2AJk99Qdg,1110308.67467509
0x6de037ef9ad2725eb40118bb1702ebb27e4aeb24,1054578.6339323255
0xc8fb968c8e696092521206b8425f7467859cf8fd,969200.0
0x7f5b47f315178529b3714982845f92d001490441,939950.7620045416
0x1ac8a8e1af8a1d1d38214e197972d12c1ac78c15,869805.0
9RZd3P9RhJfmmLTRzmdwAzQkK28DJojvb9hExnU95pdR,863721.6817061501
49mvMufixEbUMzZEUVAnbQ8hLLuEWy789XfKUNTz7wCv,832087.80506054
0xab450ce39035bd8318cfd4c2998f41ce9a7e8752,759848.2873785428
8BGXiTgZUNXNvyKngikDZ4TrXgMZYQSEDHiKv1zekJRy,720344.68000035
0x6f323854495fed0d8ea0717b786f8d9cb94ec322,677194.7136916673
8wM44Ryv9DFCSfkgUnPEPgnsc53arT4cnmXL6LnnC4UW,645923.30914834
0xfc11ea36cf4ccfe9c45f81eb5cf7a20691eae749,638580.0
0xc041ea5bd5555ab601b44e283d99801d14f41eea,613448.2451001704
J8FNbQnRGmgHaPrmUsjJ7sdM7gaJVbcvEfYGCmVs69bE,609337.54736854
C68a6RCGLiPskbPYtAcsCjhG8tfTWYcoB4JjCrXFdqyo,604826.98171921
0xc4a00a77fd75d184ce98f3fcaf54e90fecdc6469,597727.5960152709
0x86685b1591e957540972a2d1616093c902e87514,592652.1778281049
0x55e5327f30c90ee852c4dc5e27934191804cfe13,570974.228034277
0x7892f29caa9584aed711101e687b9435e9aea8cb,570974.228034277
0x76ec11b6b626a76d2f5b47a404e8ec42f4b4b3ef,570974.2280342769
0x2cbc6b0728dd3592fa09498f2ebf7d4d7b1ad175,568573.2988926054
0xfb61546c2093fb705b9c58984ee862db2a75998c,566207.1210648734
0xbe1c285836298b901e41dc5384abe0016f0a582f,565646.8777875188
0xdfd589770a91e3c17f1b52c0ebb7f19ee8837ad5,564414.7801232656
6xfPFKnwv48XvxpFf4athewqGFvSTKQcMmfzYapgZ2sG,531725.52511778
0xb25c12ce9b48d53474bd9166bc34019d7c26889f,500000.0
EMpuKg7N2iERjj3FdqkKdrLKHPgq7hVDzB5hxkcUxRyB,495932.0
0xd0529a81990971409513fea611d650af83210e75,488106.1381165553
0xdc39c57a7b2490e418322082d709f97f7b5fbf25,488106.1381165552
0x1b39b629007cff3b41c8e1a62a5caf83ebf0f708,488106.1381165552
0x72b3889084b315118d7f72b4a25b16ce442c4d10,488106.1381165552
0x14779ecc45fb661369cb648382e89af459fdcceb,488106.1381165552
0x9cf11f24a55f5988fc82afa29b363ca5f6323413,488106.1381165552
0x0f61c85534aa4f46219bff6604126e115519b040,488106.1381165552
0xca2df56654b81fb6ace3ca8320a3578b32bca7a2,488106.1381165552
8XczZeEmUpyvbYF6mbzFX2kTreAu9zLxygRqX4hCUBRv,485063.39795665
tsmNWYeJYhQkLWo9gjcnpYqDMVxmxs6bzG21354omYL,480042.47355942
0x4a2d57d669f2194fa7b5df619cba9f33ccea26bd,473809.411
0xe00df12940af943a6ed2235a0f9e2eaa9c10b6b0,458818.81252077926
0x08e3bbf3ce7c440aeaa2700ec7be91b4c7d05a8e,458818.8125207792
0x68f2fbfe4d14c8c50e1d499b0df6f273edfbb178,458818.8125207792
0xe877a3d414dd9818096e0d14ae3218910e9756fc,456195.5145718435
0xf0871e0d9fec04829c680ad5e6ca30e01b86e097,456195.5145718435
0xacb51bfd317578214e73b359eca9602c688c8f3d,456195.5145718435
0xc0dd8a300c0bfc6a3bcdd7b70d3cd1400d6503c2,456195.5145718435
0x242d2ce2dcacc6961fd2b79e4013f9b9734dd0c1,456195.5145718435
0x4f8548e34f4737a47318f468f9bfe8edf9e5b2b2,456195.51457184344
0x3a3fe476df11c222e7d0201ef67d0d0071d0f03b,456195.51457184344
0xf1231951df308eb51918a33b626c0f20c242e766,453607.7107104362
0xeefd1650ae75801a9ed4be8c990b949cc905b63a,442768.0
0x7b521d0d16b0b68dc49f09f5900eeeb9011c68fc,377026.7300000191
0x111cff45948819988857bbf1966a0399e0d1141e,327983.0
GK35nWN6ZHSGZrRTf8kTQd8RkFCighChPEb41XwSFVAC,315264.4432366
0x4b3f6de05c0d85dc20555bf07070e06b9083c596,285396.1438159105
0xe30a956e5a615d3eab55655f9d42dbe4e1033eb5,280002.0
0x9359ecf077186d4543bd53bc3528da4a80938c79,274458.40701573
0xb93b19592a9548d7b17aae0bd72808b6c22d75ba,271467.63913
0xd0542211c29aed4da42b58d63ed5950aa46cfe4e,263152.82351705164
5vVXovupYMuYAg8g112Xtm2tSA3JxyEzM1CAM4yQxFDp,248189.86171011
0xb8ba36e591facee901ffd3d5d82df491551ad7ef,237061.01843159972
0x6cf0569bf06069e27fca1ff3d6cb398116f0a097,230000.0
0x972915c689e937efefc2dc401a63a4c557dd9bb4,225676.18689348424
0x7a437e736dd169b706f4c8b9dfebeb02fbc633ca,221891.30455
7ANWqbfHRqRr4Y7KgZguXJXoPk3HFoWLqq6ET8e9HRmb,211356.63391459
FZ8MJvdTPbp8juhtFCCzb7LsKunhexgzShGQ59SUJkNL,210488.74614895
0xd1e9d1eccfc4b9598faecc9cc9737ae56988fbc7,189999.99999999997
2UL8hbNaoErAYNePqgQYPP9yDCDRZGWbzKW4krLqkhNL,185410.57480673
83azEhjrEocBwp362p6qKiJmSC5iJHh19sg9t7Wx41oD,176153.95848373
0x1cd48cc2a8a0c6c2b18de1cb2937969c69ccffba,174900.0
8PFD2CYF275p8YdRmhk4C1wcNoKeRVrouYdMbZV6HwHH,173196.38695407
F2S9rE2vj7WazzTmeebwnzSLA7oLNqf9qNCrBjACKjFj,169056.1523
6dUaYX9Z6aQPY66BgD4yzu1saifGAZLrhQqF9BugJxJ1,165704.83009645
0x893cfb284f123924e27b2f969528c88bd5f30ce8,165203.79763206816
0x83428ebfa7b03391664b0ea30006555f48f4aacf,157377.86352065194
41n8tm7RdixmULrztdDg6jEpqnHFQCgjQyA9DK2G39aT,154563.7740353
4yqgcP2EvCyyE14Zd9H2jPFMK59q67YUz7bBnUcKcfVE,153285.6189352
0x363db544ad04f3e10835981600338a9b31dedc5e,149038.7386309
2egbJxkMXZ3LQz457NysWNFB99VJFUt5CXf5niYk3y2C,142200.62032104
0xf9744c2db12fed182b7d21af38a68801521c0cee,141666.995
0x45bf604f6c0a196187f8e8cae12c2ecf7d71e825,141335.01652318996
GVsxprV6pgaDqBb7LHgTZDb1w5ANTdS9soKGrARAvw1n,140385.0123526
FcmiyrjpbPXQA1nTo8ntGRYAsZR8pSmL5uVpmXLUt6Bs,139960.85008139
0xc34feb57e1521bd5cd04d583016b4de84e0719f2,135001.5156762696
3FvZSbeMpaCXGCf4cnAGFdotVVL3PwdZqdWofeqUNs7u,134421.17499771
0xcfa8206afc30c28b662ead091f9063111652c9a8,134358.5950582112
0x60bf31b890eae3f41aee0ac49e8c20ff9fd79db5,132001.00008
0xafd590bff0502efbc03de563aabc141daa2fa9f5,130009.26334035196
0xb3e17c65326f9c390696c65b9003bec0b1441826,127645.4697308042
0xae7367ad52768b1ef0f5a5b43bec2a49f7864112,127431.72203
0x251e6369fe636c00a4d7fbf153d12bcd0161aba6,122785.43336353468
AmXR6YeshKfnx23gQpJkktUXoGb7cAXi5hWk3w2pw1a3,121960.27423658
Bwo3eUBVQWkLBwDYzCtC7zX3VpnDr9HbykSXWYfa5Rgn,118612.79327793
EvE3t5R22zMwRdVdxjk4Z9BzNHWSPZ5YXT8USg89VKa6,118514.10714417
0x7f604d597c15b2e2f60dc645844f68b1d781b752,111543.78357646454
0xd51d36854765a7124a453dd500eae5b99bff34a4,110830.81202345
0xcdb88eab390badf3eebafda45c3954ea147427f0,110000.23054874288
0x1b0393a2d0c78104bd09ef18e5d1437ac6b25a75,110000.11364999998
0x3c11c3025ce387d76c2eddf1493ec55a8cc2a0f7,105674.77915
0xe936f0073549ad8b1fa53583600d629ba9375161,104184.04210105538
0x36d5bce84f16097679479fbcecf37035b06b4c13,100129.7982412475
0x82f8762a41f35e763becc0180335c9854ae473ec,100001.06661936
0xc0a6bb3d31bb63033176edba7c48542d6b4e406d,98057.2438876778
BmFdpraQhkiDQE6SnfG5omcA1VwzqfXrwtNYBwWTymy6,97243.9270263
JCNCMFXo5M5qwUPg2Utu1u6YWp3MbygxqBsBeXXJfrw,94199.87750705
CqrwsE7Ni9AM3EGtJ68Grg9VLwP1xJWNkc5WXjLPECN6,92297.02340283
0x3d726a0363908df56e4849ff14c00828e794837d,91738.35026654156
0xc11f82a7e1c14f0cac7499bdd4cf80d51bb91ee2,90993.99999999996
0x2058a25b2845b02e3778283a779fd301dc317d7e,90501.13386684423
0xad594d9b2d3ef4b7230668c4e458f658b13753c9,89917.81
0x726964d637559eed540a3b81429aaf99127c89de,89827.10218897
rbrnm7nPhfhBxPSh8qhRFrhB5MLnJGMNoyNQPvSi7vq,89590.95908445
8QCVZ7KL65pBhUxbvfwbyyg4ronxNAEXbDrGLYLrRNn5,88453.37873366
0x72e364f2abdc788b7e918bc238b21f109cd634d7,87920.22676839761
0xa5e279a1e174aaa785454c46f8ed0b32f2fad0c9,87830.58020833775
0xf90a95bf9fee3d7817ccdebe6f393261e0898454,85346.0644
9E4fv9BsJ2BwkNBXDeUgpJYtrYPheMQWYFcxGYxDFshX,83946.34999589
0x6ca18c73b046e3596e8ffa7ddaede2dd71008af9,81332.45546203
0xb6b0ec197824969dd8d49b68ad4aefdf8a9c6e7e,80777.9591945816
0xe74b28c2eae8679e3ccc3a94d5d0de83ccb84705,79088.58767871527
0xab561d89e4c76549cc6ee339b4839d1d46555180,76450.1238433119
0xeb7e9d3fb24fbe2a3238dc80ec11cda0e8f9f4e3,76119.15867
0x84c35c4312658b345a8272e3d54e552e5dcf262a,75966.53634
9aiqyEUmwb63yUjwPHwY4jR68Pj5QsCQBGhYWRJEwXZA,75081.7
3V11R3pEGSt5XeRaoLDcCdkAB8zVSaKRCm8y3uKBgnsr,74457.05326359
0x0b5cfa8066fa5cf18d5117430db15fcec116efed,73360.17617424001
0xd629e406a7407c9a206c71f2c37f95e3e0a5e24a,73335.0
0x14ecf105833177d6bf68f172984918d4299f5601,73240.08513397096
3n7E2gZmCaDGpmvmHVHhHg13x7y1zG37tnEXvizxnKY1,68985.77000001
0x8aeaff3cd4ea5480503cc0eef06a478daea67d26,65727.45251428164
0x66cc042212f35bd8746310bd7d1da166590ae623,64018.12466864954
0x4f90356dbc2286b4be8cf14738b05e3a9e9c0c7e,62977.126
GHYKvoxNEn2GrMgd5S8CpoqbmeR6q3cvTdCim6tkX46G,61533.22191381
0x593aebee9117eea447279e5973f64c68d8e977a0,61492.0
0x6a99e8961055b505d8d62c447220bb341ad769ee,60899.62482151951
9CKnC2kmqG9ZBtQXDfxR5H7Av7X878geV367DdYtybT4,60431.75803891
0x4abc8be08c19fe9a6e28849ad6b0fe05c56ec779,60078.519863370006
0x2a09b4a3c2d2c411e24fac409a4b51763acf1f62,58753.67684674
DwdrYTtTWHfnfJBiN2RH6EgPbquDQLjZTfTwpykPEq1g,58525.898713
0xfc217c7f377225e3a6c5e78094674fbaea77a7ec,57242.2337028856
0x4553883a285ffbb0315babd713083a0734c53558,53710.28438935
0x122f90062549ff778806a15fa3b2a66973b9ea1c,53188.94406244054
0xcd531ae9efcce479654c4926dec5f6209531ca7b,51511.772110522725
0xf1c268a2f3a040e2665ae5ed815bd71227fc92ec,51002.061698108424
MfDuWeqSHEqTFVYZ7LoexgAK9dxk7cy4DFJWjWMGVWa,50762.62169782
0xd91efec7e42f80156d1d9f660a69847188950747,50184.50922512263
0x2ebbf4ea7ceed89b7f1ffe93c70105096da84f3a,50051.91844191604
0xb453d34edc19a6a97a528b14dc52705988dd11c8,50009.99999999999
0x4b89d938a6731c0f886e5333db09ba6b94bf6551,50000.00000000006
0x5458de972ce09f37fe91c3ab42b17f373b283634,50000.0
0x2f69a14a079fb03e92f6699fdcd8df8380b433de,49917.85964478246
2YxQCXt9spMwoQZiwFLwdjHtscVvXi4nmxCkQCD6Rvgg,48935.47108232
0xecc0e685d2cfd3540acdd9ae6d9aef2398159a01,47358.180373751915
0x677a6b89f6f9158fa27c404f14db728c15700595,47153.25355
0x6ac15d859b27b5c3744812bfc7d41bed67609d80,47057.134691
0x2b03e6d3520ddc6fcfaa0a490bd83babb45c9511,46319.58417276001
0x0bcc7af222cb7b848fc8f2b9c11978bc3cc6ac59,45976.70855122853
0x9ccec195163548b2c6712df500d5a01a4f2ee778,45827.36962027451
4QXXp184iMKjL1ZTLrGtjMFvR2n2YhpUS1WypmzGaYB3,45126.70784243
0x0a144ff3e1bb90ffdeebca38449c7195ed6abe38,43436.16469517452
0xdd78c5f0886ef4b32f4f53d44d0574ded031a6b6,42615.503095038024
0xb09daaff1539630a422c676e3456149cceddc09f,41987.44979165374
0x15fbaed545ea1de34ffef8254d8e5cc6f8be1329,41678.57298891581
A77HErqtfN1hLLpvZ9pCtu66FEtM8BveoaKbbMoZ4RiR,41141.17487139
0x02cf1a7e1e502f5e271850f472a67a98057eb289,40515.00000200233
0xa834d120bda4edf399f654e11c3d79739f8551be,40288.385606468866
0x800359b316c0daa51c0c80308af3b8e5c4df9e60,40178.1957066
0x5caae2aeb4fc66b59b33076e605b8f554fe58140,40000.47
3TW4n3GhKHCTN9ZenJ2NEiz9mxT1bkrcepAMuPNM2Q7j,40000.0
0x477305cbcba5c0b6584320633e6b23e9ef6b811b,39999.99999999997
0x689e69a39d2c9230fb9dcdb554175c7fbe5224e5,39682.539699999994
0x8e6d319ecccf7789535714597051f6450505a3d0,38880.0
0xbb2b33e53b735b1f1afc937d4b11363a8f599b71,38483.379290235345
D89hHJT5Aqyx1trP6EnGY9jJUB3whgnq3aUvvCqedvzf,38283.75922035
7ve4DmHCAJBJicVRGxqEZS5TV63hsxNCLcBPXaFVQJK,38260.96694423
0x0fbb68fb58410874dc09714484dc198c888f92e5,38087.06871925
0x9e968e218ce96ab282f20d325128643bd311f671,38042.581525320005
0x1f4cac91439e80f5c046da675e71a6ea6465df74,37774.775173008864
3vxheE5C46XzK4XftziRhwAf8QAfipD7HXXWj25mgkom,37661.00652219
0x4628a0a564debfc8798eb55db5c91f2200486c24,36764.77192123234
4GQeEya6ZTwvXre4Br6ZfDyfe2WQMkcDz2QbkJZazVqS,36269.17286005
0x6863e1091e73de0cd4546ef0d12183133cd252bd,35999.99999999997
0x9b67f10da2e35a157e55c0cfc045897f5d2fef3c,35853.0
0x71fc7d76b7d17d1788103bc0d25b8059af55d165,35743.504608497424
0x941155dfb96e921d4854c3cf2575e42c99feeeaa,35206.14011859404
BNwApQw54UhtLGYzacpu8PYeXEJpfN9k5MhGJcGWcTWk,35013.34781772
0x079b368f01bc5a982f6d4e85f9f50359afec3133,34500.0
0xc439f348255bb060ee4684dc5b1a16cf9ddcfbee,33825.82854297
0xe693b82b5a5f293b4b1f198106a463e5593a9450,33379.710010839124
FPXq2NmXuSA1G2dGd8znUjT5G14zvmjoGFFfo7GKUm7k,33335.69593439
E5uyafHUFpNTsiPvGmUpr8BmM1L8t1gx3g6H4Y4vraU5,33146.13371345
B72fJyGdaxPQ1qXDdG8dAvjfeRvnzcJ91f4LG3MCCGbj,32580.7205068
9obNtb5GyUegcs3a1CbBkLuc5hEWynWfJC6gjz5uWQkE,32432.84030411
0x4f001ce45087b5ee566e26a303fbea8046dcff35,32166.34406614
0x630e8a5eddfc529aec9d7f45e833f39db1608f2e,31490.610866507883
0xa42a582814122312a6eb4cc43276fe9b1a541745,30552.0
0xf944df2d1083b976f912540fe58660087c728c5c,30297.70173465598
0xd1e47fc5865a62e6c5e20a5899fd27dbcda87eff,30000.4686
0x0da725cfdbd7532a88334ff14449aa17c151c5be,30000.009999999995
0x8991e44cebf855ac7ea529b98a1146a74076ff9d,29962.78092176
0xd7f87e0f68995de2ad162b81d652df73cee19f16,29850.7446
0xbb89ba3e72cafb09037cba70c61fef8f0eebf854,29800.0
0x4aae0a58822761d3498343e044f3a856f8926133,29501.0
0xcf0f75d7ba1c284ea9201b5a292e0a2531d88b11,29500.02
0xfd0ff7fc7c60e2e9f2154b3285a66996521eda9d,29481.9404
8s9j5qUtuE9PGA5s7QeAXEh5oc2UGr71pmJXgyiZMHkt,29251.54466259
0x3eb83132a11367be237292928ace7fd8dbfd00ea,29235.38626658
0x3e420474d1be9cc195c101173e8a11870ce003bd,29128.2637971
0x8a9d6033542753699d3d3d0234d8f23eaced28a1,28585.41377453057
0x7b163ff790cbb46036dd606f82f7c0f89c4425a0,28409.80998391
D5jx4wmxuPz18hqmgpCMLGVq3uSksCafCp5xjVe1nw8p,28363.85741988
0x1985e8dbcd064b5e2b768cfe074c1d8829df4e03,28210.266461680003
0xb058c792ec0d359cec71826cac4610a18189d693,27965.972696
0x7e7212010e68c5fb46acea34e9525501183df1ff,27842.1943615
EhDyxGpEz9hryw6MwiBB7898WEzcoGTCAjVQMHbo6Q1M,27784.25804382
0x664ca7eee02ad47f438bd5c282d40d19a8838adc,27545.0
0x2df942b760ae7221f2315238f9f8552215500202,27399.999999999996
0xfd32578f9fd106c39f8876d1684ba790fce79542,27304.70041575386
4NyK1AdJBNbgaJ9EsKz3J4rfeHsuYdjkTPg3JaNdLeFw,27171.35323564
0x1a8a409704f7f2a85ab21d0372b150be0ce1f3c9,26832.184734554496
0xf3e11d261602f7dc2d9de56f063b30e3a114570a,26596.96169617699
0xf227f0e187338ebfa8faf8f5e36e385ce7b88cd5,26565.214055215903
AobVSwdW9BbpMdJvTqeCN4hPAmh4rHm7vwLnQ5ATSyrS,26362.31073449
0x522f20b755564d32d024e18e7fc687bb7a7452d6,26150.566599366895
0xe8b68e9a14da155ce99170032c4da46aa518136b,25988.0
0xaa127debbfc51a7e39e1e0fa14503392581a9d04,25793.333329743255
0x15ce951961fdd597bbaa55c3bf99a028871136a6,25556.232900000003
GJvewfRjqTUPtx6WsBSUnaFbdgXwgXnWfpDyLm65T4YA,25427.79228852
0x8f4f86e75a40426fe9c11c76b402f9986b597cd0,25267.999999999996
BY4StcU9Y2BpgH8quZzorg31EGE4L1rjomN8FNsCBEcx,24816.94110304
0x7e0e59216010918a28e5aed78cfbe5b2b195a678,24670.739599999997
0xe94f6e6ac51bbf500efa3df9ebd39a3a6423e1b4,24072.1264377768
0xc5cf0e8a705228e3c284ffabfdcf21bb2ddc178d,24049.4
0x3338933521ef4e268165245ee537ba6e2938723b,24028.53678989
0xe2035a80b2d7aa7e24ff262f2e1fa404c337ac91,23912.432
0x24350b1491a414382fcaf65f1ef2c9bb65e7c0e1,23821.0843592
0xa9d8ed1f0be5a3053f0d1121e6e4b607a6f18ac0,23801.58482341
0x14e9d94c36b033f42581e6dec839c6312559dfcd,23678.02735115984
0x56f8eba5e1601ae7aa1bc41e5e56143bf038a05d,23649.825455570637
0x11081b40e4867cc94ed1682c2be0b2bd858d2233,23107.146318191422
0x8bc17edf22481ecf8660e73ad04f0443475f2ec2,23041.244727735528
0x02e53c0d98bc7e33a243cdec7b7ab704261ff6db,23013.897422940412
0xd249942f6d417cbfdcb792b1229353b66c790726,22828.11248697387
0x000000000004444c5dc75cb358380d2e3de08a90,22695.642233991064
0x45f32d390449cf75384dfeb8ce6d08a9041de011,22479.67
0x80eeea5e6bfef8979ea6ea898564eb7abff4e12e,22183.75923671
0x35bdd97b6417f862effba1f7a65834625e1f120c,22156.767711258857
8ZMA7yKnPTD6bypisuLYX8aALaj2cPNhsSyaSHvYQrAh,22144.98179829
0x2268a97dabc17ddb5eb25ac0169e8a3534bdb2d0,22094.300901357485
0x260f30f8c869c3d813e33e9e3b866d7d8dadd99a,22012.44813142513
0xc89cda5b2c939119a2d387f71fdb7fc18bba4d22,22000.829100000003
0x27583f4f9602d3db14313757f65e2ab7ca60db1d,21982.29080997158
0x0af7a17354cdf9dfb4a1ace52574e65fc00d2133,21790.69151772455
0xa88ea8ef16c0f2d413f7c146b2d7565d7b3e2b80,21747.36596617284
0xe1a4b149f32373db7ca9cf6ca590ad54717f4009,21468.324422519116
0x0d024684cefbe514ae867b413f671b31bed1fa5c,21423.03999999998
0xc8f8f590b8408cd73c4c0ad304a5f0c4ca9f9e10,21275.93260426148
0x0bcc4a6a99345f8e36dcad4d2ecd388a4adc1b60,21248.54566212119
0x5f52d2b52cf12fb023c53454c6c87b55156b82cd,21187.694685929535
0x0aa6307d677e7b1e0fd5f9e44ba2c9bd9c8bf870,21109.73027049577
5xYNhZRW1rEofFon3X2JgaZtrnu5vo5xXD61jHof3p37,20654.46835606
0x78ae51b9c718cd00358904c5fc3561a1930b76d6,20383.228218580873
9ZDX1UvJZjEPuXRbn8BApBQVZWo3uqUURDcsALbSeKbk,20366.45213757
0xacc4e13148d34685a5cfe6d31029d6fd9fd6a0c1,20306.463970930006
0x16a1558b2713d20f43fbb1a9b5c7aab2dbd6106f,20223.31964591478
0xa02f2fd643bfaa8f6f614670dd7c656f3407144d,20218.4
2TzUN6iKNkqxMhbTykujGYH3qBKRMbTQhpgmAYLaCT7w,20197.53659788
0x7bc58279dbfcd62d08e3092b691b0d46014ae451,20190.9861
0x4667a3d7ed3eb69d372a30bb7beaa048567a68d4,20175.85654752
0x1f13bd5708ac1ae05632cd5e1b0695c9b5a031f5,20142.512979694664
0xe466815d789088cb38ef03afe03251946bcc4e92,20090.48704665
0x0ece13a95d87842c48ec954e34691b4b4e8afedb,20082.854582
0x9fb37cf759d02dabb7571dc60a60e65f7a3cdec6,20074.8
0x64366cdf1d1a314c40f31295be707e9b49034abe,20030.13487123
0x5d1b2befc7faa2e0d111df37854d6678c1c5b40f,20025.38792563
0xe677b540859e065c8e1c43b2bb97d2321c7fb08d,20000.9251
0x5e337d99d798ef35fc1668555462149e1ac22da8,20000.3637
0x10552b1e4c2143dfae4f18c9fe1fc62aca2b760d,20000.03425610906
0x372749a4c5d4ec7d0d4b541b2b3757b2d51bb5ef,20000.0
0xe2565a769ad408bcfce3e3aedc3d46f7b4df2e49,20000.0
0xb0018b5ed0963e2b8d75858a06dcbc414b5e3ade,19994.4792
0xc91ffff412351db359ea739526ecefb9efebd160,19955.2380213539
0xa94fc9a12e090addb8599544d34a0876f40d9098,19933.341339441136
0x3231f361879631f15dcc8453ce27fb263009850e,19900.70666913
0xce74286dd7f2c81124103dce17ca439b6bfc69df,19872.9384
0xdd8f142f12e2816c291ac350899d77e1fc3a4716,19849.125559997407
0xe7b2b34b87f998a5de9626529b5e8482c905ea67,19714.961354714607
0x29054963d56291f4c76308a511622380a86fcbba,19442.5352
0xf7aa2f0c294c1cfab51762378576ef57c295adeb,19299.500135086928
0x7223c279924933ca7ecf4b593638ed2b16eb29d3,19136.56
0x6edcac7cd6c73f13b4f781ed4ac5cc5ff2ada9c8,19093.1049081136
0xa0ea1ebe0acf2b2fb311ead9b0d256b44562febf,19000.011800000007
0xa80df238d4b91dae1fb47b06634dd6c8117eb7ea,18934.56648036
0x7e0f2bee798859345b38de3a276fd4a66479ba1d,18858.68684
3eJxcB6Amk4gN3yeASeiXygrbDQPor1bMgC7pSTBo2oV,18855.54589382
0xc3f6f68feebd4eb6eaa5eb970e5142334581054a,18674.334968604555
0xb1c3b2f3f3438ff85feaf5ca021d214a9fab060c,18474.302593844037
0xef555ee93bcef69ceeecd23ab26663fb21e3afc4,18147.29215978
0x9547663ddffd33cb167f2efa45e378306cf3fc22,18097.852685
0x39a44db45ddc5703c3a26d854b8a1473c1d99af4,17950.0
41uCv6a1JPwZT4pDAN4AGvPosHVx2ndkNFEFgKLzd5wx,17927.59787553
DPqsobysNf5iA9w7zrQM8HLzCKZEDMkZsWbiidsAt1xo,17911.90897253
0x1f2f05708bc15dade6230c24aa74bbb7a0f6ecc4,17772.74
0x14638d4dc493a88abfb20b14860912b0e054e50a,17750.25563359697
0xd5c0d091cb244131ebaf6aaae22f938daa7c4de3,17746.43133481
0x748de14197922c4ae258c7939c7739f3ff1db573,17600.0
0x1332478bcea67f21e237d7156d67b305296adc45,17554.42633645018
GcmXqJWgUwY29AAdZ8kVBSNcX23QsXP8CwAtFvXxv3oR,17548.84868234
0xf0f392972725a4b92df2f5586df74ebab7e462e3,17400.0
0xf0399720e33ea97da0f3dc468a06a41a15ed9277,17322.64518182126
0x7efbb634f04769f22ad088e99580827d961c6618,17236.570420068918
0xa9fca72395131309f0ad20c9039490d37e4eff3b,17201.230424340854
0x8e63a0794a556a45f378f7c1b2082ec8aab1ebaa,17194.0
0xe7b2b4ab27871ebaabaca93ea7b3e00bb1d8f89a,16827.264552686782
AUbn1VFbvP1JWrfUbvuHQ2hr6SZxubDx5Fzy5xT3xS8b,16727.80662897
0x4780ef6448761fd952fc707c6b3599dba6a45696,16719.894593683555
0x9d0351d523378d534bf5658304cd6870e1152c99,16663.1668
0x91d3a5d9a81adabe68aa7e4416c98d209d7397a5,16660.570546212482
0x27c45437b0698e6d46d8c31f590638894b7db0b2,16634.51156034
DwTEpJDSfKA2wFwHyZZ3d64LYUqSDxaL9XQfFTQrpu6k,16625.40281635
0xa5ee8fc6f4b95e173637def781b26741a8aa5892,16431.76512967952
0x1d1c2e89ef7c5b0ac853a730f783836178d784eb,16270.97271417
0xaecfb1af29b96011ec9aa1ff98d8c49b49bb3ddc,16264.0
0x9a64555d40cfd9558fc4aedc59f92f993a68da6e,16206.77560282
0x1437a85af8361417ddaba5caca5ef8347a4c5450,16057.314957950795
0xec777148be6ee6702254729257e6daefc653d21d,15999.54679756
0x24f034f5be0ce13ee1c5e94bda6d7b5047d56562,15996.4606097853
9isrZBGb9CWU79466DCUxN25iH7krrLRei5niqvH5WxU,15975.90444917
0x3c9d4468afb7000c53be63d63209587fc9bf52c3,15833.609999999986
0xbd02c51150a4ab6ce97b9de2025644594f3e75b8,15576.775287118471
0xdbe31180a4e8579b3501c92470082449014f7a40,15535.53663581
GsCY6n5RY7v3qcDAzGYcDShNzthngVs4So4b5nmVuqSN,15466.28450056
3LzmBquLMap6ak2ofyeDbH99VhJ84k336RJzkLBwq3b1,15416.96361905
0x62e1dd85d5128dca31a5ca40b49ad52141f49a5c,15348.647043848418
0xec0ab4ed27f6def15165fede40eebdcb955b710d,15315.23788821
0xd4951248ed7ce7b0cb68b26f281365ca6487ffb4,15270.6869485
0xa455867727e57cc3feb6334230c0df6c8c1e530d,15154.0262495237
0x9f7f78616f475b05811df56ed0f912256327f076,15146.5151
0xfd069863e3613193ce443f5e0243ad7deefd930d,15061.25393362767
0x8206c2c3b2899a98db19205f652014f29f8a9015,15017.38580363999
0xe04fd6089d897872bda79fa408d8d15b0def24f6,15000.944320000002
0x87254b77e9305b3bce680b068ee5e6096a08f081,15000.0
0x7826a5dc96fce27bb02485a22f0ca2ac5f2deeda,14994.61184365
0xfbcb8155817f4d8802645c70e0e16dde80a06676,14984.25808743
0x4122593eb2a55695279d35d222de4e255118d7d7,14882.022698284716
0x1563d25e37b98e21ecd75f65e168f97e9fdbbfdf,14860.803295003252
0xf6d625684bf687037cd5bd97088b5da4cddfe50c,14851.6
0xe58e374e619f7d74ce3be58e503f340ea24da176,14747.588087090002
82RPEfyp6Xa7bBwUDC4HEQsDDt5777m6uPGLExiQxHyX,14711.93236371
0x30a42963a33994ffe7d2a82a3cc7716d23c615c3,14658.296370474049
0xf1357c4c85ef2f5d7292d023bc805264e625e47a,14605.42599311
0xc79631564547d52ef6ad0bfb6d221c488d555284,14564.869999999995
0xee115bcec11be4f6b8f058dd183347a4c15e9f49,14510.004330754176
0xbdbf4c8c53d414b23d03a7d5d00f048ac6d97d9b,14507.140688077416
3h6bq574Bb9u8hT6FcqnDRVi5BV6X3whMrYuzoDV1Vu4,14493.68825913
HAWNPF6UZ8YgWisd2gsECNSchdn3hQTEujsZtGxKM1MW,14447.78081593
0x4fcf54668361e193d2138947fa320000da0d6871,14408.113446764972
BMnT51N4iSNhWU5PyFFgWwFvN1jgaiiDr9ZHgnkm3iLJ,14352.16597265
0x80dfa4f11c9ee6f9b93c42727984195be4114803,14310.832579926677
0x4cc5ee8824f64942fd65523149452cf26df647c0,14242.57
0xc91e9b7f3c51104d48494b126e7475882af8adcc,14172.514188060224
6aDuk7mhw5WPdsKDVULaWZDm9WoV7HhGib5qpueD4V8Y,14139.233847
0xd297a92f768ad168840a1e5de1fb5d4cee559596,14139.152781130002
0x56b10eb68e94ef5a45f8f2531c28a5cae0d0829b,14131.95916242
0xf3a2aa538ede3483f9baf272ff9eaa80d043e5b6,14126.323710822078
0x921e3d837c83ed26db9b97a6960fa3ba2effdd74,14099.94229
0x92a7865186d2a1092fd6d4a2006067903f3a0454,14094.13743469
0x5e96fa5e428a9c1e1606f493db5b3cd3505f5895,14074.030859
0xc7d325c7be2a38d9ce9abb5a9ad4af4e34a2f9fa,14060.26
0x7ec70b119593beaa7828a8ba836dd9afe7bbaee0,13987.079932617158
0x0d58a7352375f31ea268880211ebd44044ce703b,13919.52068
0xd31617d5d9349408bc4a2a13e273688cb354232b,13911.74543744
0x6a7e2b6101490f57d93c89610d0b2c24efa5ba6d,13814.508868393246
0x2e70978c69f7dea7435cbfe7760e63fe226baff3,13799.74933956
0x01ff3b692db761766d73ffc4aa6cb548794f2932,13735.826163434986
0xff7daeaf147551c78b278e3c4747fc70e2556630,13708.859384982425
0xbfee82ff0402b1a24f895ccc2545f6187369b4c3,13691.54194702208
0xedfb8f6849d1cbeccc2a4c0da310956582c346a4,13633.014805075036
0xd315a4575ba8a2053f9a02df08899d595c01bd85,13527.27086
0x7158c693423341d44335f6419ae2316279126b0b,13526.572415323615
0xa4caa74cd9ba09d63dc69618ef6e0764470b7382,13455.68480291
0xbc8ac8d899aa2c322ab20437e6ac9b0cd313dbb4,13447.58738692701
0xacf030ebe0c53076135fbb39cfd6f7727102c377,13387.23572039
B5dL1cPzmzhz3F4ucoUzKnTNSnpybEoHrC4McTYMHkef,13324.32659643
0xe64944d39202637208607ba36873e20dfceecbd5,13323.35044463
0xae6d1062610a102e04fdbc1837a0036eb69167e0,13263.84307329
0x9a9348541237cc84353a5c41266bed7e80929b09,13261.28970535114
0xf8cba0d11411cc57be4e2250309e1010f711f206,12999.66201115
0x60aec76fcfa0f897a67f63771bf541f3059c188e,12994.86799195
0x2bad650e801c20aad1052e958a85d53bb051b57b,12902.027945600004
0xc0d6a36b6dab5832a3af1bab901c1db3496ed35a,12889.249564920612
0x5000786af1180bea4bc5781b300bd29b41d62d5b,12859.906298863089
0x2f5ee1fdf858d1a8bea866f194be6f0c6771efc4,12809.2744
0xd66d4013e5b6d657831f80bafdc538512b99353a,12800.818416604156
0x4c05829fda95c1da350b97f51784379b823e4392,12643.02912163038
Fe7SEekiKygziaEGKxsDsgLVzrCfNvVBvAYsaJBwFA8s,12620.69045981
0x9847ac663689d3a5ec67163f09d04d18e67fb9ce,12565.357981204392
0x11b691a2f66d47315f98a4553bf458e9c3d0ce7b,12555.852447358751
0xd74387d9d486074c351904b0c2b599327131f462,12508.09504088148
0xa3a7b6f88361f48403514059f1f16c8e78d60eec,12506.595761926
HptqceDZkTdBuErSag8pjmGb9ScozyT9nZiRWPniSDCi,12435.75513987
0x05f6d5ca61f1d293b8cf11fbe135a4d211d2ef69,12379.44420203
0x2468b2396edde04b48c91e73ecb5036402c5a0cd,12372.749395182283
0xb1e43cf1046345954c73445e7531c1ff012fffa5,12307.9714321
E8Q78o9wEcA2iz3pedKFnU5q7QQ5bRsTcJ8mJX5dohqK,12160.95830928
0x533aba220bd918e262be48580c948864509ff6a7,12148.074102329998
0x418b7d6f507cae23f5011afe53f6511ceebcf6f2,12110.04257344
0x5355ffd094836a29eb03862b3ba7a9f446b4a0a7,12099.999999999998
0xbe12054b7bc776ccd6ea4591759780879a2d8124,12099.999999999998
0x93b986347b393c287864edd2538f153f7c117d97,12099.999999999998
0x73aa2739c6f950dcb97cb4d4efc35fae8125730f,12080.35179257
0xcbde564205be884f4971cc8efb035189d9a1f2f7,12042.179327435571
0x769b0a80920a96beceaae6254b95e6fcf72216a6,11996.175518618213
0xdb24fbed633da1db95bbb4ad63aa2b8da41c18b7,11988.5
0xc541b804319ff4d501c6cbeea34f7a10a52cab0c,11962.5317
0x5e0f196db903db87c6aa2f007cbddef2cddb33af,11805.36395208
0x883941b08a9862ed32715f96ffefe1a28c04e868,11795.5
0xb153eef17ef06844258d118800ec2c1e7f9e70bc,11764.526247135454
0x8aec4bbdcfb451aa289bfbd3c2f4e34a44ada1be,11762.7
0x11fad7f74529fd9b1c29abd05a93df47fb4d2310,11668.378826692924
0xa78a3e40f8c7d81868815d81cb72292ef4c43e28,11667.79516034
0x8fd78476ef54a47a282aaa194c15417d5e173cb4,11599.6127
0x473fc3c1122ac0fab924cf0f9a88e1e7ba6d8655,11549.78308583
0x06199f50ba515f8456c481716726f2eb69b56fd8,11529.739095547897
0xbad61bcd82a72af581fc7733a5a6d467691463a7,11522.637769999998
0x0bb2d583e9b65aebe4be8204702b64f1e3aa1609,11504.95454858448
0xed7865528f4afcd6ff1ac4cbf683987294b07b00,11500.85058
0xbac42c9b32e574f41b86e20fba0cf479a5a1ca58,11483.976577815469
Aj7DZzFjbLBeebmejY3E97xVRWjGj6DL71ujLU66aG4C,11321.35815919
0xcaf3096ab18d090c65df915d7137d9840d80e842,11285.27042652
0xbdb3ba9ffe392549e1f8658dd2630c141fdf47b6,11260.125872011413
0x36fb0a52eb5db954df74f052df313d4740f5f2ca,11253.49514
0x9feb308c8752146583f992b4985e04490b44d48d,11205.72588038
0xd0eef95fb877356ef4cc48fedf5953e5a5ef1c65,11200.0
0xc9c3109c9164c86de39abf28c67722ca91466f79,11173.676800565663
0x7427ac0c0dcd73dcdfd2d1f223b29dd729b0e83d,11150.07924066
0xc6814e356e205d8f48f68cc24e9e05d845e364de,11110.764816871766
0xcd4ca3e25425e70e350fc5f92ce39c1c61fa869b,11074.59056681924
0x7dec539db3863d312dd27bb02fae8c5a05bf6869,11003.9999
0xe85dea48dce38a729491371135cc852584db0f10,10964.25
5j7um7KjEjtU7ynEMmPFq5hq4UT9iAN2PG2yoensMUSm,10916.66300169
0xbf87bd7a8ff54316ecbcb39ef6cc7cbd11cf0fe4,10900.95881897
0x69ed4dba41e3178828e93954dbc0334b5aac72e7,10900.765066985834
0x57057310c205ea138ce1cd9fae004c25632acc16,10892.542825138476
0x40ff7f97b23dde3426bd49603c290da2a1ed82f8,10860.205789647953
0x797cb26f3b420d0e8b515905b7b62ddb1f78dd38,10823.75172892
0x0dc1c9b24f3e7a1fdd94a0898759254d152efcd3,10799.546753661927
0xa4c3481ebf8d8f4e06661a6e86a48aad074f8b3e,10768.59306842
0x8659467a1d05ad69c68948aa62a02a5f83e4d4d0,10758.67461986504
0xa42462ae782d6948157b6a1c79a5be99f28a7074,10706.509296605303
0xaeb3f9c3cf4eb5c2e358e0b54287acfb43686d8e,10676.35675659
0xad326810c2edc5e0ad9a9f394b04e73799bde1c9,10670.242888681249
0x1e1ae56b5fbd268fc7a09c3c819967c73284f94c,10650.78693758
0x83ec85709bf01a932452b4fe26c47f2e550c7a5d,10610.839775469947
0x499b6eb4f406815fdc13fbd0ad3e6b0cedd0be62,10601.95023915
0xe879e9237f2077b964949c3550c3f70f36edb66c,10485.81898757
0xb9cb871f67b7eae7e85b96fc6eb5a6c132ed001d,10447.166340818534
0x30d38530acaca837c970b6e08cca500cafde431b,10427.9168875
0xfcf05380255a7c7ec5f0aa28970c2ddf5afee4fd,10358.97865256
0x19cbda8b567c1ca7d887b4388873b82d6bb8cb64,10341.8028966
0x1fe268d1768dfada13ceba49de83ca46b0bb8285,10326.861134526596
4UP7t9p3HEd9gfF9gFKkGa1ZvLXFS2naHgnxB4fwpLfS,10309.8343891
0xe9eb7d24e2a164ce22a381ed1c5484a2837b6f92,10290.89
0x313c8673ff69dfd7be2a46bc540305d3e2d233b0,10268.568519503226
0x765ef6e32588165e73d96a19c68b5e81b4a88419,10192.39
0x9d5e80757410c7eece0aece38cb2809cbfa8c8d5,10173.40011466732
0x8a40d690795c0ed0cd5bd74c42d260b4db457696,10170.02560496878
0xd7f10be382bdd759e8a9e7c89cbcb5dff5e131e2,10146.3
74GxTeSfNf8aCdXoYHimo8hpg9HTeYSK58ddCwdu8Qig,10127.58740224
0x51aa43841afdfbd6f27079c77b885de2ffe78e27,10113.40878113
0xc22176cdb702905a16b9c8fe3e21f852d753b553,10108.640229141163
0x4d90838de3437dcf73fd3d3dbb2233df83873772,10103.559979785405
0x5b4b398672b9a072a51e4fe904fdfe7528a55eaf,10100.0
0x19fb6fa51d788dbf5721489127e898282f3ea5a0,10100.0
0x558e15edb19be404224a834f7776ab79bd783225,10080.402671659333
0x65d31217cf1e05198ea1042df20d187c5e5346cf,10071.92864411686
0xe655b6e0ec6c8719d2e1d4574ba93952d5b29a12,10059.74792765258
0xecf2d48869e2dbb8827b398e92cb2f1dcea8bfd1,10055.57957957898
2uRbP1FzLSqrkFTeR3PeAbeYMwEU4D8Lz1FXGi6S9RrZ,10033.92721655
0x81e8202674f0ea0131a79f8e756755d969aeb9ed,10021.92251922076
0x46ec47a5f2c654e8e7848a7681624da7716f7549,10012.052661840018
0xf21db51814238ec10130f1cde14a67a34fbd3653,10004.79
0x8ce400f4c36f58f1fc10a3deec8dda4ab4863950,10003.784211853606
0xf675e7b8e83fb8cbc0818829258678e2aceb6b5e,10000.47599
0x32a816ef5f7b4c250cc47816e174a0d27aefe25a,10000.2242
0x08711408fef10a494870dcaafaf6b8396815a113,10000.004826142129
0x96c59be0e8d68ed6ebfd768022445179ade63849,10000.0
0x4fe5ac91c1bd355df1121a6847d57d8368b3347f,10000.0
0x70245e57f9aed05d3bebecdf8d2ae4afb5b48609,10000.0
0x8da81b9ff2a24cbdfdd1b334a3ad2baec4f2b858,9999.17889317
0x012d06c75c2ac5d8a3dde067df6d215708f6813b,9997.67865816
0x88733a0cdc854fde45d11fe1e41c1314942a54e3,9996.09802239
0x1dbb18057aafbc196d3983384ad08a5fa46459ec,9992.6
0xa4b3c36fb719ce6d07d6dea05c87a6a3266d5e82,9978.018748455554
0xdc95617e118dd4f61f0fcaac9e3944f4d7be9f31,9941.810583444138
0x57a2995b9edadce5c1282702b238e1616745a5e3,9927.293358023886
0x30febb8caf7c57ff588fa01f474e0f3658dc9e27,9906.63656235
0x5f766c9e68ae739932d90e86116c078f8a7ddf19,9878.98967344
0xe37ddbb12f2e71df154e501c27b6d5dd0009be16,9872.362814651477
0x93a88938be5304f6c56852a291b99bab5177e720,9857.28699158
CbPTj1QoD11oVMio8kUXv1NWa7fkEiQ6Fq5vArQ1Ecpp,9820.59644071
0xbbaa22c92fe7aa9b383f2dbe21a28cdca57279f2,9778.75
0x56c187d13fbd046f3a4dfd4a260fa2b1ca5b40f5,9762.148274725789
0x01601a10732bb6527537187550fbf994fe9e0d90,9756.427212465673
0x484d09f8ef46eab1e56d9cdc75de785f6389a926,9737.121041246275
0x466b414f2982141c6e80dae48554532dfd198b2a,9734.56215424195
0x8f0d5660929ca6ac394c5c41f59497629b1dbc23,9726.574332946788
0x29337df5d897fd3a2c117495d884dc3b7919ad0a,9708.314743738676
0xb049d12f43b61e8fecd249de63634d81e44f4ae8,9690.40854472
0xebb6c9c7059a55a0f66d9043b905975e9b9ecffb,9667.9669
0x90ac76ac5f9e9dd9fa4a1d5ebdcd2081337f4726,9658.82171052482
0x0c69fa7c7f15b98e8d525b0fc84da535f67b2dbf,9613.422872446738
0x4a393b1a6684bb64fb24c5e97cceffde8dcea7a0,9572.833982392638
0x8fbb1fd679216d9d85af33306ef98b5f376ac8cc,9570.316165835384
0xbc99ecbc6f9f2ecdb29bf08d9ca3d9911b00c1cf,9543.23669626
85t45uvRgmQthW4rFEgArDdJYWaPv12J7gSKgf3Nx43,9507.4662561
0xe9e0755020a4d8d1fa433565c8f77045c0480566,9502.0
0x8cf3f39212c7905e738970cb22f5303da3ce6df8,9499.84026196
0xbf5ef36c55b69a7ddfa5966f55df26870702e6e6,9455.83386133454
0xfca62123cc525edba5a014e304ef7bc280d61521,9435.22695102
0xf01688c61afe7d64649a9cd8bd9bd817f4974aa1,9400.72412593
0x3c18dffbf16bbc08df5ec9e0474d92649aa557a7,9374.288354534525
0x62f207cad619c0cd027c3d7ca3df038d63befa2b,9369.8568568
0x2fadd01605793c5874f020abc14285aa3f6796ee,9357.769353708658
0xfd34a7fc7d15d9c428b090cd1230d79f9d2ff969,9290.998656
0xfad52f9671e0970c908beee3060c730a63f5ce3b,9279.461572438486
3E7VuqApVJWgZqKpTY2M8HHua1B4kxbMiFcxC1NZmUVs,9219.95
0x09e7fbc5b6a3fa35c9667f7bcb92cc5c67fc8ae0,9211.83058
0x6fe48444fd024a12c9bb03bf0c76e2be214843b6,9188.43
0x4ccdf66984cee47badc2a039bb56aaf2b16d05a8,9150.550104859292
0xf89795c8e1ca08a8773c35e557a5a553c18a6183,9124.33234975854
0x7f3a70c0a77615ce1acc8ed71d40e03ef2bafe98,9000.0
0x800c6028763d58413f90f9eb87e1600c7dc67083,9000.0
0xe2a7fd6144c975da415d920722d212cb02dc02e5,8999.999999999996
0x907206d1fb31aeb9e36fdc98ce09f5b088be56bf,8996.21011823865
0x4abc7f005e24d6efedfd19fb0eb664edd25cd3d2,8994.453706949818
0x5cc4ffa4f085cf2ce70c27cf570acd5d83a754f4,8990.902666499998
0xcb5a7f0d259859a503cfe5a4d818a2c1989498c9,8981.02311513
0xd3373c7fa46c50f4c0593eafc4f0bcf23ef57552,8944.75590061318
0x6b60152916062762f9681cf48a0f58433c67dbd5,8869.263672723842
0x6f481332997aa9a7fc7c6ac1a0a510d282583a8d,8826.469772299999
0x6fededdbee4f25ad1ccb1bbc30dda3ed0fe9fc23,8799.856517019945
0xcfb38fd1a7f0b84ee3154d84069875452a365b65,8726.011369740001
0x4a787ecd1349a293acc59f1e26d96fac381ad13d,8716.000199999999
0xbd28e1b15ecbe72706a445f77bd17fcd8fe6f652,8713.928221907636
0xdc1a5a35fb7add09140a1e8493e8ac9d67b077b2,8699.54544708943
0x81966d4757d945bc6e35de421908fe2c1abc0155,8673.30683297101
0x7623447d043eb22ca3223447a7f9002a289d7429,8670.0
0x5a4d9b971586f1dd48900e25771b8d0780cadfd7,8618.616557270001
0x6fc6bfecce3344769780ffd4cb49b5967e68a498,8559.699373157046
0xabda5fccde4c8cedc0bba401917113f513cb7077,8554.816746010001
0x3fe62c7b442cfd388741d74efc3c0282dbfb5132,8536.347535339999
0x15fd63c802381b1761c8c9d0783c55b0bf15974c,8528.050508180155
0x5017f9bdf2b94144687bda1d843a7d37e51da981,8515.132013740706
0x3e68b9e27975485f4eb663a46af7c566da181ec6,8514.173188639736
0x00555af0e8a27f71bfd4695ece4df13a2324dba3,8510.167421021797
0xf723404a014c3f9c499426e579a49db8a62b8ea4,8497.20779999
0x600cd8a30d5191c1be01d71c014eb52ee995d7e5,8494.43544885
0xbaf64050eeb878dbd6760e35e4b6b6612c83a08f,8488.008446470001
0x6a82f4d2a55435a54bf510226b6104db5a62a04f,8465.694862394746
0xe6b790d8f401d7bf39660f2bb271d6d03398cced,8447.8647
0xffffffffffffffffffffffffffffffffffffdead,8414.714116541332
0x63600ab1ebf2b65f20b175625856e2a9a71e1828,8406.671293509477
0xf686dd37b61aad56f0f7a211fa0ca6836c12728c,8389.84387202
0x60969a136446e8c938725916bb32e1f840e06453,8380.248032290767
0xa2b16ec88c0ea6825aaa6ea7b0fb0bc2dcbaf0f0,8349.461890276909
0x3ee8b7ddcc2d20f99a4bf04efc2cbcc66424e961,8321.254890120988
0x3f3431beb9eb959dc97983b0295a3259fb2eee55,8316.515658801007
0x0d6f81f0fc18e42245f06c13284529cb347a57be,8298.378386750815
0x702e038115cb28bf0182d42bb0989a415d3a7dbd,8294.46169
0x20702edff7b26e8fef7bb6709a218cdeced8affe,8293.79350873
0xe7ce19da6ffb0ba71918e888e77c8a57fdd7311b,8291.87225091
0xc846553d0f370d52a06bed2ba537dc8ea0d12bfe,8286.170702013369
0x339a0eade5c3bfadd5ffaffb6db9f4cb59d13163,8258.691607385932
0x5ba82fdf1423eedaa31ef63770e8e181ac6b0d0e,8215.821032645721
0x95f1c930d2b330825b6ef106759b4553c9dc437b,8204.0
0x4d3accc0154ce1a278fc8387948f1f57111ea0f1,8199.40959412
0x8b814882627d1b2fe068fae6c6ea34e28483f3e6,8198.654203208878
0x30916795fd3f28fa1356921bc83714927f2063fb,8194.309343780395
HVRcXaCFyUFG7iZLm3T1Qn8ZGDMHj3P3BpezUfWfRf2x,8192.20148125
0xb3dff06759e2cf73f30065aaae140307e0ec7ae4,8167.312833743765
FpwQQhQQoEaVu3WU2qZMfF1hx48YyfwsLoRgXG83E99Q,8163.84352613
0x388c93f23fa99d4d9e81eecd9dab3b05ea7fbc0f,8139.382352399999
0xa26c509269f1369de0c56a07b9bd3e0107de8090,8137.822635970002
0x9461d4e272143ed80ce9dee14740cbcbffbcfeca,8106.4666411849985
0xdbeb709607b0c72e8f6fbbe7fb57454e403baa3e,8104.000000000001
0x6882f8d69f73b11b91be86e2b2d59c121ee3be62,8084.81062205
0x3aed14366fb4810f561c39a87b40d54e89cced44,8081.166250852575
0x21321ea7e2fe61bb3f9ced815aeb1ce4d0f9058c,8079.686426845754
0xbe23730ee32d18a41b9dad52190709bb0812bb5b,8063.7984
0x26c97422c47b9c6da87fc2e0a8443621fd59752c,8058.155836710001
0xdbe92a7f60ecab8129f9226160fda251c33cad4d,8050.816540362225
0x453ac039a25404f251843c8e191a0778a6e74a8e,8043.620129484462
0x3af2a2f04bc5e263dbb034c14032117b650bc804,8039.057458207387
0xc2b0412a7bae2d129a25a4916f7cb841ce408672,8018.299918159999
0xf71ff02bd270c226ffdd369266bf34dd66ed8d76,8001.731007816346
0xce78f65e446fae30c40fe86ef262b362a60e8455,8000.003263961944
0xcc96420dbd1b87cb5f58836a4f6ea13bbea8b1df,8000.0
0xacde0cd5552d38ac4e5201ab4958c30d803737d1,7999.306603
0xb34860f27167ed8110991e04e3e7177a58c74401,7998.872604450156
0xddd47100156bd88305ce1204b0c0d48a2f7678a8,7976.198319760804
0xa06fc84ad4112040c7a435ea2cf1cedc3722d4d1,7964.483540589999
0x10d7bd22982492c9764e8ab865750074af0662aa,7961.0
0xd8cf7af77573a4b727f0b1a44859fa45492308b0,7960.877207945286
0x473f0e152895ba250d29d38b04cf0c277c54e7ef,7935.039571019941
0x685fa87dbbc4abe6a854ccf5d9a1d4e14b4ce9c3,7933.813723339999
0xfc80b8830be449827a9d0dbbc53835704a5f2ef0,7866.85710714058
0xfaaf64ed95172228c62f837923655aef5c8fd43d,7853.20491387
0x44bdb19db1cd29d546597af7dc0549e7f6f9e480,7803.304015441914
0x7669f61a07cd419a8073e6dc523ac92a759aee50,7802.280566403736
0x7fea1210dc03f9d4de65c095990eabe2192d2a24,7790.000000000001
0x436559b8996d6bee05b150e0568b1e82b2be5f53,7736.961276545593
0xa639be0c25bd39a1c9c4749c4e4f56c34b202464,7681.260846
0x82a2d3203c777b03ff9523b69625101a627c8cdf,7681.04688161
0xcf935a8ca2d48236aef293ac0d14341941500d47,7679.72473053
0x987a5a22714ddd03730d720f8f4badc99b112145,7679.52242996
0x3fdf98fcbbc6784b5b1277a8e40e2c252a175f3a,7677.3827312
0x60177c2ca2a47bec47352991921144f7d4f956ed,7672.319802219579
0x2e727e52be07ec025a030bac8e47f1bf101f8569,7663.248588
0x76eee9f1288599d9b9324ca0c635f7636033cf64,7630.641130850001
0x7a82afe5a6ca5f6927041197a1408f52663308c2,7604.3427544172
0x7ee4d837b5575d72415e16c5dfd164aea7fbbd62,7590.4631936
0x758267d1ccc1c340f013e9749425eac6d3ee471f,7542.426847292502
0xfedfe1c19bd27ebfeef93de965c843b99325b487,7522.342745
0x66ef72c5717444842f75863f65aa9c2b611c09f7,7518.09021
0xe767b4329f5d6241f1cd9cf3dce3a4b9f656f9c7,7517.947998446763
0x626a2bae476580c4b8fcdcfd0121ac0d41f4c0d0,7510.651259584383
0x36cb8032e2c690b26d26547490e510f0d3fc9ed5,7495.018400000001
0x36a8c36aae6e41d3153df59dfa66ccac22414a82,7463.269988
0xacda510b1b73946b0bcef3afa9830cb337106e4b,7460.90307327
0x794db5c815b267f82034c3a49a04dac37cc0654d,7460.740000000002
0x853de7423a00db8c01e2efb2cb7fb09604e2f372,7459.30940992
0xb811d18b00a75d4e1a970f9c721ce15454195463,7451.666835796257
0xad98d1a28cc2e6848b98fe62ead5fa8b1c6af5c2,7439.114101712566
0xf49970c20a80939e6995072bf7c1ebb888e543fe,7435.549687884659
0xcbd2f7828a3a1d6f31a2008ec769d1b41f0b93f0,7411.97127
8Czzjeh2igeE7gSsbuuXVZUmZZ42yZTCNUZoZcCGRKdr,7373.21055901
0xe49409764565df6220f56267340c6575b5e3c64a,7373.0
0x4b20cb4af208cc19fb8d38a0e17bbdb844390570,7370.158329665203
0xa0707094cad7662653e8a305a29b720cc1bb077e,7352.978871524211
0x9626df919283566c64eebfdfb64cd324c5505876,7327.731008863672
0xc676f1ad282efd4949d8a92a3dbae07bbb5b4f1c,7281.46664
0xf9538e11cdb1e00d7e59345632d7412a3ca0ada9,7278.16182517
0x79ff52aa5a1fea27758aa71c742a10a1d8c4e85e,7261.75252927
0xe6f6e08a670ec76ab6b21d62ec589047674b7614,7257.30093023
0xd19b406fb2e976da396129e0ec34b7675c01e2ac,7241.0955386652
0xaf7b900dd9ad8b344ae3992d284b5c938fa69b90,7239.82939179
0xfff026d1f0bb8d999a90902010f7b4fd849486a8,7197.74144
0x7d612288e12b31a2d0296bb97bd4945b4d917af1,7190.35086183
0x9d053acbe4360ef43286a30742e1e01533a9aa88,7184.8438
0x3f5992d8dd02611f4d1f63e84732db991c41870d,7152.944696796379
0xed9ff21b0abb3b304e53f94c6d20b89160a95d3e,7144.24633
0xdfaf4022d9b6a08896569933d8f38f67e720ceb3,7140.927681223369
0x687d124ec49fb0aa0cb08de4438abf171f3c53b5,7129.807126430001
0xdb95fd52c7da51af19cb24a6b90b79b7d229efbb,7124.9126198
0xa1fa20cacb2cccaba7c81ae7e94a55d9fff54897,7120.901112899999
0x8d703f2060356b7cae81c9b673a10110a95ac44b,7114.222472279446
JEBRptmAAjqtxg6c4WLQDaZPeEA8RXnW4dVyhvsvZnxQ,7110.2260978
0xa2365b666494be61432be90a9a614989684f9fff,7103.669866853638
0x53ffda67cb66147d01baf2958dba2785d74961a1,7086.02866597
0x1813b574aea5947a1f1710b2a0745749c02b0d22,7072.92852064
0xf3d599d5f7e4e37ab78a5f9f6d4d01858cd63dd9,7056.632393768934
0x30aaaaf7e919163d673f06a0039ec6adb2adc695,7045.227272970001
0xef56cce3a0ba21cacfad2b0df338e7aa7a86f4f9,7045.08482179
0x4949e490b48ec4ccc9684029e808d9eb08c98405,7038.525533448696
0x11b481a616f6182e729f328c3acee461af3a668f,7035.799995040001
AFUHWSRcVhshowHLHt8SV4VETmqXRUpAwv7RNxABvYv8,7034.21534178
0xd88b0195cce0ecf752fa32c403029625e126f272,7024.548865
0x9b91ffbb1b007d9b980517d4ba2608fc3c219735,7012.6196
0x23ad702770d7f9543cd1634faa303eb1ea7bcd74,7002.7300000000005
0xee1bf4d7c53af2beafc7dc1dcea222a8c6d87ad9,7001.721947438838
0xb874734eb452585caed2e997deb97fdabdfef894,7000.698
0x84844b2034eea95c44a1702703b893da24bd7e7d,7000.00071321
0x606a25f2ef84f72bccce430f66812c77f5d40534,6999.9461119200005
0xf8447a171b05728071587d06e736c9805a18d91c,6994.59
0xe1cf2331086cb5e5fd20fbfc300932a3550ad44c,6988.809403439999
0x320673879552c855eca7b5b6674f8fdc5815c73f,6974.322379366445
0xed0d20eee24a0bcc593eaf2b57cc6ed855b1420c,6931.857405000001
0x83f9a51e77167784e5f390cab7c2b39c8dee15c7,6915.295531430001
0xe76c8621f93fb97ee281fdc15cfed94f59bec769,6906.947749563929
0x4efdeb56dc171b46e9694f5bf4956335c9656c53,6889.407300000001
0xd06f9b2e878fefb0b72753dddd6fce5ebd98d4b0,6878.90326301
0xd3290daca1f0f3e2f258fc75e02232f34d4ff10a,6877.19192
0x6cf03c63e7174e8b38275d6ab99637b415a8c072,6831.72318577
0x6e825a42840b58bacb33d4efe0e071a51781a360,6822.69349403
0x114465cba81b052ad89a71bfd1d3c3b2ebf46d49,6782.26798792
0xd4b5527df1da3ca3c13467ee0cdd5de7f77b1f98,6781.081702028081
0x921b875b16b5a06142cafbc2af1fefc603899bfb,6758.60274207
0x8d2dc088fd5b7440810fdb12b2ee89f5add35b39,6757.644189620247
A3ospNEXybQUSbJAvNa7YBeTk7CrwVY2cS2PuJqSEVUN,6753.48904643
0x43b391d901e2054b16ab537820964f595a76b8cb,6720.99701886
0x643764146d2aec82ac23ea6a662355a120c56f05,6703.77755643
0xd5eace780c3fcc61c6d0595badceca9e42a2db69,6693.0
0xfa7cb5fe658b7e500571fed50f8cdc4adbc762d2,6680.90621264
0x0f43ef9df16dfc96b5cbc93c9a6364945d54ac0d,6680.83175012
0x7fcd4c490cb0d04847bd3cd417e8e3330de938ab,6680.709124377667
0x39bc43a0c6588e03d00aa73bef84dd44ae5d9b22,6674.511323942518
0xaf4bff80c6188ebb69c848fc07f40ec7da20714c,6668.7994446503035
0x41aaf80571662124170921240a5378beb795c0f8,6646.534770470001
0x4bf97f597c1643a19e297cde09b2a4e22076ebd1,6637.582455119999
0x93f93cb3c5183273cafaf87a2ce183d2fcbdad50,6630.55488878
0x1a39ac77873faf93b83c1de4a2dffcb660d634c5,6629.264798540023
0x57db8df39b90ecdcb919f30f3c5a81c306d688a9,6604.07
0x57732fa8bfdf4481fa6546e1030e54472c88383f,6588.494537324794
0xb4a463a5de0324e5c75892d0ddc770189459bc7e,6567.865889241175
0x4e26e4ccf5fbb192576e47d16f1e9c700dd4e4f1,6559.582317279999
0x0f7cca129c259e97e7f70d95fc82b189ded03414,6536.07903987
0x7819c1c961607fa1446b749110a67e6c9e7b1192,6535.65118
0xda905450166c6574cee0cd276b898f62d7368ee9,6526.1833371952
0xabba98efd7e71445910b782d3a9322375a8c7d05,6513.4044118834245
0xe875743a6d7c81ef284d216905717e8c42b630fb,6512.896757703442
0xa8a61bbbd59e863e9565761361fb825c3c827b8f,6508.71338622
0x07df886c5e7259b5010c7f40dd924997f87b926e,6498.47822855
0x821bcd6191c89a10efd2872eb2351fb3ba90e504,6497.654319917151
0x6129c9dde0562629aebec91d60ba29fa3517f1f7,6495.73998403
0xd483eed7192e6e7988da5c78cd1893844f9c4a89,6494.804046390001
5g7yNHyGLJ7fiQ9SN9mf47opDnMjc585kqXWt6d7aBWs,6481.10946864
0x3716a105745d23bc1977093df326c7527f1ec9ae,6472.01359833
0x2febc5ec606ab6d23b1d80f07959ed68541a1194,6442.13
0xcce1c2e5f309d40c902ec2d301da8a1d94b85905,6442.0367462977065
0x3407a6995eb116f6c0dd51c1b2a794baf0a3adb3,6435.403472400545
0xc7e975ec027fb78a3f3ccdc1d4edf05aeb5685cd,6431.786711932411
0x1d12b82cc0686b0479f90b2f28d8f9a274a18f78,6422.28379827
0x64c8ec642b8c8440aaa92710bfac629694a9942b,6402.397322172386
0x043f54aafee0f03a2ac4cb41306488044da99c3a,6400.0
0xf5b8d9d1775702e1e3220f4005d3a74db760197f,6397.369660783031
0xf0c79c7355f6f2a2c944014b28313c356bf90989,6397.27249149
0x55a7c277ec616ae777431d4d4ac98eccc8ceb809,6393.771615797012
0x68611fbdf7610dafcaa9da6ce16a8d4629690d4a,6390.376273244104
0x9b96e30e795c0aa1da4f0c2c2d70bfb4b4dd81ea,6358.353218
0xb3c7c8dbc1130f53cdac6c6a18cf25c031597143,6355.27776436
0x8066dfc3c0c07bf3fbfed592fd42fd6a903d63a4,6354.820599629999
0x45b5a9804b012db04fdae7e37fff99ce00d100bb,6322.079690344322
0xe5cd33cf75e856d2b7bc1136cbdeb83071f60ed7,6310.6497899999995
0xb1b03871abd50ae329b30477bf97c678294b7590,6310.4746492386985
0xcdcc87fb5a423cf52600c0856187c875a5b0ca66,6297.01582272
0xeee82a5e96336d75a7f98b61f34bc2745a0dcb9d,6289.105409356771
0x07d045d8a456093dcc3d47605f3f73262ae4b4af,6233.327997227998
0x30156538d8eac290bf873fb88380993de08c0e0f,6208.49919529
0xb90dc91805007e58b47f24c6ca9840d32f3a9885,6206.94950196396
0xe0401e76794da11c28f0a47a8ce9ed32f2993594,6204.2558928379885
0x8bd0a98edf76b32da59a7fdd18e5ff79f3404377,6200.0
0xec1a74987498876869c638637fec23238608137c,6199.0
0xc10c789126136d6af3569b990f4ad8c075cbf4bf,6189.999999999999
0x6a0ff9fd1a40c673033414c41d587a09d955a24c,6162.028327308388
0x71f62937467d002a1901a20c9e6ae72d7951d632,6141.715338700001
0xe96c3e1d842beccb10bf57c453b84bf75725241d,6141.635737733232
0x523a188d4f984d50953a04b9865c8909d3b72443,6122.320065230001
0xdeb8cb9a3afe124333d96f4846ab31fd31c73119,6120.75278864
0x87e40c5ed4d4294fc16c9b2c802bb5b8f4b9cd0e,6118.797707979306
0x5e0dad820d311df26adc2b88371ffd705e626e88,6115.083871255396
0xde2951768f69c53bce5f45ec1a059ded693698d6,6113.07518514
44P5Ct5JkPz76Rs2K6juC65zXMpFRDrHatxcASJ4Dyra,6104.56729785
0xa9c64a8949f1a428127581a0cadada5199f7cf51,6100.827777500001
0x65a43fadd5de3962c415ad6408a27b02f61f8c3e,6097.121943970001
64CuV85HHCydAwxQMoXwZ9HXoyw5qE65NkiJxCtuFErF,6085.78973991
0x81c3d5e2edb3c51f8d5d0113eafa781cddd02d1e,6077.147650000001
0xbffcb89c242cfeac1a8ece469dbb53cd69b00f98,6073.58047815
0xf60ef3d462d89540c826aeb13c74739669a20c75,6069.340456960001
0xcf8e6309b1f50ae92968395e2898176359aafd3a,6052.434082743972
0x44aca5943fd86ff798dac3cc41ea7544a23d9b20,6051.134523021664
0xa89ca738ac63078d6c239c216342bdbc8962ef4c,6049.79772207
0x8a04d2e3f40509e287f2463a97dcd9bb2a360e18,6033.76042857
0x77949cb059ff0ac11bdd462b808ba3f1130cccca,6027.588
0x67ac38c293d859d6793a83bcbf7c6a6a2d928b29,6022.0
0x48c9619f5f2d7d12492e8605637c80210140fa36,6021.223300605611
0x894454ecc032d50e12c5a9164b79c39a237df8c6,6019.6451
0x5cd2a32c1d5884e3269b6ea8ba5b189ce6813792,6002.370143868498
0xda5158d78e87772e5f9ec3a30b8d69c900fca88e,6001.0
0xd707b3a1c68ac13c707609548d50361d08131f87,6000.019250000001
0xf961aa65b558fa5094a82c502e0b8d58033d4bc1,6000.000074508245
0x715975b5a278efb70249e81d5b10aecfca3dbf84,6000.000000000001
0x9866ffa41b5867845cc76d74a35e340f50f6caa8,6000.0
0x4b9dec45b27bb9303e1f636ce3b74e2a50db4c5d,5999.999996117333
0xe5ff0c0141a437e70c0eee224322ca9cc4cc1257,5999.610095185475
0xf5e604a1c58b5bf61c345995c39f8cbb593c32d6,5996.0
0xb8360732966018037b679a4ce37601b79aa1025d,5978.96168644
0x55502666ca58ee96977712844526a9d595f8715d,5974.16512371
0xc7f217afe7838642875d7c9361fa80ccf216fe70,5972.049596784206
0x95861ffd670e1da54988ca3c92b9fd665a74f3a3,5957.660646660001
0x6c10a2470a81f45c1136eee0671b3e7b2cdcc2b4,5950.239795214671
0x832830ce048ee0d5abaf88afec2281d856fb9d9f,5946.626142441434
0x31b13fa1c6e786854f62fd0d6cb41d9b64639cf8,5940.411499323907
0x300471d119c3e706ab1a3a71f2b54b0a5c8d7c80,5936.742047549999
0xd7dbfe49410ca33d5c80a34bcc8c762cdf31c6c4,5923.732709999999
0x8b398d3debb35a84503a9908294a68aec2d5001f,5920.55124
0x9e6b0eedcd5249f63af32da2520b4f60c4459e15,5910.92123504
0xd4f93a3193ec55f4a88d618e0d8a5fe54671a9e4,5908.181253185941
0x00c0516c72910f72b9f780a53d78e6fa71e7292a,5891.739913976185
0x2b7f1c12d7447f4dc2fc02e9b42940d26deecc94,5886.516089832169
0x7e82cf76b3d1fc259254c72a2ab4b0c609b0f4d8,5877.025924907692
0xec4ba3d0b4270a6f73fca7626d813f8891fb06cd,5876.445777978293
0xd7fd90e14435779977313de4c73f03a5d9ccd732,5868.10593789
0x4da686c5701b80156d344f371b7ec85a6d28ab0a,5839.901099999999
0x47ff8a583a6f9a74878283fafc9d0b71ddca0dba,5827.720705209998
0x9e9335dd78bd8bcc2ef2342535a4150d58b8e19b,5809.618907572642
0xcfd913d873f939bea85997641b177097b49dc1f5,5807.9130399999995
0x034c0e6f52a22bf91a9a4c0632238cae887b636a,5788.470205763759
0x721701b687b70d107b93f31cc06228d60d599060,5788.373184569999
0x0e3c3c1f6af086bd59cfcb3aedcfaf041e5fac22,5777.90079045123
0x3bff45c081107542840c9cb3d91829bf05c16c31,5766.557484271801
0x0f224d409bbcad4df7698f52abbe2c91dd550431,5765.798354913169
0x948a27211b68f39a087f4c370b82e6b6965ab201,5761.884590400001
0x9eaf3080c5384f60f30e2a1c0edeb0c73d393f9c,5759.04235607
0x963ad9bdb1d55d0fc35d2e369fb047cfc7824947,5743.860184929999
0x80c521329bc52917172b9c3e2ea019a0805fd430,5742.94801709
0x7430d7cae1730488837ca4e7496bde166708f00c,5736.227172110566
0x30a02d023863fbd146ea9ecace48e72d234777a1,5734.785394893483
0x0d938dc38cbb1a1b6b6c8947264223b39105a17a,5727.156040726244
0xdf2d0953bfc58f7ddbbc682246e326bd06f249f3,5724.797122930425
0x8da61574f15d451dfbc9968b76267b9d29c14100,5711.980996856872
0x62cff4a7f10fceedd129a568c4370b4be7cf1754,5709.481691273726
0xffeccd2d3a6334e4589af600f25b166bb97493af,5705.482151418822
0xd6e97ac11fe436d7be5bd0a79991516f2e2ff601,5696.59981298
0x2048a055bb654c023213517e4f728d7e3cece7d3,5689.439946837101
0xda20cbc5d4fe63b1514d2d6855683488cb83cade,5686.527590263762
0xc5d8a983881bce07153f35a127be6d93469f74d9,5681.985261982907
0x03f27fe659f276e7ac4cbe562321b8303276985e,5664.55560108
0x6582ed1d17d46f68203a4847a17f604482659512,5640.66
0x262433e42b768273485c7bb3bf43ff3ff2670881,5638.918761467869
0x16a598d5cfb12b72c485843fd665f68b32330def,5624.0419138199995
9eopQbZdGDnTyXdEDeDbFqfcVYJ4CyAfS3anEr2JAjHo,5621.00330607
0x4fa933ac12622d294a4221106b0483df136f585d,5608.430132144441
0x5c8e47cfb9aa29e57607a767b1ecfa3456de2983,5599.204442630872
0x63edcecad415b0d1e7002f168939a490f486f847,5591.062628023954
0x802610cdf34c3febb68aa20750d3e09b060fe680,5569.041420799999
0x5c4427a2124e6132b73b1f7021a07faee176da39,5551.72484153
0x8815fac0f3d880d6c4f01883ea023a8c9f38fb59,5546.719830470007
0x0eb1c3eb1ba6500f8ebdb4c4aef44646fa0d2e42,5546.70593
0xa83f5fcca59c56ac912f9a6158b93f1142be07bd,5544.324610292504
0x3968e731adceb143b49d8d8498cde5fc2c782656,5528.6655
0x73523761dbbd581c4c5239921c07c85b66dc3a2f,5519.589688759999
0x9a87539fffb61f9ed4a099dd8315afaacc493123,5505.47231659
0x0cd17c1b08e2922d8f2c2e0a54d9c70f04b5cf37,5500.0
0xd9f15dac9872f1a7bd6936025d106dab592b63b4,5499.48929437
0x51117c24cfe4fdfae1f247d0003f7716086a2aa3,5497.726242510409
0x00718e224e9e98f596b71a105a6f245e9913f1c4,5496.478428747454
0x0c1b66a80de5ae4cdabcdec3a086979f49e66737,5484.299118325342
0xa73332c59d1ff74a4fbaacdab5a7d4ce74f054d6,5481.582200558412
0xb08a86b4d7631b2f90aba9720a645646004034f1,5461.07072196
0x0b1a1334bc475f756caedadc58e8ec2c9db970fe,5460.954719298063
0xca862e21ceea43b53f0d240e52d9928030e9a28f,5451.379400000002
0xccb96260c984ab0bf901b0b9e9bfaee4490cb6f5,5423.256703999999
0x5564c692fb778f8f5849d6dfb8e38cfbbd6fcf7a,5420.17503827
0x703358e959b039e10fd44fa79967c9418b3e711d,5418.05116896
0x0314854e791a458fe99fba89823dbc866f367dcb,5417.290962769064
0x4bc49e9ebc758a7c8927122e389433258cbc9bb5,5403.246319744226
0xf355d5954de40d4a98bf01135d624f96a4cc8fa9,5400.254979419999
0xc3b57c274da2d8d145aadec862e9218bae872cb3,5389.437431149343
0x80f7a98d3a1d00116b3b5dbf27fa52bdc5148161,5380.958796380271
0xb99a55f4f9b49f3f88bcdc242194aed4e0756d25,5362.609398850351
0x3cf39cd188d705ea48024e3408ebd41594b79289,5360.89042561582
0xbae27e9ae299d42c87862eb7e2060ede170ba675,5343.736201160105
0x94ee1374b6f13f003da9d35316d1a402d2570a06,5339.6431
0x664f6c0ef57dfcbc0be69025bd313673411d7231,5321.248660495106
0x3545b62f74eb853ef40c75346fb48d15010992e9,5319.047665571476
0xec037551bf15a28f1706402c8037c7da9fb12f1e,5318.55804876
0x8153192a410623681cb95eec64a099dd054c4fe7,5298.616620509911
0xda533725f9b67bdc6c5715d84ad1134441b3d372,5295.346615045425
0x394170d8e196f3872b4fc85d9b18b834ceecb36b,5277.3506325547405
0x8767e33c3a853d361bd4f04bd47982f341444996,5274.335443505139
0x67fb1a4c9e99169acf432cc357224ce6bb5d46c6,5271.75595087
0x48d136d01e1f205975714b5c7fa28bbda834ec8e,5264.268433100847
0x296fe570fad50d7353c0f66923f16e51b5fe0905,5255.394900000001
0xa5b0cd6f3d86d89df7453eb29cb9c08776f51df7,5250.600820628231
0x97b409321fddf6d2bcbfa049bb7026aad621ca4f,5249.61758766
0x6fc5ba626cdca02bc792c6bd001eb5d4b98f2cee,5249.583331350001
0x42bee094a29f2a9d5c9130a1b5c7302d69a51165,5245.23557
0x5c5ee372907459b11937f2412fd8ac2a721e1cfd,5231.23297726
0xe819378e3f7ac155b99ee5f739baae69a365090f,5229.542153952119
0x652468acd69695bf584aba91b1119a96cf571c19,5221.911576099999
0xaf48940a72b1b381249fbbc105dbf34093cf98af,5218.218978709999
0xeada0603a26263a6c85daf5b8fc9cb9e98f13ea0,5216.230149000001
0x75e302cdc15d37aba075f1064eae098e285df20c,5208.251249517607
0xc7c0b2089af2bc613387445d09bcfa94ddd46789,5207.428547789999
FrhLfj81LRpMR3EwSSCGPzHmxsnoq8h628ne68vK5oMN,5193.59116446
0x3ebe36af126090d5d01ab62cce1042c68b594509,5188.32625688855
0x9a3ef57d726c66a14c31c2f518006758eef90568,5183.780518806634
0x68a9857b0e540e5a800151d3e4a33037191a5dc4,5170.327333986975
0x96a947ea96d4080488a3372b86d099026c5a9a15,5161.449
0x859c668ffe3f0b43c70a49246c79f2aecd2dd5d9,5156.840066070774
0xcd2824f6e5fcb37157909c2a1f6cce08119f232e,5149.733693374453
0x9ed7e660b35db77b2d7fd3dd4f1e0e6585f1b57d,5145.09572561
0xd2712105bce59ef321f66753acfe23f8f9dfac48,5141.977854963809
0xd7dece5204b669926b09da4e5ea85473cf2d2ee7,5122.6814063
0xfba8fa1643a5465c06f0ec4016455741084e6880,5120.08427432
0x88316afc84c712722eb7fbd7943e6322a6fef853,5115.36989
0x945648f0b4fdff95cc4be0054a51d63f1c06db3f,5114.414768636456
0xdf726c73b5c013d6cc6c8424524a3c7ded5910c4,5112.01154987965
0xe001fb1b097d9d5324572e56ab8b51c19e940523,5097.625899999999
0x54772353e287a4d0cfb5812fc33d05d40f824912,5088.3365808388135
0x641215a3e0081d7058d5d8e4236642c9f8875580,5079.92
0x68335773bbfdc824b9016ec6cb64a22ec3146357,5078.73100736
0xba01b23c3ef3fbdff45349c0da5eb6ff8ed259aa,5077.589269404123
0xf366b22f10af6d6177e75159ade3dab36687318d,5074.0
0x14fb34fb49bc7f731dcaeb96e9d18de73e0e3d5f,5070.022927924778
0x04de3cc23a84f7713c1896ea5133abb5ea380230,5066.624310400002
0x65041cfeb7485033adda202bf0eec94a8232b33a,5059.748461380001
0x408af257f5f73034376ca6b6fea255c7959e27b0,5059.540684889998
0x0b96e20ea3f7a451a8aca031e0cb5c0ab1873eed,5058.823405592668
0x89f2add699ec4e787532893b83b50ed2e8540818,5058.396292261847
0x4e91657d44850677b8cd1882209f8d48fdda8af7,5056.568981199999
0x63037039bd211081386307d7211e8786210ceab8,5055.378265372381
0x1fefb2d92407957aa69164f69529534d4a116cac,5055.0
0x6204239c4baaf88e0e9e808e87f205156a817bf3,5054.164032796358
0x3f2f2232f22f79cc298f088c7642a2fe1d589ffe,5053.477161452429
0xaaba0ce031ac55575cff2185b7fbaa84bda65a8a,5049.997007338418
0xd4fdd86906e5b61b21d83772be0de401784f7d2d,5023.899719411573
0x87191d31f3d0e8ab4a064619be68add117676c27,5018.519699999975
0xb549a874f62274fbaf27b12b8fa190465bb22df9,5017.152879126482
0xf607edf80cefc9ec3a3286e7bdb8689271dc5285,5017.0043
0x097e20bbc30f1c7ee59a8ecabd9fb2be999adba5,5005.94116124
0x395bc77ddc8545d5a425be2b35b84f884b551635,5005.1912506193285
0x77ea9bb1ad728414751da66317df39fcf93567b6,5004.598487106558
0xcb9e837a04c97d32d4f8d35309ffff23f60ae021,5003.0448
0xc808e2336981a6601976068510d4eeb1f84194a7,5003.0
0x2125fbcf319b5552bfbc3826696b382908cddef5,5001.797498716941
0x14b1b3ff91525dd00e8fb8ce000097ce7d1cb251,5000.706698842956
0x7bfc6f5da5b7f3ec04f80aa3792e50409a7bcb72,5000.4040964000005
0x2f08bf0be239060a89bccf7e902643ddfeeccc43,5000.3777272749885
0x33bd07ea6884ffb4b39ab3b3ebea8521c18a4393,5000.0
0xa0f7cc1c5592551e73319164a00b8e05182a19cc,5000.0
0xc2c7fb3e310762488f626d0c829c132975849f30,5000.0
0x661eadb499767c7acb35deadd42e222b4955f996,5000.0
0x12414dcd9f07129af7a229da128cb07d43377df0,4999.85268954
0xae01c61dc2883759af440a285f9a08294af52b6c,4999.614795740001
0x53d6c3d590a4d93ea03337b76fb7cb0e6d45bde9,4996.26751913
0x16f05fbad73dbc1964e1485e0dbb164954800eb3,4995.782988
0x0b683cb922791d6fb92d4013db58356aa766a162,4995.599999999999
0xe110c1a73cd7d1a5176e2e159c1ff1daeaed6903,4994.661700000001
0x6de19652831fa947fc7c665d2116828c0d091e2f,4992.41722613
0xe1a5411d8484e8a1178a8551c08f17ce89ae2071,4991.40736262
0xb468fb7b587e2e06d1c53c7e1b4c97744c6b0cbd,4984.103301685902
0x4d2cf5659f788e6e1b208e2b8899f5fbcb76c85d,4980.5
0xf7f7170b3f73fe0c22f4e10479b2969c3cbeee10,4973.75518
0x8197859a148a5742ae319f142e39077e85220263,4965.228303884805
0x5f5dafbd7e961da20c2de547e0265072a0f9f906,4943.235929999999
0x9ee11a85292f8900fbb966b2a409b1662c5cc5e2,4941.49988975
0x784b51dc4e7599fad1802b3c5ed49c41b09244e1,4940.99015277
0xb991f47792aadd375a0d9409aa754724b509be35,4935.766334467253
0xc86aee16149290f27db291c0cfa0bffd407a366c,4932.8118125
0xf87adb65345c5421ca90ab49ff9cdd9cb3564a14,4931.0
0xd1ce69b4bdd3dda553ea55a2a57c21c65190f3d5,4913.23841575236
0x3c52a184afaca3d9c05ed7fc81b3f71a24dd1b3f,4912.41456511
0x47c989d21d99bdbde4c79bdda1ed969437f02f32,4898.290533250608
0x376f57906a23ec77e0daecedb6e5a41348007d02,4893.273706520001
0x103b4947bc8095527dcef30cbba14ebaf8cf8b87,4887.4060500000005
0x30362e0d9e24496e638312c3c1f95bf8fc625d89,4884.854764860723
0x54bfc306e354a401a6784c099815e8c79ff846d4,4880.0
0xd0ea254d100d540e58150acb3357fa41aa02244c,4868.805300720001
0x86667cd811caacdb8f6294b8bbe5d093d28965bc,4867.90255129
0x41aae5d4fa851fe381204133083209952caf6395,4860.95830833
0xc17f3cfcab0d385fd3bb11c057a92c235d5d442a,4856.8117247
0x310d0bcbb616447091c836c0a571f9419c806eb2,4845.048461589993
0x2bad0f8ff17d11897325fedd893279ef0e4812f1,4836.37759954
0x46da502f708c3400d9adae51465d219f6ceac4db,4822.719744054081
0x89859704bd3b7ad25672bcbe65b12f9c891f5bf3,4822.6729000000005
0xd827ea47e3757abb4f75b69eaa08861e9f75ddc0,4821.87014713
0x57d05b6b8c50d37a2d596b64c87160aab833030d,4817.802601287817
0x9b34909a3f7e64b255565d61603c4df39a72f507,4817.128442545638
0x0e84ef639126c75d5f354df81639b73b2af02514,4804.53744288
0x6ba5000a67a0930a7e21ab0187c9a6e89f9b72fb,4803.435191866972
0x6ffdb360ec036fe60f0eb4f3080b5db7bb3d2f1c,4790.7695160250805
0xf88c3faf71e211cc7bd53fe69770f47be3649615,4773.15007
0x6c241a3b3d4dbb9c4296ab542d4bce504d0c4828,4760.953159327514
0x8c169add26a05e94f5f9e5e5f0864231350d9bbb,4759.479805190001
0x6bfbcb7afd1494774306d9705653bd8ed8f174b3,4754.4208
0x89df678cb3741c92549961e2e55530cea95d04ca,4752.241801680001
0x369271ef68d12bcc73415cee3dfc347b4867a0c4,4749.275004682242
0x41d48c32301e61672c3015bdd931251c0810ca7b,4737.60410793
0x91ee022f80a4ec878a1a9c468668229ff1717616,4734.585077188881
0x0a2588bcfe466976c190ab6712c740286d4b6034,4714.3322
0x131babfbc36ac49c83b41b95b06db34526e23c3c,4714.10616891
0x8b713a98100e5cbeadb2e73f670dbd284a03fd7c,4709.744890473231
0x42e0ae6a0fa7c8c438be986f8eaa420cb4c141ec,4707.520031759999
FxVumvMfcHMR35SoRWm28RRpUebHGKUiKh7uSndQ5aKd,4707.43461453
0xe7bd2b06a6d0601561fcf5a77abe7f77f65c5c73,4700.0
0x9887e7382c39ebda136d66be33831d27c9dd9787,4690.76
0xd78ee7ff1652c318af36dea2faaa9958694e2cdb,4686.856001524722
0xda5a4878212903ed0124cbf4454bc9bb3d6771f1,4679.82
