address,balance,rank,share,token
0xca3e874bc4e830796d822f529c29df30302324b2,245000000.0,1,0.24953724059045007,GEOD
0x2006b44684b2a579466fc04fabc5a535946bc7ab,205336874.8302058,2,0.20913958014937223,GEOD
0xfa5fed5cc2b6dd8f370651d17242c52ed711b14f,126999999.99999994,3,0.12935195736729446,GEOD
0x3a6906e4239f9860c81035c54198df58d892653b,60512654.0,4,0.0616333089794476,GEOD
0x47c8ebecfa390a59b0e127c9178e936a4ada907d,40000010.0,5,0.040740784159144526,GEOD
0xcdd8dcfc406d0487d09b8332cf1bafa2a21a9f47,36833292.793656856,6,0.037515421410568336,GEOD
0x000000000000000000000000000000000000dead,31908432.381899025,7,0.032499355788351204,GEOD
0x3783f34cad40f4bcb5eaff3594458da1f5ea041f,20000001.0,8,0.020370388005494865,GEOD
0xcecccb3ee2c208fb58a5a02499e97d4bf041ff6f,20000000.0,9,0.020370386986975516,GEOD
0xcdfd8ec577217df0a577cc64a64eca71bb28d954,17000000.0,10,0.01731482893892919,GEOD
0x3ad45fb5c28da8e8a1e75a767a271296254e7522,12500000.0,11,0.012731491866859698,GEOD
0x0d0707963952f2fba59dd06f2b425ace40b492fe,8677301.531223953,12,0.008837999509685357,GEOD
0xe92e65049b3c2ca12806e9567b08895118c5a03f,8626228.9281924,13,0.00878598107527611,GEOD
0x682ba846eed9934cc89ed89a350ea98781256b6f,8016000.0,14,0.008164451104379787,GEOD
0xe20a27a9ba3c2256c391f53c8f745076eb54deff,6991395.3323112,15,0.007120871424905672,GEOD
0x82146cf0f350c241757660fd803c73313b06d75c,6861185.5,16,0.0069882501912212555,GEOD
0x31855806a3592e18d48149f5ce93a1a579f3ef2c,6492253.197600001,17,0.006612485502627062,GEOD
0x8984fab370e67d7f2d8473b23e10bd37f12e72b9,5634201.0,18,0.005738542736620222,GEOD
0xf4fb612c306dc8af7cf9ac1d5dbf3e0dcc2d8315,3555785.5048596,19,0.0036216363388334085,GEOD
0x1977fcec61fe0e3d73f0a3a00d8a2ccf235b3f11,3350000.0,20,0.003412039820318399,GEOD
0x51e3d44172868acc60d68ca99591ce4230bc75e0,3337791.755834304,21,0.003399605487414063,GEOD
0xeef78639710424368677055df649fa6555af8595,3332834.0,22,0.003394555917167478,GEOD
0xcd0a2a67b4a1090fe4539e1770ff53687cb01dd4,3229832.7735,23,0.003289647174970572,GEOD
0x237ae888ccb6c43628fd6a24ba48dd1bf65cbff0,2938025.0,24,0.002992435311370437,GEOD
0xbaca49bef0339ace849df035e80a87b933e1b7b1,2500000.0,25,0.0025462983733719395,GEOD
0xb238642257c373c5b449bfff381db63978efc230,2500000.0,26,0.0025462983733719395,GEOD
0xb00f9a186fe12340aa6c9b481867db787e0ea3bb,2200000.000000001,27,0.002240742568567308,GEOD
0xcbcc5439cc0bbc88f960c7aaff8d82a855b0fb73,2158532.7204117,28,0.002198507341941768,GEOD
0xe3b49ad54ca4ee65070f94324cf880ce9a045ccd,2007500.0,29,0.0020446775938176673,GEOD
0x96cf7417450cb27d388468e21e7b8dbf77e8e662,2000000.0000000002,30,0.0020370386986975518,GEOD
0x5fe84b85ba7dea0fbc8c4571491aca80d97f5e01,1969872.310365811,31,0.0020063530638539558,GEOD
0x8fb9dd00b9a3d893da96d444817d0b77330d5478,1904654.9427654445,32,0.0019399279130393905,GEOD
0xad392a3640937cf3aca74d972a0900d378f3d285,1743626.281576323,33,0.001775917105818542,GEOD
0x7bc480a703399c8f2e5ed01515bcadbd0baeba85,1500000.0,34,0.0015277790240231638,GEOD
0x507bb1169c2d17503304816b62ed9e5f1f67c3e8,1492779.1750700008,35,0.0015204244741136995,GEOD
0xf53224ec685b674eb4f5c365d30876efb05fbfe5,1356894.91513893,36,0.0013820237261019655,GEOD
0x61257c071ed39f3cdadf775d4b4bd6cddbc4f59f,1343457.7800000012,37,0.001368337743963152,GEOD
0x4b581deda2f2c0650c3dfc506c86a8c140d9f699,1324348.918257,38,0.0013488749985338746,GEOD
0x72fb6d06a5db3931dd33db2afe676488c7ce5353,1266763.7055512448,39,0.0012902233451566982,GEOD
0x3336b3f3f30e5ebe1989d2b84ee30879adbab855,1250000.0,40,0.0012731491866859697,GEOD
0x4cbd339d9969bf8558af38af46bfd299a80b315f,1220378.1394070126,41,0.0012429787485083,GEOD
0xa65444620f7def16b7b53cdf5028a696814b733f,1216307.5864330018,42,0.001238832811541721,GEOD
0x950b52ca6164fbfd239125fc45699fd86782fd9b,1215304.0,43,0.0012378106393409647,GEOD
0x1a6cd15a8313be750ed27347b05b92c70b5e0ebd,1208200.0,44,0.001230575077883191,GEOD
0x486559899e96981dfe55c4e6ebf5101a76bfadfa,1183290.8069999814,45,0.001205204582836009,GEOD
0x8f14ec6e993e04f1329f2dbdfd877ab8a822b2bc,1182906.070824,46,0.0012048127215963775,GEOD
0xb9c991ecbf303b3f12b898018d570b7ed6856c29,1102732.0,47,0.0011231538791460743,GEOD
0xff47841f94e797716b06540cd2119e6d4714e70c,1096817.1838929998,48,0.0011171295244932547,GEOD
0x39bfc628a34b07c5d65f207e59077dd3c8f10730,1093059.7214601114,49,0.001113302476300907,GEOD
0x7a255a9b09fe6984fb5618625febe8cfddb637c7,1000000.6599805371,50,0.001018520021551723,GEOD
0x57268cd8e39ca6b5997275575d9984bb2edcbdd6,885477.4001589001,51,0.0009018758654728886,GEOD
0x3e38f96cce0cfb9a207568d146c7996e7bb74ec6,879092.15,52,0.0008953723646356165,GEOD
0x085a3e0908578becb3583b04ea3ca9c242e43cac,810146.9282469001,53,0.000825150322234942,GEOD
0xb2770097b9943398974e48371045621fd2cbfa34,799999.9999999999,54,0.0008148154794790206,GEOD
0xbb5e5a9fb4baa88f66e208e76c3de948c2c17d00,749061.0062126843,55,0.0007629331286702826,GEOD
0xe13a7818f1b2391f89608db3159e738ee052d57f,733035.6224096864,56,0.0007466109651861888,GEOD
0x672e760befae793a35d547c19428c033d198fa52,730000.0000000001,57,0.0007435191250246064,GEOD
0x6740a7aa8902420b2bafaaa19ccbe66698aff80c,648860.3091969984,58,0.0006608767799415723,GEOD
0x5ec44bf4fbf55f4dfade5c5ac81340dd7f88d2eb,648191.3103847643,59,0.0006601953917066206,GEOD
0xbcc5392ccadf28cb722e7566c3cb5d04a78eda03,630000.0,60,0.0006416671900897287,GEOD
0x528dbc1bdec153b43d64044ddb15cde95101283c,592000.0,61,0.0006029634548144753,GEOD
0xd62c7bbba8a77402e9798a1e469885ccaee1d5d4,562500.0,62,0.0005729171340086865,GEOD
0x59f1150e40adf6fe4526498c103ef56e1a98ba2e,522200.0,63,0.0005318708042299307,GEOD
0x287608d240ac1437f9eeda1c5e6d113fccbd1310,514950.4832125,64,0.0005244870311084332,GEOD
0x54bc0504d5bbc006a9aaaa4e24db1b73fa9003ed,509964.33,65,0.0005194085375826844,GEOD
0x9b3f43e7fd923606049e70eab9c1934f7533d75a,502984.10587111814,66,0.0005122990442446271,GEOD
0xf918b4933e2d58a54d464fa130aea66dcd958d07,478973.3414259998,67,0.0004878436160646184,GEOD
0x04659e1ebfade0105c5a1adce753aec8ab6aa9c3,468942.36916614557,68,0.000477626876725176,GEOD
0x3211ec4276428578cbf985006b9554b30f366721,433691.85620280274,69,0.0004417235471975415,GEOD
0x127e907c8157b3d3eefd343e0769dd5b9c99641a,422378.3644930981,70,0.00043020053698251037,GEOD
0x4f2c588665d9663768ab24a2f55e5099f212b791,418086.42672700295,71,0.00042582911532154167,GEOD
0x16f6da6be56f14bd64536cccaa93e9a29da234ec,396920.1967672386,72,0.00040427090055475596,GEOD
0x8f0b4a8f35130a7efde3d61fec281c24f969486d,374500.0,73,0.00038143549633111657,GEOD
0x01306cc42c0cfd6e480b0f38ce3abcd9265c8ef7,350000.0,74,0.00035648177227207156,GEOD
0xb9af89b30626228a6a61085a15e6755ce2cc462b,349990.0,75,0.00035647158707857805,GEOD
0xe5fd677ebf79905372c97533d97be871752da36e,343453.93470472936,76,0.0003498144781067379,GEOD
0x8320143813412d1fff1af339362af21d21f39fd2,299751.05968350003,77,0.00030530225427544453,GEOD
0x3301d513a61623fe67f3c8e85aea2d8c6cb86b48,285733.5,78,0.00029102509850714844,GEOD
0x276405189dea6c20d2d690c62002199211a05350,284500.0,79,0.0002897687548897267,GEOD
0xe5d141d65c5b3295ece4bca6bf922069d1c19164,265945.45798993146,80,0.0002708705948341672,GEOD
0x5156f0bd1ee0755f502ace04c6312f3f7eb81ced,262404.22074400005,81,0.0002672637761785515,GEOD
0x00d00e29281fa9e856fabafb9a2b8298117377b4,256995.43510495237,82,0.0002617548233487016,GEOD
0x8ee6584bf4993aff1956785206ece3d3e61660f6,250000.0,83,0.00025462983733719397,GEOD
0x67366782805870060151383f4bbff9dab53e5cd6,245088.3939205571,84,0.0002496272715089023,GEOD
0x576b81f0c21edbc920ad63feeeb2b0736b018a58,237218.64069893956,85,0.00024161177557808496,GEOD
0x265adb3e58ff402a3694bcc9fc09054a4523ec2c,234311.797677,86,0.00023865109971472003,GEOD
0x9c41cda6806a85ad073fa62a628b4367bfa2ec56,230223.7993989,87,0.00023448739436837072,GEOD
0xb67785e7496e237c372ebc418cfd17d0573ad200,222102.0,88,0.0002262151845290618,GEOD
0xb655b31369ca8c1ae72d9098fb88e1c3c8ae622f,220046.97572341384,89,0.00022412210253997734,GEOD
0xb611ee8e72eac71de8beb06e91149765bc797af6,216068.53224400018,90,0.00022006998087590406,GEOD
0x0f970d47d11159c0f128b10fa178dac3abf9cfda,211163.46458837582,91,0.00021507407455878582,GEOD
0xa7752076c01b43ff55dc453ec7d89607668dac7c,200522.32716565524,92,0.00020423587019466552,GEOD
0x45854310c3302c5dab9c0c745e8058d485a4ae8a,200181.77665866294,93,0.00020388901291386335,GEOD
0x0eb572eeb8af735065f853f561db25d74213b428,199556.97827725147,94,0.00020325264367295398,GEOD
0x0665103ab41dab09acd896385ed58c8dd61964bf,191614.67629029002,95,0.0001951632554208625,GEOD
0xafe773c840412a4380de9283c1a52f634fb53d41,188136.2687594481,96,0.00019162043004577952,GEOD
0x2522eed9a16aee1a48074fc9402686923a5d4d18,184629.46141720004,97,0.0001880486789132615,GEOD
0x50eb307d9a8886863d8e9648240a96b0dd1989a7,182699.22887433087,98,0.00018608269971960657,GEOD
0x101604ca9bbd8a4b100cc6408f0d605fbc97acb2,179209.01326599982,99,0.00018252784758912227,GEOD
0x75114ef8701e09b5196d12f833da1cf02f6223b7,174896.40744066506,100,0.00017813537510990456,GEOD
0x5bb55135130c87d5a2599d0b92932d4e511bb0e5,170000.0,101,0.00017314828938929188,GEOD
0xbcddf2249afa08ea17c9d1c2d1a28b5d94a978c3,160997.06,102,0.00016397862079826583,GEOD
0x8385373065b31f803b45500e0e14a9e13c4bd009,160091.65770020266,103,0.00016305645103697734,GEOD
0xb5075f0b7772b976cd13bb1db991ee05799c2c45,160002.00002,104,0.00016296513295487324,GEOD
0xdd047bac20d29a6b0c5c765a703b3b054a222e19,160000.0,105,0.00016296309589580415,GEOD
0x793a1dcaca62e6e1756e6dcd31eedc7b7fcd73eb,158650.0,106,0.0001615880947741833,GEOD
0x16b13079b4a4519e74eea05e057f61abc3caeee5,153324.96,107,0.00015616443849812708,GEOD
0x51c5899b674a22d3973c9169e0e32976a1023c32,151203.16584200002,108,0.00015400335009286892,GEOD
0xfede5ec6bc177036e3ee542d168d1fc35a9bd79c,150114.508246,109,0.00015289453126652737,GEOD
0x94b1150dbeea96ee4183feab27525885f8f520b1,150000.0,110,0.00015277790240231638,GEOD
0x8529f18e4fb0ddf4d7e4c1f32341ea133bcddbeb,150000.0,111,0.00015277790240231638,GEOD
0x697e862efcc614d00d24369ee2eaa4552af7b8fe,146079.4888640001,112,0.00014878478595096314,GEOD
0x5769173b07127728a778ce9c1e2f041c0742b8ff,145364.75154464025,113,0.00014805681216149345,GEOD
0xc2edf5e859dd5b16fd8ed6ec6a7bfd0ddfae786d,141469.39032133657,114,0.00014408931138285572,GEOD
0xf2ccb290f7977bd4f8acd31671bf29c9a8b2b5a3,140054.71004359968,115,0.0001426484321468386,GEOD
0x4c9991b58300f6d05ffce18a66057baa10fa82af,137256.5973409999,116,0.00013979850021758212,GEOD
0xfe681cc246c5eb36626557034ca0ae290ba66f61,137054.3169897938,117,0.00013959247376588564,GEOD
0x31d25801852740aafc944d0273d3825d232ff46f,137046.52103818115,118,0.0001395845334383216,GEOD
0x9fc735d2f99f3f425d8a21b76765c5a473c6a260,136496.1998541841,119,0.00013902402066406404,GEOD
0x3f27f5caa0be35ce70959d406a0d8548f14a0a55,133515.56948008834,120,0.00013598819095479085,GEOD
0xf41ab974fe7e9ca2989153d2a8df505055cbf485,132952.85710899995,121,0.0001354150575167194,GEOD
0x7fc5e2062c1b4dc250d40c734781c8775d3990f5,131826.91702248852,122,0.00013426826575240006,GEOD
0x5ef1fa1104a9635e6c9d227ed4ae5fafb6f916a2,131422.048742455,123,0.00013385589957524836,GEOD
0xe4c19273b512988fe7e82682532df5fb0b0d9984,127961.5002671002,124,0.0001303312639937401,GEOD
0x6a1a1012b6fd9f68ab6a07e759abecc46fbb99b7,127241.04678153826,125,0.0001295974681783895,GEOD
0x7c6d1315dcb88464696e088f3df87dcb7e2cce2b,125000.0,126,0.00012731491866859699,GEOD
0xf0764fcd55e2af0b0564534e1cc5d88968e61d95,125000.0,127,0.00012731491866859699,GEOD
0xc1d55de5a5c0b41f6e66ac50732dd766e78deec8,121717.4268069998,128,0.00012397155435587268,GEOD
0x29d7921821595c5a8d5dd39a92812c9926f94b40,120000.0,129,0.0001222223219218531,GEOD
0xdebfdb90beab0111d571ee4343188983a7f49ea0,120000.0,130,0.0001222223219218531,GEOD
0x6dadd61a833efa9cae29740a9d25ceff613f37aa,119999.70000000011,131,0.00012222201636604842,GEOD
0xf5902b7546c73e414fc31322a69553e06e45c5d8,119756.56545899993,132,0.00012197437913154469,GEOD
0xf1ff7fc5d94eb5100df50c43bd9f7b1220ab29a8,118164.2229518,133,0.00012035254747717102,GEOD
0x23b7ecaf7028d737169de716ed40e0c4d3842dc0,116174.11379374348,134,0.00011832558279237426,GEOD
0x85f9c468186bba95bd98d16212819871fa01572b,113924.50346999982,135,0.00011603431114914658,GEOD
0xda4d167a05ddf76630d0026a46441028dadd40cc,113449.32981699985,136,0.00011555033758926536,GEOD
0xf2f4f4c0f43c6037011a97060a6d70a57bb8f1d3,111354.8547407499,137,0.00011341707419737603,GEOD
0x4b0f2715696a2bc66dc84c31b302c3dd5395b3c3,110669.05949299992,138,0.00011271857846785124,GEOD
0x369a71f59c878bfc93a4f8c1c31e37cbd9edb9ca,107972.58664699987,139,0.00010997216869920663,GEOD
0x8f25da637a28fa85a76400bb5cacf524c02895b3,104676.07420760111,140,0.00010661460699431006,GEOD
0xdc9308eee6f34e3f7acc43b5e76547d871e91508,104037.16609200003,141,0.0001059638667161144,GEOD
0x019e96b49daa59a264ee3f4e4f4cfc64bf6cc0e5,102940.53310260011,142,0.00010484692479727639,GEOD
0x88f91a7556fd16b9ced580cc9f3b6a501c1672ca,102826.2058036286,143,0.00010473048023111512,GEOD
0x0379b343d7e41d7c0a52f513cc2cc07e09c5485b,101904.3546092275,144,0.00010379155695239732,GEOD
0x7e154ea9b698120ac020c89be6ba0e13dc34bc36,101804.00595366658,145,0.00010368934990502739,GEOD
0x4688e9f756472645997d9c450e11ae355ae03b22,100842.02197792567,146,0.00010270955061197181,GEOD
0xd594a935121b89560677ab210d1c383abfe54f78,100466.99488599996,147,0.00010232757826231547,GEOD
0xefcc1d1c1297c97978dfa8150d826e4857b98625,100329.73604699552,148,0.00010218777747892029,GEOD
0x456bf56e3677996fb19cf638b38e3cea1a911d8e,100000.0,149,0.00010185193493487759,GEOD
0xc3392ccbafe54d66f980ea42fae75f1475670c1b,100000.0,150,0.00010185193493487759,GEOD
0xc2e01f2fa471dd804bcd469b743fb125e0282fbc,100000.0,151,0.00010185193493487759,GEOD
0x002efd914987e6856e3777df748712fd9c10dfef,99378.0,152,0.00010121841589958264,GEOD
0x1cf9d843f1dc7b60490b875f70a5b898959d6c61,99303.29895018974,153,0.00010114233143493423,GEOD
0x9758f4413aca7233a2f3d23a7abaac27a3cb330b,97873.27492701792,154,9.968582429730015e-05,GEOD
0x3366b56325a2bae88a13caf44371e824792ba49c,97612.95697199999,155,9.942068542313148e-05,GEOD
0x3dc16a590970d1ecf8d5035d7f57af5ddee71266,96360.49934684695,156,9.81450330976737e-05,GEOD
0x7a9d0800eb6fbdf0e086f299ed1ec625a2c09e80,96021.92960099997,157,9.780019326042445e-05,GEOD
0x30f17f025b3cb6350633356b5e238365c2cad59a,95707.01106982335,158,9.747944264295256e-05,GEOD
0x127df4975f7132fbafbb03f6fc2cd3a5050443ee,92965.17632209635,159,9.46868308996758e-05,GEOD
0x23eb5c1fab94eed99a29bf4c0daab5347b036d48,92326.78842800009,160,9.403662047714874e-05,GEOD
0x92459fd28aa9c738f66f02b6d7ecd5d60ee5f645,91782.88099176662,161,9.348264022909027e-05,GEOD
0x39fd0f2e0c133c0790d9bb6a607f6661e9203c85,91516.07564046269,162,9.321089381627742e-05,GEOD
0x3b7222f5899f6fe31ebe07bb155a59619c5cf832,91329.70599399992,163,9.302107272522378e-05,GEOD
0xe49ae768c3921cbfb81a9f2d89f1bdc12840082c,91237.00062800001,164,9.292665051616442e-05,GEOD
0xae51f872f721b14455ef1e464a5cb6ebfee15dee,91051.87916300021,165,9.273810072208233e-05,GEOD
0x5a2b64298c3592b1a62daa6549acf2af3e6c9d1c,90000.0,166,9.166674144138982e-05,GEOD
0x4e18721669c19fe52c6761c1675b0ec61e3913d7,90000.0,167,9.166674144138982e-05,GEOD
0x604b9525b39a79d4f4016adc0f7d75de162dfce3,88750.00000999961,168,9.039359226488865e-05,GEOD
0x0de18cb057c7a5ec8d3af4c829ad11e041e004b9,88642.50692107902,169,9.028410847390177e-05,GEOD
0x0cf2a829da55e37baa5036a39b948792db8a0d33,88592.63249299998,170,9.023331040386556e-05,GEOD
0xca6e6bd4a7f889bd9854c76d85079ddd231b2369,87413.90637,171,8.903275504000721e-05,GEOD
0xbd9fb5a3b9c66c3f1267dfc25818fe9e431ca449,87223.47031899987,172,8.883879223725001e-05,GEOD
0xc7c37d1fad4898e417b3c28743ebaf16511e8de7,86285.60520400002,173,8.788355847054345e-05,GEOD
0xc3e99fdf941ec04b3e68ef985bcbcb75e6a1e92c,85120.89343948361,174,8.669727700196934e-05,GEOD
0x74fbcd9781e31dfe7176ca50cb6b0d1e404d1b9d,84362.810977,175,8.592515534552781e-05,GEOD
0xecb397e49d01b3d73a6a44e9c56f19b5cc35a681,84164.233692,176,8.572290053841415e-05,GEOD
0x7e8b577d56c6d32cd584a4f20cf28a5740ff3da8,83215.15083129969,177,8.47562412806556e-05,GEOD
0xd3cc6e2d9ed7f04e99c9c9c5b29c88a9ba721e2e,82187.0361584228,178,8.37090865929811e-05,GEOD
0x1ec7c608f58bc8492326224a151f3d6ebfbb49b6,81913.84326525498,179,8.343083434518511e-05,GEOD
0x4c3c714b5d7a915a376262c3e392d802a8a45f0d,79463.21666280001,180,8.093482373255587e-05,GEOD
0x5c37d303a090c348811dbb81ddb3e3e534b14eff,79460.5716769999,181,8.09321297633397e-05,GEOD
0x85447407829fa2deb31e10beec8f6f40981d7f44,79048.94984996878,182,8.05128849678942e-05,GEOD
0x631bfa59a7ea970842b1f092d2fde4cb701c3562,78247.15674250157,183,7.969624317376437e-05,GEOD
0x6ac879accdf2b0ae86315c1fc2e1f5681c83e0a7,78163.97129899992,184,7.96115171899738e-05,GEOD
0xf5862fd1dfa6f0e5bdbdc78371a326bd1ed7b0a4,77932.48292600006,185,7.937574180292416e-05,GEOD
0xea63a5637d4ecb6c19f7c9ef0970d4398c8f4fc4,77508.24723100013,186,7.894364953888231e-05,GEOD
0xcf1b0d75b5d2f04adf629544d086438961acfabc,77348.50106173527,187,7.87809449745017e-05,GEOD
0x60c21141c0b1d72c3cb4fabfd23fcfd1d2728e0f,76868.89385163353,188,7.82924557509259e-05,GEOD
0x056c9e8a319af83ea1acaf71a58c90a1821634d6,75643.16475082381,189,7.704402694469133e-05,GEOD
0x9c6241e95f57ac3e22cbfb6c2af00fed96cf302d,75496.32606249485,190,7.689446889939528e-05,GEOD
0x47f9db6450258202a086f5a4024cb2c42734ac45,75375.29467202154,191,7.677119608631963e-05,GEOD
0x3dd8394d732713f893d7b648b5cb3f6fb34af1db,75336.7186705987,192,7.673190568244996e-05,GEOD
0x303d13e4b2ec4e6e422bbdcd24162e60d020fccb,75163.80664570077,193,7.655579143935634e-05,GEOD
0x921d2673423cd6f702efdc63308a07a09484c664,75100.00000036869,194,7.649080313646858e-05,GEOD
0xdff6216ce3035b25db0fffde29253e011b0560b4,75000.0,195,7.638895120115819e-05,GEOD
0xe0f459786fe13939282a3cdb614e9f7d0d8652ca,74855.616189,196,7.624189349592196e-05,GEOD
0xc84de6c008b5389dbdc220998ccec3733d2bd93d,74445.82204199908,197,7.582451022795166e-05,GEOD
0x78fe1803d3aabdf01b07c1a8a040603c2a640e26,74287.79999999999,198,7.566356172055197e-05,GEOD
0xf76b2aa5e547f0ecf693592cba967416d23dca48,73824.0,199,7.519117244632403e-05,GEOD
0x293e34f0dec4312abc50aea1f943bb45362e45a4,73781.88745699995,200,7.514828000642819e-05,GEOD
0xd501f00b115bf57a534cef1300350b83b81f9541,73585.48814299997,201,7.494824350492038e-05,GEOD
0x780f849e533f7224fe42484f9d8febb0ffd80c08,73580.53076399995,202,7.494319431848682e-05,GEOD
0xd6c23e90ebb3cac95bcd11c4a4586d30c33b8e7c,73386.3108999999,203,7.474537762897487e-05,GEOD
0xb5641779e7d32f0cfec986ba21c22de04649cd8e,72265.3524840816,204,7.360365979254672e-05,GEOD
0x1810de13c1f3f3143a620f0506065804d9666f73,71628.10450520531,205,7.295461039572782e-05,GEOD
0x9cca00147dfa139a303ce249fb43961ae3eeabc0,70779.20962299994,206,7.208999453263851e-05,GEOD
0x4cb69fee4d2e8007711a53faf1e464d3eb0e7763,69973.197331,207,7.126905541742362e-05,GEOD
0xd62ca385c107390062a5f1f404c78ba208717ce4,69902.50084635837,208,7.119704967988518e-05,GEOD
0xb80be5b39d774c354c1613ebe05d390451da7d33,69599.99999999977,209,7.088894671467457e-05,GEOD
0xcab95651357eebe185b8627bb5df50a1b9541774,68964.93390962481,210,7.02421196135124e-05,GEOD
0x9cfcfae03106af6eb986c90a333b3be1648a06a7,68956.28434700001,211,7.023330986661562e-05,GEOD
0x2d650ee20b1c553c4cc373437a8a4caf53cdf6d9,68610.10170638739,212,6.988071614874301e-05,GEOD
0xebd06c4550904a52403f89bb10256f8d0e73ecb1,68400.0,213,6.966672349545627e-05,GEOD
0x489b2024535ea0a9369ce0f1cb27159113ccac90,68368.25082800002,214,6.963438634944848e-05,GEOD
0x29ba68c3f75aaf3cf232cf190a824a54b745c3bc,68006.70664600004,215,6.926614660443703e-05,GEOD
0xf685b2fc0a1372043d3f1dfc73f721613c8933b2,67330.0,216,6.857690779165308e-05,GEOD
0x5261dec4c30c1344402d70e21f2cd851db8115cd,66919.77203295796,217,6.815908266957675e-05,GEOD
0x83b51901f058fe4ea327c38354d39f1938d30c7e,66748.22820299999,218,6.798436195950316e-05,GEOD
0x19e4cb6f3dfd21130fb18f4fbc7a6e199c53bd98,65421.441332899325,219,6.663300385984373e-05,GEOD
0xced2ffaa1e1a4452b34540337b485c503d260af9,65000.00022182933,220,6.62037579336079e-05,GEOD
0xea1c056a8457b50ce8777b3ee47f1c08285c400f,64810.69564199986,221,6.601094755613124e-05,GEOD
0xd517077726c036a1c5bc487bd834788c72f4fc2e,64657.759289999965,222,6.585517892240054e-05,GEOD
0x71dd6de51f557f43debc8c3a738a87b5bd65c47f,64182.26263850299,223,6.537087638230031e-05,GEOD
0x081f5c14f2d68e8f3e24cffc24136054b27651f7,63823.03700024603,224,6.500499811895343e-05,GEOD
0x92c58aec04316eaab9be05da20a5746b5d4c0575,63644.15458333306,225,6.48228029160693e-05,GEOD
0x4811f24342d87d36b29c5a87016ddec8f53f5ffc,63500.0,226,6.467597868364727e-05,GEOD
0x2328ea5bea885ae958ca54ce2e75392ce23225c9,63299.332730000024,227,6.44715951863713e-05,GEOD
0xbbbb02fee9f19557a33e7371bf628cfba87b77a1,63265.36976700001,228,6.443700325139456e-05,GEOD
0x5df87b464c3d02b2253238119399fa60429ae4d4,63061.901307468324,229,6.422976668837935e-05,GEOD
0xec95cba734641596d9dab2b58b3e427876eadacc,62944.94000000006,230,6.41106393335978e-05,GEOD
0x595c30d3f9589ae573849e0c512156a272df5007,62771.12678774199,231,6.393360721374048e-05,GEOD
0xd2e20dbc672fa1286004009f916ea988d8d05f84,61587.23920734608,232,6.272779480565354e-05,GEOD
0x4943be868d43c36107ca5070ad2a7ae0f36dbf73,61177.27532799996,233,6.231023866200543e-05,GEOD
0xa5eb48c87a827dded5fbf9dbdc25d7fd89a2fe4d,61167.25631874552,234,6.230003410721848e-05,GEOD
0xc6883651b18abbab896cf7709b8e3c95f42dc62f,61105.90299500002,235,6.223754455983683e-05,GEOD
0x78ddb127256b451f57c555052e0d42021b1e519f,60949.0,236,6.207773582345854e-05,GEOD
0xe618fcbc9e2f672e0c20030cf8459c115da4b931,60658.452786524846,237,6.178180786463472e-05,GEOD
0xeab4eec925e85345e39abdd0e5920917c8e0bfd8,60461.416431594,238,6.15811225246125e-05,GEOD
0xf20cde3454ec2f74f98bfec2655e79cdace09fb4,60000.0,239,6.111116096092654e-05,GEOD
0x08d92e481bb457011faf7606528ac9215627a468,60000.0,240,6.111116096092654e-05,GEOD
0xf1d5955a8c29f0a207c83950cad340d037586523,59991.40170899992,241,6.110240343517163e-05,GEOD
0xdf2b279313f2a6d0b47bb912dcd94d69e63ada24,59773.19855599999,242,6.08801593017523e-05,GEOD
0xe74df02c2917c9cd0d9967ec9cf5ee181a591b57,59289.46685879987,243,6.038746920826065e-05,GEOD
0xe71bd0083471cc419c795833cbcc18aa29d3b464,58878.45666800002,244,5.996884737615147e-05,GEOD
0x21fed785b8270197b6711d0fc9f8f5e8f6fa05ae,58663.55062299996,245,5.9749961411026894e-05,GEOD
0xdcf18f73978a5df4d949d107670aeb2d1dc705b6,58422.32081149868,246,5.950426418037308e-05,GEOD
0x47b0eccff47ca27f0ec21e0767cfa1b3026d4dd4,58000.0,247,5.9074122262229e-05,GEOD
0x4ffaced7110d739fb9b8fbab91ca87d7847dcbfa,57917.90397974905,248,5.8990505877098874e-05,GEOD
0x2b587c5c93aeaa935fe49726434c146876ba3805,57600.00000000023,249,5.866671452248972e-05,GEOD
0x8308f22387b074a238fa97e1ef235d1e282c0e8b,57006.971200227104,250,5.8062703215199715e-05,GEOD
0xbcce3768b9f56ecf3dd4872fbf9480a9ab6a7bf5,56970.101019499256,251,5.8025150222714416e-05,GEOD
0x162da38a044668d5a94ffe4c058d2dfa60c12d65,56250.0,252,5.7291713400868643e-05,GEOD
0x89f64cf23c1ff5217e9bea24dd635ba1a2a3b5a0,55476.947791297585,253,5.650434476824842e-05,GEOD
0xb4d9a013a4b574a61707c9c72ce3e3d9db586288,55400.0,254,5.642597195392218e-05,GEOD
0x1b4c0ae10a2ecf71305326b526e090e6a80fc465,54828.66813499975,255,5.5844059394519904e-05,GEOD
0xbf3ad51d15a3537f41b741a5146e1b45c017efa3,54680.00000000003,256,5.569263802239109e-05,GEOD
0x30c995e3ddede2a27d2ff6368058c34013291c34,53761.95430299993,257,5.475759071641011e-05,GEOD
0x4713e406a847877e8fa7089e774fc8327368f663,52964.02040834942,258,5.394487960520733e-05,GEOD
0xba84ab4ddadb675e4e507f1c5b645f733fca40b6,52723.21132500003,259,5.369961089431704e-05,GEOD
0x6cf51a5d533c4073a79daeb072cf247cffc48794,52673.905967999905,260,5.364939243418586e-05,GEOD
0xea1bf541c7bd2fa917030ef2eedd344b4e426f9a,52548.75566099998,261,5.35219244249295e-05,GEOD
0x42ee6e5b73feb5abe9f96323603b39ffd4ea6f3f,52496.385987999965,262,5.346858489965992e-05,GEOD
0x1171c0ee876b5f1842764909c442409773136dce,52364.00565300002,263,5.33337529669892e-05,GEOD
0xde764612a4f64959f48d522c2f24ab0cbda8c5f8,52327.86343086421,264,5.3296941414415416e-05,GEOD
0xa86fbbc925960905c841fb0c2a840bec65fd4186,52100.69979831191,265,5.306557085919254e-05,GEOD
0x38a0d6c773de14eba90e71c74821787ada60f13b,52082.42086430017,266,5.304695341121612e-05,GEOD
0xffe512a3946127acaeb2a385d1ef5004ab9c8a31,52013.760627999996,267,5.2977021632013534e-05,GEOD
0xa5c840dbe22e9b186af80f8940af10b5a0480c46,51780.973491999976,268,5.2739923429718025e-05,GEOD
0xcc0c02b341439c98c7b5fc9547e28bb1badbb024,51686.650001997594,269,5.2643853130052494e-05,GEOD
0xa8e2b9cfe9940497934519f4a6667d5bc4446c0b,51591.588444588735,270,5.254703109445234e-05,GEOD
0x6b360fc6a07ca7acb080177b6de0ca56a884d1ac,51514.274063000004,271,5.2468284900821284e-05,GEOD
0x13106b3ee18a01a2daa032145b8827f90916a47c,51383.81940800002,272,5.233541431049118e-05,GEOD
0x2c476ffafaf79a636ab65536ef016a053882e3d6,51370.67722200002,273,5.232202873975744e-05,GEOD
0xa7f1319d59506cf3126b9b5a6ce580bdec68d121,51207.70330347807,274,5.215603665030364e-05,GEOD
0x530caaa2134c0610625803b2aee8dcd9b3f7ede1,51147.35512163331,275,5.2094570859396734e-05,GEOD
0x193dbe34ed09c5481264ecfcfd4c96a48d45a130,51110.00288490532,276,5.205652688354782e-05,GEOD
0xe431501715b38d61028a4c5437de257a81dd87d0,50748.68429399983,277,5.168851690743115e-05,GEOD
0xd2990ac3e98bfe7c61fc9d6560def473de04f0d8,50723.18375600001,278,5.166254411605953e-05,GEOD
0x79178eb07fa3ddf7976457ef6a33cfac62af38b1,50430.197071,279,5.136413150828546e-05,GEOD
0x3b618c88185c1e36c1908367a33a262cb0ac795f,50416.365997000015,280,5.1350044291794206e-05,GEOD
0x142a70b2f8c75a13a4ea4265daaa7c02bd208bcd,50411.261485552226,281,5.1344845248115655e-05,GEOD
0x8bf704568f887915f23a48e369957c372d5944a2,50346.333126,282,5.1278714457590237e-05,GEOD
0xd81a0dc0f79c08b51ec1dc94b0d864ea0ae81aa6,50044.0,283,5.097078231881014e-05,GEOD
0x77b0b3c61d634d4e55ac1842e3a8b2abbce0320a,50028.45583500007,284,5.0954950285988246e-05,GEOD
0x173abb969c966b7e92c36b07325eff23bbc551f0,50001.183846545406,285,5.092717323805195e-05,GEOD
0xce05ad88547e423af27b2cdea8b8da56bc8b2770,50000.00000000001,286,5.09259674674388e-05,GEOD
0xbe69f129fc2e010822e31dcd87602c23fc82886e,50000.0,287,5.0925967467438794e-05,GEOD
0xc0de96eac4a9d842259f750444a39ba7ad7a62d5,50000.0,288,5.0925967467438794e-05,GEOD
0xb2535af30650e8f8fd7dab006f6c522fe68d846e,50000.0,289,5.0925967467438794e-05,GEOD
0xa6e18a8314ffd323d79ca12d2ae52f2320a735d8,50000.0,290,5.0925967467438794e-05,GEOD
0x3c2169f646dfde08cdc9ea2755d8dcff4ea6eafd,50000.0,291,5.0925967467438794e-05,GEOD
0xb87f452d3b7b71fffdf33bda777629484d77f79d,49740.36901599541,292,5.066152828653966e-05,GEOD
0x2549bd3c557d330910fec720dbc4a731f716b3ae,49722.623791999904,293,5.06434544325417e-05,GEOD
0xe9a3b4ae160c8466c528dfc560f86dfa51e95c9c,49604.94908175,294,5.052360046322316e-05,GEOD
0x305e64cdd38ae2db3f133fce1e514068f86f1691,49165.49915400003,295,5.00760122087399e-05,GEOD
0x0330a5c545e6bba3355001ddf914f967d85cbddb,49086.311222720055,296,4.9995357768496345e-05,GEOD
0x655057a06c9786c68e2574c3e9d4c5821c0337e2,48882.84117695785,297,4.978811958987466e-05,GEOD
0x9d31fb4e0ea00072b0d653e083b4ce8887827200,48770.390492,298,4.967358639139756e-05,GEOD
0x39bddee349b525dd8ae5cf225ce47941d5e0f5bc,48718.21863839122,299,4.962044834900563e-05,GEOD
0xba101fb41cbe1a9806178090e5669423a4dc44ea,48493.867226999966,300,4.939194209544993e-05,GEOD
0xf0e5f5ed1ef47918b98b48020a003d24a2dcf2dd,48399.061251000065,301,4.9295380374460135e-05,GEOD
0x0401bb629b5630649ac5a43664509d49cdca6bb0,48333.41993589986,302,4.9228523424913876e-05,GEOD
0x307ea2147ca85182684e570e9924c452726c3652,48000.0,303,4.888892876874124e-05,GEOD
0x23179b4fa8ee0fea6cf46d6506bd07d1dc1bb299,47800.0,304,4.8685224898871484e-05,GEOD
0xdc82e944e09325544465be0cb30a1592de8d53f8,47620.996246414266,305,4.850290611223835e-05,GEOD
0xf7faae3c324362a08ed101868a52e2ed269d7855,47452.21217682786,306,4.833099627150277e-05,GEOD
0x6632b204e553f663971ca0a540abc722451b2479,47098.504942000014,307,4.797073860882596e-05,GEOD
0x40b6f1e935aaa12f3738e6c8b9947b3d3c474598,47000.0,308,4.7870409419392466e-05,GEOD
0xf9ecca3802f10d1b3e78b9477c74e7785488ae35,46963.8683121569,309,4.7833608596199635e-05,GEOD
0x3f9a90165f9b96ceb391fa981b4a14ca94461f69,46711.12815999997,310,4.757618786087045e-05,GEOD
0x7d63a4294cb9f53021d43c487c68d3a80f09e102,46683.87700900001,311,4.754843203628497e-05,GEOD
0x850f95bb7a69a5f09a6418b6614d80bc62f1d4dd,46515.44117000004,312,4.73768768751397e-05,GEOD
0x46617d8a0885bd0f6ced2067db1f95728752892c,46351.88354775855,313,4.721029027215327e-05,GEOD
0x3984fe2075ff2056c3512d3eb7696c93517f650b,46227.34663700003,314,4.708344701883759e-05,GEOD
0x519cb82f6447571ee2c912213f7c054e9feb7ae3,46115.99245440004,315,4.6970030629228584e-05,GEOD
0x17011142712c704f71be0fb550ddfdc7798c3c91,46058.736291000125,316,4.69117141189363e-05,GEOD
0xe3912d15e3449fabcad462d8ab8a6a1d6a07470b,45799.96747199999,317,4.6648153069776524e-05,GEOD
0xd3ed8d1d9647fb6051dc9e6018223afdde5c2ea0,45638.452213000004,318,4.648364665326996e-05,GEOD
0xf8f35791c758d61c43e1f8007055cb36eec75ebd,45460.72628000009,319,4.630262935162849e-05,GEOD
0xdbc9af0b86644006df192eb7d2d29c6378024aed,45283.78050075538,320,4.612240665168216e-05,GEOD
0x6b216878c254a9a7e03b151855bb9bfbd08f5f03,45187.85,321,4.602469958047008e-05,GEOD
0x08b099604a5cd987c194a019435202fa5000ffb3,45167.58997700335,322,4.6004064355029744e-05,GEOD
0xf708e53c0ae26120fdfc10a1f67347eedbf388e8,45071.718152,323,4.590641704620645e-05,GEOD
0xe08a9e4ce49344516e4b31a9c6359190dd044bf6,45066.627987999906,324,4.5901232615680996e-05,GEOD
0x7653f3c3dfa9d5ab1702dd13ea74e459f3951daf,44963.47725327608,325,4.579617159646524e-05,GEOD
0x696a85e557bcf7d3f4332deaf468ac7d5b44a00c,44750.586278217896,326,4.557933801906675e-05,GEOD
0x0b61a5d3bd7794b4c6ff8ae13b2a3c46a191dae8,44672.26692099993,327,4.549956823831169e-05,GEOD
0x9771aedbefadc348914cb66c061877c3ffd8b482,44507.60049800003,328,4.533185230029824e-05,GEOD
0x8cf5220496c8af52a6ab901932923a69ed9a263f,44462.2433742805,329,4.5285655192159097e-05,GEOD
0x041f7fb82c2c8426cb4b94cf3b694ff63b7f6920,44370.27095246281,330,4.519197950093131e-05,GEOD
0x2d8c44d5a53c06418e507bd0a20d5fd362cec657,44355.59495199992,331,4.5177031710488806e-05,GEOD
0x08bb28e2c1a18d272ceac901e083e64dad24d45f,44229.48767,332,4.5048589003678106e-05,GEOD
0xb93b73153cb85455cf875bea9db30cd75ff1b90c,44081.539934120054,333,4.4897901371992034e-05,GEOD
0x87f65f8539d64d21cf38dc1fd2c680b683c11921,44081.33381369736,334,4.489769143435323e-05,GEOD
0x39ba2acf89528c46d9316ee53a4670d3f800fa93,43975.36026330636,335,4.47897553227608e-05,GEOD
0x007539d878515c6f9547824bba5ed3184de6aa9b,43870.36315420001,336,4.46828137355103e-05,GEOD
0xb616169f4c2d483ec425d893641ac99da9582493,43835.97411753255,337,4.464778783625903e-05,GEOD
0x6bcc07faa824721394efb979cc890109706864b2,43835.36892142459,338,4.464717143231292e-05,GEOD
0x12fd52b76a2af1468f89e8e63c510170075a3647,43828.51666700077,339,4.46401922785956e-05,GEOD
0xf2fb90df3db5e7681b36eacd7f03c57abaf048a6,43607.62550099999,340,4.441521035192359e-05,GEOD
0x6edcf128e3a658e062ee5c4c64dcb73442510bb7,43590.43152918201,341,4.4397697958934824e-05,GEOD
0x1c954c524120363f7e121135fca9146fe0cd65c8,43376.72811899991,342,4.418003690064254e-05,GEOD
0x0823a6b37a2d5ebf1137c18edce781a6d306190e,43277.67986730492,343,4.4079154339772024e-05,GEOD
0x8ea4de17ddc795186caa701139c0a2a3f5cabea0,43224.28070429814,344,4.4024766259010586e-05,GEOD
0x7be178e149c53ff7a208f3d4379d9982e1b9faa3,42903.65513091669,345,4.369820290862554e-05,GEOD
0x10db54740cf210fd2a3aca266b9bb1301973b8fa,42901.00251099988,346,4.3695501163913796e-05,GEOD
0x1ff4be891c83eea02fa6560c32f43e4a293c0f05,42864.570656,347,4.3658394614663755e-05,GEOD
0x3d13f4df4467a488c918ee925b77698699280189,42861.75856333331,348,4.3655530443870565e-05,GEOD
0xa0931db62390afb67fc5b05a9b3d4f266c6b9993,42744.5946753332,349,4.353619675689752e-05,GEOD
0xe523c2b5d1d7552d2ee1c3892e03b99f0736e954,42530.097094793644,350,4.331772682072948e-05,GEOD
0x33d69a3bbaeebb0bea37f97859828734217ac1cc,42490.92575866985,351,4.327783005694756e-05,GEOD
0xce7d9d005e2ab8b84780921ea61f8deaf552c448,42482.87132799998,352,4.3269626463462305e-05,GEOD
0x925eddf01cb8aedd1a9baa3f613b2afc70e3a837,42445.220118540754,353,4.32312779781017e-05,GEOD
0x2b81a0c61ac80b0e251c12395a64a839e8c3c10b,42420.63112352036,354,4.320623361089239e-05,GEOD
0x2cb14c64b16b02461fd81998d2e248471d3fcae1,42306.39353764686,355,4.3089880419257335e-05,GEOD
0x6d6cba970ca1e126a0b7790dccf2fb39a2e29d45,42247.83959699999,356,4.303024209772788e-05,GEOD
0x3926accf5c2212e35b2b35adb6d993fa86295931,42068.3875638155,357,4.2847466729649495e-05,GEOD
0x101636e6a126d8663bbbece89b77b6067e6fb92a,42026.83852090587,358,4.2805148225499116e-05,GEOD
0x039ac6fbcebf02b54259bc690e13540693d9eb8d,41932.517569523305,359,4.270908051146699e-05,GEOD
0xa056797399b9b7df0aad01098847dac0f7794739,41893.4614347131,360,4.266930108245202e-05,GEOD
0xcce0294202efce0825517b111f69c35384cd8d0b,41852.647661244555,361,4.262773146445437e-05,GEOD
0xc83db7b4b241f18644ed9206956cb32895665b96,41814.1246279794,362,4.25884950096782e-05,GEOD
0x3794371eb299d552ba380ff52c40734ce949b396,41793.61588699999,363,4.25676064601599e-05,GEOD
0x3ee73fc0981aa04dad86c0048c0934aec1c5f4cd,41698.04909055057,364,4.2470269828820886e-05,GEOD
0x508ed257f81e9c80c5100e0276a8fec7b72080b7,41667.689147000034,365,4.2439347638869526e-05,GEOD
0x1f0585ea02a64b3deeb9fc23933c78fb05787c4f,41602.70603500003,366,4.237316108191662e-05,GEOD
0x56507ebc827b6faa7803d84ae5fa59e7b69a53cc,41576.64244595304,367,4.234661481215879e-05,GEOD
0x776480e3685069858c6ef981023c1b9648e6f3bd,41347.21178665659,368,4.21129352463315e-05,GEOD
0xb0a5898dc8593168e36834ddcdba048a39574303,41200.842891000124,369,4.1963855693962584e-05,GEOD
0x545a4df61e09f76b4e10e9bcccf1c388bde7774c,41195.691062583544,370,4.195860845703577e-05,GEOD
0x85bf5f8c6bc932dc4542b4a556eb1080f2e41afb,41077.444633078776,371,4.183817218059376e-05,GEOD
0x6aebc04684e984565c1f57dc8c8659321afe62c0,41043.19499699999,372,4.180328826353936e-05,GEOD
0xb372b5abdb7c2ab8ad9e614be9835a42d0009153,40683.6595133245,373,4.1437094416638404e-05,GEOD
0x21ac3f7334289b234b4ae27e71f8aac904f4de13,40682.81222370081,374,4.143623143576217e-05,GEOD
0xcfe2c577a6b16f784c6ffd56123cc4d7a2e4f7ac,40311.22166500002,375,4.10577592616901e-05,GEOD
0xc64c148dfa77a1fe411bce92580c79244c0a8042,40252.851328999954,376,4.099830794504604e-05,GEOD
0xe65bfbe5fc1f27037aaefc36da087f6440617f55,40100.71047263622,377,4.0843349539013085e-05,GEOD
0x39c6195dc89ba2b8822ba7755f63453b8053741d,40059.072909000024,378,4.080094087478988e-05,GEOD
0xd7e10ae9f495da55a79e39b7ea304b8df02d1645,40047.23843799998,379,4.0788887237087025e-05,GEOD
0x0a9201b71c1aa74705e211ca4a1371864ad5a7d1,40017.052292800116,380,4.0758142064118714e-05,GEOD
0x6b019d19fe0cf9f4db2faa770f664d858004be94,40000.97789279996,381,4.074176997668938e-05,GEOD
0x74cae528164d84985a07ab9b47b0b6ba7644c80e,40000.0,382,4.074077397395104e-05,GEOD
0x86558ec53eedd42aed0539d876560d06fc19c1e8,40000.0,383,4.074077397395104e-05,GEOD
0x8ca9f9a362bb6bf33486dcfcfec9a51a0953c290,40000.0,384,4.074077397395104e-05,GEOD
0xdfbf754270e1d976938d54a8823866b0371cd99c,40000.0,385,4.074077397395104e-05,GEOD
0xf0e1713b7ce815e9cf5523cc5c76d2d5c64b1313,39999.99999999997,386,4.0740773973951e-05,GEOD
0xc82f8909ccdb8e7f7aa5f10d34679578c9dc9156,39972.78913699994,387,4.0713059183473e-05,GEOD
0x23c2542fd2a4603887b890894c45cdd10eac3786,39845.39999000001,388,4.058331087235653e-05,GEOD
0x39672598d4e72b55832db729171c740a5b94f079,39792.34140699996,389,4.052926967892195e-05,GEOD
0x545ba088c096bd0ad4a6fb73afa5831cfbfb3f36,39655.84811683612,390,4.03902486218338e-05,GEOD
0x318cf8cca122405e1dd947f1f77d4955e755bd73,39639.56530100004,391,4.037366425884287e-05,GEOD
0x44b5a5390e926574c58dbec1b976d3af2ca38252,39329.66071213252,392,4.005802043862933e-05,GEOD
0xaa77f37fd5042266f06de9ac669723b46b0e06ee,39108.63211684204,393,3.983289853756659e-05,GEOD
0xccb0b91ee2f19b63a5479d435d737fef91793a88,39075.79932900001,394,3.979945770785642e-05,GEOD
0xacc33e6bd41d6003334149151d20931c4d449178,38653.29836799998,395,3.936913230395944e-05,GEOD
0x0e7603cfcaf2f78f79e1f00fad2bc144cb9937ae,38409.67427899989,396,3.912099645534538e-05,GEOD
0x38e4a85a0fa669aa63a6427953b2a96f1c363ef2,38350.06399174389,397,3.9060282224354904e-05,GEOD
0x802b60d53d0c3cb228f2a6d5161555faebbbcae2,38132.02652178405,398,3.883820684231775e-05,GEOD
0x25c079c77c98f8e3d348228032f58ebbdffb2170,38124.51484195888,399,3.8830556051069704e-05,GEOD
0x998f2944a3484bfcb5082c244f2fcceddad98603,38108.949008,400,3.881470194799384e-05,GEOD
0x32dcd22dae01a00da38456d559aec623d5ad8efc,38073.4052859999,401,3.877849997938886e-05,GEOD
0x60e51521de12bdd69f4ea882fa58b30e723c857d,38067.85482800004,402,3.8772846730518254e-05,GEOD
0xa821ff99d7f37e97dea0179663cec54048880719,37899.876499000005,403,3.8601757552160445e-05,GEOD
0xf0b30adb52d00ddc84d331077171064e2b610cfa,37874.6478570517,404,3.857606169217831e-05,GEOD
0x17a8ed6245c590f3485359b12c45b9fcbc160152,37744.846841100705,405,3.844385684586709e-05,GEOD
0xd7fbf9246ec815dd73bb0b05c41e68b2058b6c85,37470.70735899995,406,3.816464047892702e-05,GEOD
0x409e3ce5c19914e1e715cad2d729a23596836568,37441.27584699994,407,3.813466391447441e-05,GEOD
0x12f106dfc0aaffbe7e445aeca265fc172544aac9,37404.8179433671,408,3.809753083418768e-05,GEOD
0xcd7c60fe0e6e1d7438e6535daa4f0255ffafabeb,37394.38435799998,409,3.8086904025608185e-05,GEOD
0xac0f66379a6d7801d7726d5a943356a172549adb,37377.43446450463,410,3.806964023111377e-05,GEOD
0x9a0b732c3183fdeb678457337f4638c8eed80f9a,37168.469774965226,411,3.7856805651487226e-05,GEOD
0xbf5b9de5869e2550fa245cc08059d3d1ec98b571,37123.138167307225,412,3.781063453195046e-05,GEOD
0x6f9dde820088cbc10901c4adcb918d953417a85e,37105.41934200002,413,3.779258756552735e-05,GEOD
0x697119a90e120aca342e33be1a4e83b58f873f80,37014.75134134726,414,3.770024045249574e-05,GEOD
0x563ee562080b38834f706c189e0a4290aca9e7ed,36976.99076584187,415,3.766178057570095e-05,GEOD
0xe3eb8e244938f6904821bca5750cb9fdda373c11,36951.857888243125,416,3.7636182253561815e-05,GEOD
0xbd856f63047853d6007909635b795616810d5fdd,36880.69019999994,417,3.756369658603771e-05,GEOD
0x3f22a48aa4d88b4a71b8e28f7ea0dc57d1fd7c55,36831.53902770378,418,3.75136351660109e-05,GEOD
0x54b961c6b84acb1733972471dc8d23e44cd1650f,36826.782706196616,419,3.7508790760524126e-05,GEOD
0x6c236f667cd8f644865e02d3a007677a12c0d202,36612.14727395814,420,3.72901804197334e-05,GEOD
0x17ee9242786019b2f3b79e4bafc0cd1bacb36389,36611.26024200005,421,3.728927696052059e-05,GEOD
0x33aea01e2b8a88c0527f04e77112b3951b9ab52d,36609.08832799998,422,3.728706482408641e-05,GEOD
0xa514df8deb0b928727bf037c541b5721e4f02472,36394.979034470445,423,3.706899036575118e-05,GEOD
0xcfc6065ff3c2af2e685ee5a0c65b166bf6fed796,36335.605528,424,3.700851730057234e-05,GEOD
0x13a970279a07a079f8e01a22563c0e705321afc2,36254.96581699999,425,3.692638419459294e-05,GEOD
0x0947fc8975f10eff85a77d8ddd6f62255cce2212,36191.406334,426,3.686164763132284e-05,GEOD
0x832bbb243935fcc83d6e0213ed218e6f2e81b771,36131.490487999974,427,3.680062218283922e-05,GEOD
0x0302d9678cc8b0b935a10891d131826171d95ab0,36121.77501859449,428,3.679072678926173e-05,GEOD
0x6cf725139c971a3d86adc0b1b850cbb82c1955a3,36000.0,429,3.666669657655593e-05,GEOD
0x5ee9b7fd9dce73e6b449cbb8925fbc8d584fb418,35987.47966500001,430,3.665394437309812e-05,GEOD
0x4a05f7a3dd77dc6a7c48a68545333c2285ca7286,35800.0,431,3.646299270668617e-05,GEOD
0x63f9b26520fd148b776d1e35512b6992e558dd6f,35788.95082699998,432,3.645173891019135e-05,GEOD
0x0a0e9efd3a597c2dcb76261ae101428586408ec2,35572.80594243465,433,3.623159116299881e-05,GEOD
0x57cdcf4288c1df0067c14a9a5194b11ba6eb01eb,35551.76616499998,434,3.6210161742575605e-05,GEOD
0x9f214c1f8f5a049f598daa4707cc464977c1049e,35473.726324999996,435,3.6130676655515536e-05,GEOD
0x3ee865cb8b1f989a39aa4d696a2a28a831743a89,35219.78011499994,436,3.5872027526936695e-05,GEOD
0x58b930206a5c3ffbe77f7a8872739bc686aa9c2d,35184.00038628305,437,3.583558518092409e-05,GEOD
0xd3ceaa4fc3a2108799d91907b2564140b45c0a59,35077.061442190134,438,3.572666579716653e-05,GEOD
0x585fd20ab35deecba5b0cfd3113634845913c5d2,35045.43437484999,439,3.569445301711743e-05,GEOD
0x7107a8b83fb60667a06039a7454c7fc0c2c3fb29,34966.956232717566,440,3.561452151085462e-05,GEOD
0x40c1cfb8662ebd7e60d76a2bc24f3dfd705cf740,34895.157022786385,441,3.5541392626271756e-05,GEOD
0xc692869091e28e4e586b49ab7f3e2fe924eea0e4,34705.30633199988,442,3.5348026024218466e-05,GEOD
0x8ffbccb42c965be8bfae7a0a1bfa393eda97e2ff,34689.95895299997,443,3.533239442174527e-05,GEOD
0x34db150144793a3f7ef8937369da168a0574fe5f,34417.20547314096,444,3.505458972490666e-05,GEOD
0x5448e1c105327b9e18a08cce370e921623d425cf,34417.14161399999,445,3.505452468313595e-05,GEOD
0x2dccf044f2f26f404bc8c981bffc493feeb2d062,34278.400687965885,446,3.491321436542364e-05,GEOD
0x9b69242827137d04286276d6b06322cf5ac3cf2c,34224.14887509324,447,3.4857957844275604e-05,GEOD
0x72074ee7c27fcb37dba75fb0de31052e4ad9e67a,34128.45348499997,448,3.476049023782213e-05,GEOD
0xc0f6d3b5d7372f5cef3d07c27610525ece2ce4fe,34012.158142765256,449,3.4642041181516935e-05,GEOD
0xcdd3dd5cda2946c76475089ce11119f686ae9143,34009.597499000054,450,3.463943311629529e-05,GEOD
0x01349a56968b026e9a679bf25fbe62bba5913763,34000.55094653554,451,3.463021902756528e-05,GEOD
0xe42c49ae2b0ac17ce7338a8c5d8469e78f9f30ec,33961.692645999894,452,3.4590641096586916e-05,GEOD
0xb7d4100b46bf6ebc424282e8a8a0d120c98d7fea,33961.59411401183,453,3.4590540739850546e-05,GEOD
0xfb5349a1a6961fd1d06f0ac6b02e1095498ed2fa,33950.39065,454,3.4579129794974765e-05,GEOD
0x8539f5139723698777f86b556a7d69eb94f31295,33908.185733781815,455,3.45361432711689e-05,GEOD
0x024d59e5fa5bdf90087050253119a6c589e47ee5,33884.566485000025,456,3.451208660926756e-05,GEOD
0xa660b5e52da1dcdd7172e44c4a65ab4606fbc995,33808.444598999995,457,3.443455499546761e-05,GEOD
0x2b9bb9ee331559334be703f23ff730060c60c715,33742.710149999926,458,3.436760318724226e-05,GEOD
0x12baac99861066d7c8ec550128c684f1b000523a,33600.88983300001,459,3.4223156450247066e-05,GEOD
0x98c707598aa00a11109de940ae2e3a025888df78,33457.576164999984,460,3.407718870636289e-05,GEOD
0x9ad614e014defeb342eaa228cd09ead524221049,33456.43943,461,3.407603091977033e-05,GEOD
0x77e6e7e86d3a3a97e0c018485941d38313301b8c,33443.02912438179,462,3.4062372264017504e-05,GEOD
0xe94e0a9a6feb82bb1c0463d75252be663bcfa90b,33392.087946338586,463,3.4010487688501875e-05,GEOD
0x937890f03241d6c97815d7ec306f8db3c60715ca,33290.92101644179,464,3.390744721288778e-05,GEOD
0xed4276ae3c7c85c8f49de0dd98b37d5a17a0dfae,33226.67359656628,465,3.3842009972598836e-05,GEOD
0xffd9184b619df5aa8bed9d8b9c4f62637997f14b,33173.667650999974,466,3.378802239140903e-05,GEOD
0x6f358ef91e8c82786869e05513e971c6608f948f,33141.30248500002,467,3.375505784359319e-05,GEOD
0xa3fcf494f2731ece78959d7dc7381ba34f87ae15,33120.41109032784,468,3.373377955388469e-05,GEOD
0x5c071c87702bed5b98e3e904b9d7123e80379df4,33111.74328862,469,3.372495123012894e-05,GEOD
0x40bccedc113f487a1676076c0fbefa1d5e0a969e,33034.35197729999,470,3.364612668207804e-05,GEOD
0x736795fce1514364b1f29362b756f54340abf9e4,33000.0,471,3.36111385285096e-05,GEOD
0x398e12bb74f4516722c9f69accad441a9e9f1061,32921.31398300001,472,3.353099529767192e-05,GEOD
0xdbd67de421714f83f8015656ca5faf86b1794496,32903.9,473,3.351325881903719e-05,GEOD
0x1e4add873fba1a94924e822135afae2599426d10,32808.40812299995,474,3.3415998494607e-05,GEOD
0x3e7f75d79ece62942cc1d7a28253f0191c23dadb,32744.481462000003,475,3.33508879534393e-05,GEOD
0x7c8e0676b8c092c51a752faddc921cd7dfe87ff0,32380.780183464507,476,3.2980451163868e-05,GEOD
0x2a500f79c651759f12e67fedb7748ef2449590cf,32377.945625298948,477,3.297756411152953e-05,GEOD
0x7d3015419e3af0cc631cfcf6e87f1cc70f7eca49,32213.996329000016,478,3.281057858093695e-05,GEOD
0x9acb1768369ea34b9301d14a1059739960680c80,32084.555344000008,479,3.267874043311568e-05,GEOD
0x3d9b800da31a2aafa04ec376a5a7b040e11e7e29,32076.910066399785,480,3.267095356994871e-05,GEOD
0x5e74c06f1453e23e1c9fe843af5d5b26a70bc271,32008.07155432,481,3.2600840213415064e-05,GEOD
0xc17c2e9053657d3aea66728c13190ebee6a5d973,31974.6972622032,482,3.2566847851123286e-05,GEOD
0xa75ec2dfa229880d9a6fd035eb08c23dee7f88ed,31963.24232399998,483,3.2555180774917716e-05,GEOD
0x53794a0e876efc2cb2f0eca6dede7859183a3150,31959.515098954027,484,3.255138452408903e-05,GEOD
0xad987c459478ba9b390a83482191bffad808d96f,31918.320852196757,485,3.2509427386684904e-05,GEOD
0x4ceb34cdb17ddb1e059520cb4693703717c9e2ce,31873.476300000002,486,3.246375234255963e-05,GEOD
0x6af79d79afc266c730ffa55b220472b40870b2a0,31814.029249006813,487,3.240320437086134e-05,GEOD
0x463f5d9e0b283569b5ba7517da89d09700cb4760,31797.221899999935,488,3.238608576068658e-05,GEOD
0x380dcae392ddaefcb018c1e6d9d3215f26f88e4d,31754.849239000017,489,3.2342928385574766e-05,GEOD
0x4d755880f28452952a3ac229973c059e272a8ec9,31749.162103327486,490,3.233713592784992e-05,GEOD
0xa4239affe941be255b53ecef3a1231ffa5aba50b,31424.25664899996,491,3.2006213435908384e-05,GEOD
0xd4234d7c649e5a91a95da1a74540c1e1d0d6f37f,31323.447018076753,492,3.190353687621239e-05,GEOD
0x04398f8bca98fbdb6a2b7051b36529e7b6f42c2d,31300.620990999952,493,3.188028812596591e-05,GEOD
0x9763a8aaba10a4e14e2d2ee323e743b58662c88a,31288.81569699991,494,3.186826420560211e-05,GEOD
0xd0777c15ddae0b2c48b14c690cda3e9c65b8364f,31252.292710999973,495,3.1831064837665185e-05,GEOD
0x86f007145e024aa89499bbdc0f64be8755c661d9,31241.227205198826,496,3.1819794405896386e-05,GEOD
0xeaa2b71eacf3995d5637867d493e561b03291a92,31183.35407885816,497,3.1760849506911106e-05,GEOD
0xf9dd9ad72e679b40ce52d1e6bce9aa96b5bfdad7,31068.733656999997,498,3.164410638941805e-05,GEOD
0xad42c72bb7fab5bcf72410a05505c0f9091b3455,30943.452495000092,499,3.151650510181225e-05,GEOD
0x773c60c6b9953fbbe9dcb1e6e34b4d535d47eec5,30904.11533299999,500,3.147643944116668e-05,GEOD
0x017edd84bf77da313d067d8c243532ea7e3e2526,30875.98043219999,501,3.144778350030987e-05,GEOD
0x08931717045ed8bf78d93a61aa65eaca029cd040,30861.01514900016,502,3.143254106980236e-05,GEOD
0x0a45c1d2c8fdab4a1935b5b3b2734389d45d7685,30801.315877199584,503,3.137173620633144e-05,GEOD
0x3061a18ec1f7c28fb4d02144e9f4404b0fe20ac2,30770.78499646831,504,3.134063991355398e-05,GEOD
0xba09230491cab3b05f9cbc2c70a2fc78d6441532,30723.999198000016,505,3.1292987672539286e-05,GEOD
0x53ed63cc48f138ccd372a207f944a0c14a1a1cf9,30582.581489099968,506,3.114895099968402e-05,GEOD
0xf8663dec9dfb4258c016bd8f5eef6410971805c1,30550.13366000007,507,3.1115902257901404e-05,GEOD
0x10ce4784f258e26fd6a977681f12d844cb97d34c,30498.445276500177,508,3.1063256639170206e-05,GEOD
0xa96adbabd38bb978f95554e70aee87803a7094b3,30490.537318999985,509,3.1055202231442435e-05,GEOD
0x6311981e5a9ae48de936f11051f4a809cbe353a0,30479.251652999927,510,3.104370756225109e-05,GEOD
0x54a1737154d4917acd3b760374670e6529ba0a4a,30476.81049099999,511,3.104122119151925e-05,GEOD
0xb3ef380dec9966f5ceafb654fae6accc6ebeabb7,30444.903789036194,512,3.100872359819522e-05,GEOD
0xf0bc8fddb1f358cef470d63f96ae65b1d7914953,30375.25715468789,513,3.093778715349446e-05,GEOD
0xa071c42378b567d6fae88e1cc2e318dc106f32bd,30372.68001635898,514,3.093516228824051e-05,GEOD
0x479454e6be68c90488771f920de817c484cd8bff,30289.31362199997,515,3.085025200250042e-05,GEOD
0xc705f57a16fa7475733aa00c2d49bd46a36e35dc,30253.572265999974,516,3.0813848739842464e-05,GEOD
0x9b9ea8c3e61e9ba64020c0fdf1936baa235940b0,30000.0,517,3.055558048046327e-05,GEOD
0x5276e5070e100532892de40a46085ef0a95078a1,30000.0,518,3.055558048046327e-05,GEOD
0xad610d85c970d2ce0a8deb1511aea847fe15de58,30000.0,519,3.055558048046327e-05,GEOD
0xb603a647b4e83c19b48efdf258084a0821fd939a,30000.0,520,3.055558048046327e-05,GEOD
0x3222ab305ed82945a3571a6e31bad499cf8bff5c,30000.0,521,3.055558048046327e-05,GEOD
0xba0061d988db8c469489428791a882666c01c47c,30000.0,522,3.055558048046327e-05,GEOD
0x5a30b461c591b546dcbee2bfef3394d6d812deb9,30000.0,523,3.055558048046327e-05,GEOD
0x3b94ab5ee510f281b000f973878b32429fccbed1,30000.0,524,3.055558048046327e-05,GEOD
0xa3596c355d61349e903f9bc2f99754e6c3dc9e3f,29841.676855999962,525,3.0394325294849506e-05,GEOD
0x2ef0f80816f517a9bbadc6e3ec13c109c6fb1331,29811.309327500014,526,3.0363395379480407e-05,GEOD
0x0f45097d71f2db4b1282e2dca61a3e2fa2898e6c,29764.52332999999,527,3.0315742935748048e-05,GEOD
0x1eb82e90107b997972c5cdf1818dae122a1f8da8,29727.66647899995,528,3.0278203519848442e-05,GEOD
0xaed5f5199ac5c179b8d45957a9aebae6f43fc029,29620.0,529,3.016854312771074e-05,GEOD
0x7f07fbd371c670d7aff52a75042cb96ff6f8474d,29540.99012999999,530,3.00880700463262e-05,GEOD
0x6a008c8db5823762c0b90d34115197dbf39af4d7,29524.327986999997,531,3.007109933127909e-05,GEOD
0xb509a98cf0d8491aa55651215b4c4bee007b0e24,29515.151238802384,532,3.006175263567572e-05,GEOD
0x42a4db57998741a7bbe23fa5a9af429bfc5f7077,29416.876915999972,533,2.9961658336357315e-05,GEOD
0x73e7dc0aae89567cffd575e8be68acd33539fd54,29360.090147000054,534,2.99038199133439e-05,GEOD
0xda3c5f0654b26fc22babf6af95178374e5882ff9,29314.37743799999,535,2.9857260634716184e-05,GEOD
0x2e8d2b10b3143644a52b1cf074b702a34f9ea602,29303.083991,536,2.984575804042585e-05,GEOD
0x3773745502b7c7c202a6544e4a4e595cfc202afe,29300.000006999995,537,2.984261694304876e-05,GEOD
0x5af08b2f846d0aa592494f86480af5a00819f9f6,29300.0,538,2.9842616935919133e-05,GEOD
0xcdf298d297726d3e33dc3f71d533c2c8e52e5950,29250.875261033405,539,2.979258243874995e-05,GEOD
0x7adae0910b5d7a1c3093852d9580b44ce3857d05,29213.75927333745,540,2.9754779087111427e-05,GEOD
0x83c48681ba5f23483e44f97ff337d563973f9c54,29192.716101000013,541,2.9733346208914064e-05,GEOD
0x3ecd587a9dcd5e07546c5687bff83a040eb66b8a,29183.590734,542,2.9724051846054646e-05,GEOD
0x7eb41de26ee65bdbf7f1633df70b95320a225af5,29176.97727800002,543,2.97173159131526e-05,GEOD
0xfa1fc1578a9a2651502cbd89199e6b4080574b5e,29175.257774000023,544,2.9715564565057318e-05,GEOD
0x144fc084fd1d44bc2fb9c572128205fbfc728ff2,29130.541833999996,545,2.967002051494297e-05,GEOD
0xa2baaf10f01690773dc990fe024f20219516e2c6,29077.388559600007,546,2.961588287648534e-05,GEOD
0x02eca04111b5c506798f7410a753432ff0a2293e,28945.147994999985,547,2.9481193302671407e-05,GEOD
0xb820e62b3ac83bb7232fa633d399c192a5c20b7e,28895.195999000003,548,2.9430316228206833e-05,GEOD
0xffe960bd5ee8310b0626bc2e5b8f7ffd82cabaaf,28853.661491000013,549,2.9388012528143162e-05,GEOD
0x637bd5d9ef2a485247f55cd5c3edf583d9307e88,28824.95308587205,550,2.9358772462031388e-05,GEOD
0xadb2f84839784424c58edbc989eac53c45609edd,28817.373331999996,551,2.93510523360494e-05,GEOD
0x1c6f1ec9784ecdaae5b012bdbd8a749286100193,28813.80928230314,552,2.9347422282471112e-05,GEOD
0x45ebe427e74b5c5ace088407955faee2f71b420b,28812.089777632907,553,2.9345670933693183e-05,GEOD
0x19c97efdf0bbdb5157057a53a151fc4bbb1d5299,28725.76898332454,554,2.9257751534438954e-05,GEOD
0x956f139154964ce8ff8bc4ee18f848d10d7ba1bc,28622.332328999895,555,2.9152399300577406e-05,GEOD
0xdb665cb7b799ef766ab4fc878f57cd6f2e1a842e,28605.094885000017,556,2.9134842630330212e-05,GEOD
0x91748b1528983e639473ed38be1c79d365f6d871,28445.383796714537,557,2.89721737966059e-05,GEOD
0x1a3b87d845e442da8044dee4677b61ff5cc4fd9a,28442.596145000007,558,2.8969334519395406e-05,GEOD
0xc8c070e21af95088ee7a5e6231c82f90e96b7e14,28385.256401657898,559,2.8910932881314775e-05,GEOD
0xae2e75d9b1770565600e9da03f6ce40214048230,28383.911488999995,560,2.890956306174952e-05,GEOD
0x407ede6d67b140e20854de2db1f6da68456c11f2,28304.789710000055,561,2.8828975998883183e-05,GEOD
0x3d24a1399801c159199c93f562a00d09b98ff304,28257.028382999968,562,2.878033016318302e-05,GEOD
0xfe03f2130ae4cc18726c09a8ef261e287050a289,28117.104133000033,563,2.8637814607114972e-05,GEOD
0x30a609668504c82bdf6211cf4ae5d96a2360b8ef,28097.232434999984,564,2.8617574898197506e-05,GEOD
0x338d4ef3501c63ffc5078659ce35e71ee0d6ac08,28083.758493,565,2.860385142755852e-05,GEOD
0x01bb238539789fdd408236e473a9bb2f894c5a93,27972.585630999994,566,2.8490619716489032e-05,GEOD
0xa0538b85e9070397b062c85623aa264d2aa24008,27911.532342728475,567,2.842843576104312e-05,GEOD
0xffc8ab5352f2eded304cdc48c6f343d9e4e6211b,27898.945888433722,568,2.841561621380422e-05,GEOD
0xf62d43d90e812697b6d0d3a08083e6b80af16b80,27874.680708175176,569,2.8390901658195455e-05,GEOD
0x7cabfd7e174144d49ba65a87bc52d39ea48c9f06,27857.212545999937,570,2.837310999702241e-05,GEOD
0x570d08924597772fb452ba95f0c2bc2b1c6a7120,27848.690223840007,571,2.8364429847001138e-05,GEOD
0xd97182bb00dbe87392a9139738128a1a452725b0,27798.12496000004,572,2.8312928147375206e-05,GEOD
0x056ecdcfe59eb7007a213419cedf1a1a90d6f789,27775.327083138516,573,2.8289708068667673e-05,GEOD
0x13fc943de182f855d5cd7f16d73fb8012f022154,27679.640049319038,574,2.8192248973240743e-05,GEOD
0xbe7cac805626915f56c58d5d60645f21e3f6f663,27659.43731999996,575,2.817167210251961e-05,GEOD
0x261fe0fc430c4ce4158ebe9258e7f9c646fea448,27652.88421721586,576,2.8164997640535728e-05,GEOD
0x3329523cd175827aee0b55f545b244426ee88664,27493.969974999978,577,2.8003140409951755e-05,GEOD
0xc75125fbec2e922830d7effb9f638a03c7a796a3,27345.05016499992,578,2.7851462701965353e-05,GEOD
0x1dde19995f75457f63b4cabd1fb6b7da89d0d479,27296.607668999997,579,2.7802123082458683e-05,GEOD
0x6382e3d1bf8204a36c0d4d496e318c1ad457bb88,27252.29696,580,2.775699176795882e-05,GEOD
0x846bf4860500419b432a79c203d19f45126e644f,27251.65716099998,581,2.7756340120297608e-05,GEOD
0x448f94965a21016dd2ed4d0635441e3f4c6f42ee,27192.785407812837,582,2.7696378100546417e-05,GEOD
0xd8695654994226abed2e26ffbc57f9760e28bce2,27165.111840999947,583,2.766819203728199e-05,GEOD
0x04766e74b712875d2a9125c05afd845d64f50de4,27152.849168499986,584,2.7655702268066055e-05,GEOD
0x3f8fa4e11be06c198fc93e7282811748ccebf333,27092.121081370075,585,2.7593849536275303e-05,GEOD
0xa8a26cb873adcf39519ac7be0cf28fcfcd3374ac,26924.593599263586,586,2.7423219554202162e-05,GEOD
0xc227217b7d4258a8e65a79b6a778a4967f384f3e,26908.77994102605,587,2.7407113037303242e-05,GEOD
0x8aefdd24662c8ebcfe117e99ea8fb4ba008c33a4,26737.88915855781,588,2.7233057468733987e-05,GEOD
0xd3619cc80f471680e224cec58663a82e3151ed82,26638.20764799997,589,2.7131529921458516e-05,GEOD
0xd4579a5ecc9a047d2d0c60926dc14f7cea6e38b5,26600.97595470795,590,2.709360872143157e-05,GEOD
0xf573ea4f53d4e0306d3dcc537dfd7c2ca8e595e1,26511.085986561575,591,2.7002054049562145e-05,GEOD
0x83a5b01e454f4906ff76101cb3821c9f0ad3cddf,26469.281006999983,592,2.6959474868979534e-05,GEOD
0x278491386828728ff242be7d91a6cc072d68d86e,26407.51025478579,593,2.689656016262555e-05,GEOD
0xa7a31f76bf608ddd4b7e08c14117934052947cef,26387.78820781474,594,2.687647287617677e-05,GEOD
0xe5a95f3e8a529577566c704c1ae0b12b084bbb73,26385.80345302258,595,2.6874451365017242e-05,GEOD
0x59d20a7ae9bb3b82815ce5751d81ac1c5bd25924,26332.11812832686,596,2.681977182303858e-05,GEOD
0xe52e58f5f8cf4e6710d7f04611cc8a1f44f038fc,26331.703985000004,597,2.6819350010046772e-05,GEOD
0x4bd0d8f344417d4f94a1b5ad9dae0e431b79e980,26310.133940000087,598,2.679738050184803e-05,GEOD
0xd1f361857b6d669d5829f8074ae9944bcbee6fcc,26277.200660999984,599,2.6763837319948926e-05,GEOD
0x50e4e254f4f57dcac0ebca87093b9213ca399707,26266.86167699997,600,2.6753306864692307e-05,GEOD
0x94823e9e35ce750022924023d0096ddbcd8c27cb,26250.366352054043,601,2.6736506057061083e-05,GEOD
0xc844c982e98b28584bd6452b7d7244effb82f0ff,26239.6013958149,602,2.6725541740836624e-05,GEOD
0x3cf1a4083bbf195909c12b07de2de091472fe7df,26207.325560742116,603,2.66926681782986e-05,GEOD
0xe46f41bffdaa015e274e3e5ddad06a76348c0372,26145.101166999997,604,2.6629291429270756e-05,GEOD
0xcc7a274ac5749f348798607e33aa79eb70d52e3f,26124.298020182992,605,2.6608103021710293e-05,GEOD
0x9caf663a9be37294ed59d823300a72a1131af908,26017.58075158821,606,2.649940941873686e-05,GEOD
0xf3f152f025cc42bfadcb0a8de447fb5427805e2a,26015.744889999998,607,2.649753955818654e-05,GEOD
0x752ececc72461fc5b4a5901a1cb9e4edeac33636,25890.414456244715,608,2.6369888086344506e-05,GEOD
0x680d60eb466ac6ac2830b82f434a1c7462b433e7,25557.741470999998,609,2.6031054213867142e-05,GEOD
0x04f0423471d34ceb9b49dcc1180a21d14e5ccf1c,25551.11127640616,610,2.6024301232383374e-05,GEOD
0x96634f37b5702c58a614d483bbcbf98b60378776,25502.577502,611,2.597486864405377e-05,GEOD
0xc810651b53a1a48b3d9a05204a45adabec3c7687,25443.335491000005,612,2.5914529509555942e-05,GEOD
0xa3f0613f0638fc750055c7d70e57699ca890e098,25397.91823412483,613,2.586827115463423e-05,GEOD
0x10c06b40a7c3400b16cc8e3fc3e456270f34cd3d,25330.533525695268,614,2.57996385252485e-05,GEOD
0xcc9b54d5938ee9c586e0da0d7f161a5d59262078,25257.07329400001,615,2.5724817857859232e-05,GEOD
0xe397ac1f9c7f92c1652a9b505c2a385ddc1fef17,25113.231974800525,616,2.5578312691018702e-05,GEOD
0x655b9def3f8280be5c610bf42bce7ce511b4c6a5,25111.94882399999,617,2.5577005777100226e-05,GEOD
0x4c125c7d6b667b2c0eb50166dc284ad5275e64c1,25080.712133999987,618,2.5545190603925614e-05,GEOD
0xe9b260a5841462bc0aa046f1fa2234c94c34f935,25075.671183999897,619,2.5540056298811424e-05,GEOD
0x7acd011e886ce097427a76a986c3980a66204f3d,25008.999999999996,620,2.547215040786353e-05,GEOD
0xab11ce40c0fc86750eb8faf81d02843ec0ffa889,25006.04,621,2.5469135590589462e-05,GEOD
0x17d9b0a751829e91e8892e3e849c74aeca4e7a99,25000.0,622,2.5462983733719397e-05,GEOD
0x9df0eacb95022aaabb6f438347f028ed45aa49b6,25000.0,623,2.5462983733719397e-05,GEOD
0xd9aa56c00f0917128ac7aed26025c245a8ba9a02,24947.918172000012,624,2.5409937384151952e-05,GEOD
0x6e37c8f603582ce03de8e9cc5da9de25bbd82b17,24946.957365719732,625,2.5408958784364512e-05,GEOD
0xabb5c505d5947ae01a8d4f6821764d152c4416fd,24872.67281422935,626,2.5333298531313862e-05,GEOD
0x4bcc99262a8415a59b2f2fab196b2ea4f8ce47ce,24789.574165999984,627,2.5248660950187525e-05,GEOD
0x9a5dbd1a54103a6c29368f5b9b47508caff1c8df,24719.140832320005,628,2.517692323699533e-05,GEOD
0x4d7b149e3e3a7198a460d9002b0fa76a1df0f612,24691.410199841976,629,2.5148679051246775e-05,GEOD
0xb0e87708ed7522cbd7f6f36d381ab10e10b478d5,24634.53616,630,2.509075174119209e-05,GEOD
0xae1be438a8d8b0d73054911484ac695cff4e0572,24627.569328,631,2.508365588799643e-05,GEOD
0x351f7a1329ade7bee6e21877ff236565a8e767cd,24524.55567007485,632,2.4978734484152467e-05,GEOD
0x5b792ec47f73a1185081aee746bebb10f3f6910d,24510.843898999905,633,2.4964768779998795e-05,GEOD
0x2ce5c472ba9726a5c1a03d98c8617d62c89fc5eb,24508.3090848,634,2.4962187022689188e-05,GEOD
0x42bdddfdbb61f76b440cd6bf8967daf056c30a6b,24482.426424000016,635,2.4935825031851774e-05,GEOD
0xad73725edd1ad5b021bd756ecf086c90672dd15d,24448.900464,636,2.4901678192886264e-05,GEOD
0x3b367c77b1c9a45f0468e1d4b7a7ea8a8a26c861,24297.45495100001,637,2.4747428007523722e-05,GEOD
0xe7dc91fd41d7d593ac2c8465a322b95ceb8433ae,24257.644162129054,638,2.4706879948745814e-05,GEOD
0x06351865c2bc497302cd369424b1af241f32cde3,24239.12079699998,639,2.46880135429468e-05,GEOD
0x610f88e3ecd5903bcf87d0f35d19947f8aa9c332,24175.356829,640,2.4623068707747565e-05,GEOD
0xe641ea3ecb4aaf940802f8814838d5e80049f438,24166.813715000026,641,2.46143673808349e-05,GEOD
0x7afda6f8caeb5e52980cb4db8cdb1c0d400f6c20,24149.434665000008,642,2.459666648213658e-05,GEOD
0x254317ae4c9b5d4c71a0f0c9e891cfb4f4d6eb66,23974.403607999935,643,2.441839396384504e-05,GEOD
0x13647649d0274caf561198cc1d2e7a929b706ccc,23889.464665000003,644,2.4331882006886375e-05,GEOD
0x1cd621a67e015be82a8c97b87e4cdb484fb8474f,23862.4260353408,645,2.43043426393986e-05,GEOD
0x5b3fd040f3d85770b2494c1c4194e8d6d03f8121,23849.18650800001,646,2.4290857924625774e-05,GEOD
0xc17dde7f017adcea730b879b87cc523f09db004f,23847.907195999986,647,2.4289554920599896e-05,GEOD
0xaa8723c3d948a52608d8dda294f8cfbaa78f9bcb,23766.209292326494,648,2.420634402490721e-05,GEOD
0x66b607636fd2b04def4f3d65a3217e37458361f9,23701.010868319994,649,2.4139938168509544e-05,GEOD
0x3b1b2d913ab20bebcc41bff40a2171c8f7f93a4a,23607.68657264361,650,2.4044885567598804e-05,GEOD
0xd7ca8380242f6380cee6e407f67b5cd67e8bf967,23519.0841229499,651,2.3954642258186055e-05,GEOD
0xe1ea55b2211d22492c66c2558265506d96fe563d,23345.72422500002,652,2.3778071847722973e-05,GEOD
0xfbc95958a9c269e51d4c4075d942fe4709aed920,23310.591813499006,653,2.3742288806819907e-05,GEOD
0xe08c1dc99b586eb431f7d51e3891ac3800034615,23263.651928999996,654,2.369447962620147e-05,GEOD
0x3bce04220de6bff0c2f69bf2e5717e24cfe52c62,23224.953668999966,655,2.365506469960531e-05,GEOD
0xcb6cebb1b3c40fff9756ae1ccee7aa914592fd58,23203.636562,656,2.3633352813653705e-05,GEOD
0x18b9b95e21d43c23a5cb8c367389522f22ba4604,23164.880013000024,657,2.3593878518583245e-05,GEOD
0xe33c0b297dbd97003cea3abdbc815f664de34d5d,23135.48506899999,658,2.356393919934619e-05,GEOD
0xa3b4958c954e9eb4fa6310d5d982d8f9c2a68a2f,23125.785577390416,659,2.355406007946299e-05,GEOD
0x6fd3b632f391aef0e7dfa280073de1be1e03dfee,23045.216980101923,660,2.347199940417477e-05,GEOD
0xcf55f1239e18207283e995d3c176e7f4c27d193f,23000.0,661,2.3425945035021843e-05,GEOD
0x50e37c16f51ed9bfcd56ced2505c73c7ea9dac48,22959.110792000007,662,2.3384298585494303e-05,GEOD
0xc97704676a8ec3bdf2e2f2fef85378dcf0aa7363,22924.508525000005,663,2.334905550702347e-05,GEOD
0x82de22785480a086e061289f5426a0ba1c7c7ff9,22907.628490172567,664,2.3331862864934042e-05,GEOD
0x8a41801e28bfb4e57140477b2ea1e5c39e331cf9,22854.06808655899,665,2.3277310557494686e-05,GEOD
0x9f848f04829fbdef239d4a23277fa0719b6a9e49,22847.913660999926,666,2.327104215597865e-05,GEOD
0x497afa67c2c3f4c5e8e31c67c7c98ef64c425a99,22836.79555468707,667,2.325971814957089e-05,GEOD
0xe7fdf623033a2d42c07380e678eedba919b0cf9d,22760.60518919374,668,2.3182116788081978e-05,GEOD
0xa467cafe8b543d5e8ab46f8ecb4e01500fc03a5f,22753.245865500037,669,2.3174621174501822e-05,GEOD
0x3a7e5a8463388a747afa6d331377bfe3440709ae,22719.77241855132,670,2.3140527821095155e-05,GEOD
0x043f92ddb82f5f2d79a0b67f58efb5db342a61ca,22627.837169999995,671,2.304688999155844e-05,GEOD
0xba90c0f97a1dd549951130735dd303e153791f29,22619.419303997536,672,2.3038316232154712e-05,GEOD
0x0cf400bb2b9b4579733e4b6fd17710ad2687e2e9,22550.589248000008,673,2.2968211488304467e-05,GEOD
0x62c72e9aa5dd447d9503c3d2d269dcadde8cd563,22546.30941552188,674,2.2963852396113522e-05,GEOD
0x9f3a987ed8d26836297c525e554d02166d4bdc93,22520.577116459175,675,2.293764355161493e-05,GEOD
0x99106dc4c62fd10073b963b736b0b77f52371f9b,22457.163971000016,676,2.2873056035961708e-05,GEOD
0x6b02b3a59e8137d42dd56a2587db838262c486e8,22448.102512650148,677,2.286382676529905e-05,GEOD
0xd144e87b706228f6ca28e8bfcf199cb9ed2e94e0,22428.054007,678,2.2843406974368845e-05,GEOD
0x93c5c10161978abf96193de8ee5f508569bfea4e,22298.76786894354,679,2.2711726541155766e-05,GEOD
0x1ca22d4b674f733a687348b15c78160d36c544ed,22141.30869850001,680,2.255135132932662e-05,GEOD
0x857368bea5215507c2630842b522cdba375e56ff,22128.508111038667,681,2.253831368331421e-05,GEOD
0xc4653cc20bb7d84692942e3179e164c3bb35b0eb,22075.539668999983,682,2.2484364300192955e-05,GEOD
0xe4db5280719f67e58febb57ab4ce9e7bef6459c7,22070.493457799977,683,2.2479224636444848e-05,GEOD
0x318143f51467a2ff71c8cd1f8cd5c382ec43eea6,21987.399346999995,684,2.2394591676778135e-05,GEOD
0x0d81d66e2ae05898154a817f5edcf2ee72a138a0,21926.55200193447,685,2.2332617478472395e-05,GEOD
0x3c372e60bd2af3eccca1c6297506df9a93c8e49e,21847.423604358257,686,2.2252023674458057e-05,GEOD
0x83cdcd5053632223bedb7b092eea03852224917f,21770.663489999995,687,2.2173842012725944e-05,GEOD
0x8fbba658c691ee1bae50889bfc319104469f86af,21755.48619202,688,2.2158383641062485e-05,GEOD
0x98aff7609f7277a6bd5f2abea3ccd893dcbeb059,21668.081494637674,689,2.2069360265554614e-05,GEOD
0x9da77bf55cae0b129a6bafe296f015720bce8295,21617.80916600001,690,2.2018156926100334e-05,GEOD
0xe312a84c3613c6ffc6a091e1ce0041c02ff0eb90,21600.00000000006,691,2.2000017945933618e-05,GEOD
0xf19555ce002fce4040e375ad39937791c77aa2b3,21504.844666999765,692,2.1903100398079092e-05,GEOD
0xa9f2e4d441cbec20b33b0e4e92384c01260c4a6e,21405.260798687028,693,2.180167230131957e-05,GEOD
0xebd2ca78f1c7b72bbc5452c4b8f8eb310e7efdf1,21362.437845000008,694,2.1758056294393074e-05,GEOD
0x280c307a998f8f67ea779fae043e174a4c4d2dfd,21346.685567079985,695,2.174201229453521e-05,GEOD
0x69d9553c98c51acc480f45c5740e3c5e0f3f439b,21338.34513200004,696,2.1733517400024297e-05,GEOD
0x2fb7a0bdf1083514dfd3af6ca657aa89cb256fcd,21280.358131000008,697,2.167445651749506e-05,GEOD
0xad357f7331e49c888977d5780957ffcf115f5887,21239.806746886774,698,2.1633154148132858e-05,GEOD
0x3f27fdf623e6fdbdea6c1b6bf2ca92bca7332cb3,21232.162984045848,699,2.162536882777754e-05,GEOD
0x542b437d63e5535473e34fe7a9c2548be05179a3,21214.083330643447,700,2.1606954350957676e-05,GEOD
0xf599b8755655a42892ae10367ad646c237746e43,21189.149229022478,701,2.1581558485998088e-05,GEOD
0x9b0e9c32d289e7070efaea2d8807eae6727c91d7,21144.682989999998,702,2.1536268761160925e-05,GEOD
0x2c91ba2f24033d2f70dba543eb77aebcc61a8afa,21140.381607965606,703,2.1531887720329958e-05,GEOD
0x74e61deb64694b29345fef8e2a7f68e2962fe6ec,21122.807411881397,704,2.151398806156894e-05,GEOD
0x4b7fcff2f98c2bd30103938d1c9903fc1b9c609d,21056.405652031423,705,2.1446356584330932e-05,GEOD
0xa26c9102e8deb423ba5745f742e88c7ef4e005dc,21033.313358999756,706,2.1422836637057345e-05,GEOD
0x4ab4c90f8e34ec6ef6edeb736a32d4a502d5bc1a,21000.945489,707,2.138986933516539e-05,GEOD
0xaedeaf4505ef912d588f13f5f1874045b858f088,20998.80533500001,708,2.138768954690581e-05,GEOD
0x1ed92ae1b5f0a6d36bcf123f2ba00159c4d91318,20933.552663000024,709,2.132122843787712e-05,GEOD
0x9ac4e30df8a8ab8ca48f518173379ce1c18cfc47,20908.70599800001,710,2.1295921628807815e-05,GEOD
0xec6f91d522387bd0b39abe95e47165c0da6fecaa,20885.97465228647,711,2.127276931336184e-05,GEOD
0x70ccd79a1c8bc08e06c9dfa3adb6f5f51cc72478,20855.19754599982,712,2.1241422235091924e-05,GEOD
0xf45b183fa76bb61d5d1a017c0fa67ee55f14efd6,20785.762491999973,713,2.117070128907e-05,GEOD
0x5b8b055e39cafdbd0969bac6188b48592a9dc27c,20692.570188000005,714,2.1075783124235643e-05,GEOD
0x813cd4a2eb8ad0600854796630063a92239cf8f4,20690.998234,715,2.107418205867035e-05,GEOD
0x7a7c9a7ade521b1e6495429c14bfab504e4bf0f4,20681.432489000024,716,2.1064439162296938e-05,GEOD
0x3477b63cb32154731568db2a1f96a087ac344d9f,20671.133615,717,2.1053949559851406e-05,GEOD
0xe9e62e55a3a566599909d6e97de603305500960a,20645.313070055035,718,2.1027650835214234e-05,GEOD
0x7ef57f55373742ded0ec19749fdb5d61c704ef9f,20616.653141000003,719,2.099846014292072e-05,GEOD
0xcd527f040929700929193a07cb86baec9de382f9,20547.326674000004,720,2.092784979485923e-05,GEOD
0x7782656ef53e905544fecf71a8c21d4e0ed29569,20466.030178000023,721,2.0845047740648994e-05,GEOD
0x3513cb10f383ab67aaa958a0de2291e7dceaa868,20337.036837000003,722,2.071366552690333e-05,GEOD
0x0d582cafb2c8a1e57b775414caf0c1cff766c0ef,20293.16843648492,723,2.0668984712153736e-05,GEOD
0xf865b91f9a12276dd851673599f6df1ecf0335b4,20248.850814000016,724,2.0623846356135728e-05,GEOD
0xc947cb01656f205920258e5922a102c1ec840d67,20222.59599369009,725,2.0597105313636392e-05,GEOD
0x8759602d1b8b6138daddefdca3774c127ec8ae23,20181.61584678841,726,2.0555366241077872e-05,GEOD
0x93db43bd758f44eb7919d65a18463f3ca988da62,20138.834327666344,727,2.0511792436057515e-05,GEOD
0xc356bd91c7d8901ca1f04f8bad0d14a994429d47,20068.536332999985,728,2.0440192568269413e-05,GEOD
0x7daba88757b80063da2f37550ca0084fe19de910,20034.98691991942,729,2.0406021841887563e-05,GEOD
0x1e4937158d9521c18a36e21e1dbc5731035b042b,20007.6174,730,2.0378145456267247e-05,GEOD
0x3edd9bb5ce9982df6621c4e5a1f83b7780dc1cd6,20000.0,731,2.037038698697552e-05,GEOD
0x408dd4edd886a5ed7420ce7587d152885b4eddff,20000.0,732,2.037038698697552e-05,GEOD
0xd33f647f62485a628115ac7e96c2a1c11ea07d8b,20000.0,733,2.037038698697552e-05,GEOD
0xc7e74ce1ff7c955a56d83aea60a9b27bcc64f033,20000.0,734,2.037038698697552e-05,GEOD
0x15d3e4aff723d5c5743dd7189b05005b720e050a,20000.0,735,2.037038698697552e-05,GEOD
0x36a50178cf9cb8c17e1588b7d400eac1a89fc324,20000.0,736,2.037038698697552e-05,GEOD
0x7df5209d90e464a7dd57275caf636f7271fc69e9,20000.0,737,2.037038698697552e-05,GEOD
0xba3b71bca3182429c28fdd6ccaedf99e31b2c956,20000.0,738,2.037038698697552e-05,GEOD
0x7d648092f0ca289bd5232eff87b0dfea716180e3,19964.313339600012,739,2.033403943284449e-05,GEOD
0xeb690b8cc3cc56b310cd60777b959e4eac0f344e,19932.998563958292,740,2.030214472793288e-05,GEOD
0x361e10fbe209a8da4f08000cfbc9dfb1ca878845,19848.79249499998,741,2.0216379217366243e-05,GEOD
0xd2b009fad8889b66e3359b4e5245260c65d81c75,19841.18355400001,742,2.020862936372972e-05,GEOD
0xdc1a5806aa7560aefab5a964cd36462a5abcd6f0,19818.0435993,743,2.0185060872124707e-05,GEOD
0x2fc69a9bb63af6d411f3ddaa588a1e1283b3d21e,19815.51965100003,744,2.0182490181944433e-05,GEOD
0x1163d81065b5718dbe939d5063c4aee01267c935,19782.110994499984,745,2.014846281886339e-05,GEOD
0x78545b6061f4b9ba177bff56a664c75cb49ce597,19766.982523999974,746,2.0133054178933077e-05,GEOD
0x03eca489cb4dccccf8a5ee25a7e24e894973593e,19716.220628999985,747,2.0081352206665976e-05,GEOD
0x0468943dfc0e70834007399635ba80b5e92e0197,19711.766687999996,748,2.007681578157663e-05,GEOD
0x14060bc41128c5235801aa432ad4955a8f1dc466,19688.40778087997,749,2.0053024282695242e-05,GEOD
0x27784d01c4c660345d48a07a99a7da3d4ba5b8b8,19617.706671424927,750,1.9981013834694855e-05,GEOD
0x7380355eea4f42e1e5a6bfd69919d811309fafec,19612.55248442112,751,1.9975764195501317e-05,GEOD
0x4ec5e153d1988e243e55806af19ac3d15ddb389a,19600.94412599998,752,1.996394085783521e-05,GEOD
0x59b4cacfe9847417001452366b06f2438b81554f,19574.232627889985,753,1.9936734680160085e-05,GEOD
0x2982e0693c198f0b8f751a6931f98a110c3e54e0,19552.44993899998,754,1.9914548590044772e-05,GEOD
0x70ce3a77f161fbc9849c87511c286e05c489030c,19544.221555999968,755,1.9906167822745408e-05,GEOD
0xd07f4824d9731ea8fa6ea93f27d21df4da979891,19538.36366179224,756,1.9900201444148396e-05,GEOD
0x82ebab4d4bc679924b69fe26dab26c46b9d0d451,19523.626128434662,757,1.988519098126203e-05,GEOD
0x3d18bc216ca5c582e0ee6c1de3abfa6545eea21b,19400.00377770723,758,1.975927922503416e-05,GEOD
0x5c2e8ca01e4537daf29d9fd2183a3dbb4e2a6783,19382.839821000005,759,1.9741797403016467e-05,GEOD
0xa5735e9d6963d9bf8b91a993421d055ed6aeade2,19380.738107,760,1.9739656766640667e-05,GEOD
0x82e8d3965c690cb9c969b1b39fce5724d41ca47b,19349.462057893536,761,1.970780150545455e-05,GEOD
0x8f645b45adcf7570239ca112871e0d6759494a90,19330.361328999996,762,1.9688347043489813e-05,GEOD
0x23c88392b00c0a36c327ff9e5e98c8bc7de1e854,19291.49867,763,1.9648764673331175e-05,GEOD
0x9e9d93c52c4893b65454ebeb85664ee3fa5f37b7,19280.160498000005,764,1.9637216525762935e-05,GEOD
0xb8d420262d1c54bcc98faf7c381d7fbbc7ad10cb,19265.361672000006,765,1.962214363513429e-05,GEOD
0xa18476fb20a477f6702aa586af5ed3f3413f869a,19206.43266800001,766,1.956212330432244e-05,GEOD
0x0a0e889c9dcb7c3b49fee48d2d4d80016a99aa34,19194.596833000003,767,1.9550068277359238e-05,GEOD
0xd2168fe60a389111846457ccccedb92ebf2a63cf,19146.514991000004,768,1.9501095990929908e-05,GEOD
0x933d64a47ef10dd6c35022ef7eb6d5a2870af8dd,19095.820000000007,769,1.9449462161681348e-05,GEOD
0x8653c2cd89bbe0c0347fe682416112ca6c729359,18995.04828883044,770,1.9346824223988157e-05,GEOD
0x00eeea79e475df263b499413b150b351e5f2a4da,18990.0,771,1.9341682444133254e-05,GEOD
0x52c3e66cb66e83108da1ac175172fb396e8a1e83,18941.573136929823,772,1.9292358747068013e-05,GEOD
0x97583d97882d9d94ab733f1725fc1cc4a7a79a3e,18895.404419500028,773,1.924533501503115e-05,GEOD
0x2dfd566fcddac614781590341f21e600f177caaa,18876.846948500002,774,1.9226433871742646e-05,GEOD
0x74e56386d9f94ac4cfee48d158478bc8fe0852f8,18845.65899600002,775,1.9194668338654845e-05,GEOD
0x3e42c24c9730bdea894a7a2dfde9b56f82188350,18833.923514789378,776,1.9182715523967886e-05,GEOD
0xf474afc42211ab5a8eeac67d629d9575df5ad9a3,18755.436772815126,777,1.9102775258599766e-05,GEOD
0x7c94cbe2c9ebb013807ed4bb9e249553cd8c7fda,18720.80678481567,778,1.9067503945754605e-05,GEOD
0xb93e8938fc64278437debe5ce64f390a3e3661b6,18698.75713497911,779,1.9045045950749704e-05,GEOD
0x89f00cbebc0372be45e4f59b41fad5aaf87d5328,18618.08575110809,780,1.8962880585338326e-05,GEOD
0xec4b29986b2b29ffd6c655c6eefd40707f8ec30d,18602.796602004935,781,1.8947308291141686e-05,GEOD
0xcc7f04a6d826a8610db0d8e4354badfc81369187,18598.740922583576,782,1.8943177503176276e-05,GEOD
0x7aa216ad64520d32c8908ac1a72af15ada6bb2b2,18591.015363130125,783,1.893530887138839e-05,GEOD
0xe124fdcfdc8e4dcd9eba54a8fd1e1e5d6164b5e7,18563.148573000006,784,1.890692600643662e-05,GEOD
0x756c442d9d202c28c4da01a5a1e7e1ef9912f350,18553.755874999966,785,1.8897359361780993e-05,GEOD
0xe576ebc3c6e8871ae09ec18ce236d67816b23274,18457.535165999994,786,1.8799356707856464e-05,GEOD
0x2654c613bcab7e75ba4fb27c879a2fccc23ec108,18373.46330994343,787,1.8713727895727185e-05,GEOD
0xdcc8262d7eb3b1a604311fdce8206d97b9026d98,18354.140045621098,788,1.869404677712231e-05,GEOD
0xdf105593746f008f66aaebe201280ed345cde8f9,18248.03183599993,789,1.8585973512498397e-05,GEOD
0x018b102903cde5f5c76579f22d8530aa6140d345,18210.362727552354,790,1.8547606796671822e-05,GEOD
0x3af6aa7cabd7fa6e072ad2cdc932cd0f0290efbe,18175.98595244033,791,1.8512593386052014e-05,GEOD
0xd5e38323248e39b05ffa7af07479d327ac8a9ddf,18168.994292000003,792,1.8505472244609465e-05,GEOD
0xb72c244765959c776e7e6c1752c94e055e617aa4,18156.120695999765,793,1.8492360237987523e-05,GEOD
0xa73cd429f3a4914d98bec808d162864897d59c34,18147.77868196667,794,1.8483863735282278e-05,GEOD
0x5e0d630574b9f1e58385e171ff3ce00e4f542a87,18139.241406701047,795,1.8475168355233524e-05,GEOD
0x13a1042b6772bda4309939e4ef3991a33d31cf77,18069.905908000004,796,1.8404548808209766e-05,GEOD
0xa6ac58e45a9c4e777ad0309b6fed9b52e9fab0ec,18051.935296719807,797,1.8386245392901257e-05,GEOD
0x4859f9baf5203db67f5fc87f924f69853f2aa30f,18034.534001,798,1.8368521836506895e-05,GEOD
0x5b9bb167bbe973ff31185c2b3cc0748bd1416ee7,18033.57065600004,799,1.836754065098434e-05,GEOD
0x2fd47a1dba1a3103e83e1958817c57ba12f7efa4,18022.093327999937,800,1.835585077033741e-05,GEOD
0x9ef333eb83443d34e4e90616dba7e194e0008eb1,17997.609994000006,801,1.8330914020921913e-05,GEOD
0xaa8f70a7b37029e3db72e04918f7e6669d02210d,17985.082324,802,1.831815434662465e-05,GEOD
0x753ab39ee7570609dbc5402e66ae9a2611378994,17958.0906927052,803,1.8290662847880407e-05,GEOD
0xcc2b1063768fc2506088df0cd761be6e5a140b08,17936.27531099996,804,1.8268443459500192e-05,GEOD
0x54994d533d34d3ab327cb0d75165536527576cbf,17828.963162,805,1.8159143959323534e-05,GEOD
0x7d0232d065b3ee6d2235405d9f596ad57aba84b1,17786.760832500044,806,1.8116160070140235e-05,GEOD
0x87b0a86e4d28b52a5bc7e70ef0e16b0d86558f2b,17742.938673000015,807,1.8071526352759206e-05,GEOD
0xf3ac55eb8b9b0cd9365be1c1a42643332945f491,17698.369562500156,808,1.8026131851331838e-05,GEOD
0xfeddc93473fabbed1dddd2a51376dea4ee8238e8,17676.690988,809,1.8004051803737128e-05,GEOD
0x77a9354e9a4c2b861624634bd67b1a9d231e1e75,17662.937141042094,810,1.799004324448252e-05,GEOD
0x2bc06ec514b702453583cf304db7c2822b2ac42c,17630.685980000053,811,1.7957194812922238e-05,GEOD
0x53867eec3d10301dd599f6255a4759ef45e27acc,17614.165994000006,812,1.794036888753022e-05,GEOD
0x7fcafd55a2b7b1882f6ebf8041b96d4172450beb,17611.640310999992,813,1.7937796430524382e-05,GEOD
0x70251a3fe982ec66bb28a18a90ca020984a0e043,17587.469625683385,814,1.79131781198424e-05,GEOD
0x022ba6a1ba999e2c2a12c0a4461d379207f625ff,17555.648580650006,815,1.7880767769759405e-05,GEOD
0x6b5aa9fb0beb9bcda2b0f76bb2174041d326e3dd,17503.03308033943,816,1.7827177864617417e-05,GEOD
0xa6f8bee5489fcac9069e08665ec0b2f1328da1ea,17497.0,817,1.782103305555553e-05,GEOD
0xcccf421a53f1059be03e078dab6bbc0cc82a7347,17488.912816999993,818,1.78127961031883e-05,GEOD
0x8f5431e17804f74b3931e9c4d28106a180569d53,17455.109816999953,819,1.7778367093622222e-05,GEOD
0xb864c4a6cd2741fc1441737025c55a954ec4816b,17399.38765800002,820,1.7721612996493303e-05,GEOD
0xac534ecac727c8203c6e5ae9eca660ec0030d113,17343.786687202286,821,1.7664982331893233e-05,GEOD
0x5ba9147f1603602cc53580e2c2a4af0380047be2,17335.067668000014,822,1.7656101842128377e-05,GEOD
0xd6621c5b848e8b13907e9c000686ff2b4c30acf1,17280.281570343042,823,1.760030114158944e-05,GEOD
0xac0a983850a862dee2aacff7440af65d001ac1f0,17257.73615999994,824,1.757733820491598e-05,GEOD
0x5ffdd0836ea2cad4b86b069cdfa8c78983d649db,17253.381163999995,825,1.75729025572237e-05,GEOD
0x1ccff38f6eeec44cfa357d4d1bdf3c07aaa00444,17249.909668,826,1.756936677137652e-05,GEOD
0x6bdf0d08f202739c4582c0160f7468e0a6e110c6,17204.39884901681,827,1.7523013121637428e-05,GEOD
0xfee02006b7f684b5234bbd6837c628a03a753c0e,17174.352378628013,828,1.7492410210166804e-05,GEOD
0x81bc8beac4361363778ead0d642bd1f26e140835,17167.258623246722,829,1.7485185083051413e-05,GEOD
0x35ad3e012b62f8ec8f6751b6009beb0752c09f8d,17138.795006725843,830,1.7456194338872452e-05,GEOD
0x7d792a34b117c7faeafff53841639008a39b163f,17135.603997999988,831,1.745294423474123e-05,GEOD
0xa3b264d6ef99871f911f5299aae1d413fadf47b2,17129.846164999646,832,1.7447079770420064e-05,GEOD
0xcaca8e5c2ad8d4857b371229779aaf9aa38f4d9b,17075.300598694914,833,1.7391524055717505e-05,GEOD
0x99f5735c169e2936840c715afe8552794a090f0b,17055.84122300952,834,1.7371704305055686e-05,GEOD
0x050e6f78de221993b5adc598109c71dcd5f86948,17043.912009000014,835,1.735955416976448e-05,GEOD
0x2b91b4f5223a0a1f5c7e1d139dddd6b5b57c7a51,17028.82290156858,836,1.7344185621881163e-05,GEOD
0x43e84c8fff6e73a9c46ac411b56f33ecb812c218,17020.813992969604,837,1.7336028393505942e-05,GEOD
0x268299ad0a29f37dadae5add5afbd512e5c62a2e,17020.388078000015,838,1.7335594590868236e-05,GEOD
0x07a0053b4738f1ce8d6a63add8330141e99e2210,16969.955989000002,839,1.7284228532393644e-05,GEOD
0x8b0943415d84117a9fab77c5bd5f2c51eb1b0baf,16898.823326999955,840,1.721177853977591e-05,GEOD
0x6c1982d26e57261c145c2d0b17218f3da07fa626,16889.987860000074,841,1.7202779445675997e-05,GEOD
0xb6da703df9249dbf1a8365a2e4b50d2a3514bd54,16885.342694000028,842,1.7198048254224015e-05,GEOD
0xe5825b3d050b2f60f2301845277ad5138328ffcc,16857.33279128439,843,1.716951962633476e-05,GEOD
0x273bf9aa5fbea379c7f88f5266f8b0a34d00e04a,16848.12584240003,844,1.7160142170747575e-05,GEOD
0xcf2d8fcc99fab8d3d7dd34a362a17bb7c687d417,16831.156646123723,845,1.714285871599726e-05,GEOD
0xca8337680dd2b41ca0471d7c88d14e5de66c9cee,16806.921246023907,846,1.7118174492056388e-05,GEOD
0x04206a86b424a2805a2236c95100a22c15655b94,16803.31025977966,847,1.711449663269639e-05,GEOD
0x380c20391ffd4b293ef6f954aba986ccdb2df8bc,16791.943996999995,848,1.7102919874125517e-05,GEOD
0x5306681b141aa475952a9f8cebbe1540aaf79a8d,16787.420167999964,849,1.709831226675584e-05,GEOD
0xbf7e2bba6c21e9b816ca0e2f5123b82021d6d693,16750.116220041302,850,1.7060317473952844e-05,GEOD
0xda8b5366282134760422f626e424bd8e269dfa96,16749.272893000005,851,1.7059458529043453e-05,GEOD
0x5f197feb9edf7ccd0a3042e7834283658d6ebada,16725.834961549976,852,1.7035586542352887e-05,GEOD
0xf966f6d078f64848092b4c723018dcaf4b052de9,16724.798129999945,853,1.7034530509357167e-05,GEOD
0x42f6dbd56c64373395dad78631a93d0875c39fc0,16704.855496,854,1.7014218550751244e-05,GEOD
0x1b2608c0d2c5fd7e59ca3e27cd8f0d4371d9c9c8,16677.910337499987,855,1.698677438544771e-05,GEOD
0xe048b5f05c7414386f144f32240aaffb799f9542,16677.246866999976,856,1.6986098627905725e-05,GEOD
0xa764de06b5153226e4cae4e19eb0e500f2289269,16642.582517831062,857,1.6950792317544607e-05,GEOD
0x97790ecb2484ecc6dfd4f9f33b695dc95c161339,16633.82050700002,858,1.6941868039973982e-05,GEOD
0xd519d416c7974e6ad0ae2b2985f2237091c0ef94,16632.653761,859,1.694067968659719e-05,GEOD
0xa940cddba317d8d5642e743ec72e428547830ee8,16623.238823790478,860,1.6931090390876388e-05,GEOD
0xf12636183ef4e1ee692aa13ae9f640b63ce9c72f,16530.328323999973,861,1.683645924908209e-05,GEOD
0xe04d1792ce04da03cef795d0864e6fcf321e8c22,16514.003359999988,862,1.6819831957370687e-05,GEOD
0x7048b6bda2757655acffa83822fd3ab46c6fc6b1,16434.81212899995,863,1.6739174156298398e-05,GEOD
0x1d6c7730343155d74b000dd9853af14988cca19e,16429.429147999967,864,1.6733691485992737e-05,GEOD
0xb6e562682636899ab94e4463761317f55746bb8f,16401.838269000014,865,1.6705589641865746e-05,GEOD
0x405e031c26794fc4d98cd95fa539152a3095d1bc,16379.586667000001,866,1.6682925954674725e-05,GEOD
0xba51873c2fb033f86ed432867c74fd868d16ff6c,16376.882203721885,867,1.668017140649636e-05,GEOD
0x4efb01fe5e621a0542d3b821734ba2f9225288d7,16374.385622999973,868,1.6677628590723882e-05,GEOD
0xd4151ff50ceed6d58a88566adf5dc4352066f851,16357.071997999989,869,1.665999432865403e-05,GEOD
0x0e32ce6785cadc317f295a919520488cf457ae8a,16277.648005999938,870,1.6579099455999454e-05,GEOD
0x25d77d6343080de90bbbe6c02850e63b5b96114e,16274.387459999958,871,1.6575778526809033e-05,GEOD
0x91be40af80ce0b165d9c78a823edd55ddfab5ef8,16262.0,872,1.656316165910979e-05,GEOD
0x2b2428c37a2443e15b36767e9687c825d148d0e2,16256.04586699996,873,1.6557097259440655e-05,GEOD
0xf0f8503dfbbff4d026d8ad4d1d2a1045c32cc73c,16243.118825999976,874,1.6543930818052347e-05,GEOD
0x904659c5959600d842f222b567a431049fff01f8,16236.0,875,1.6536680156026724e-05,GEOD
0x01c7fddad8831b18cfb2fff2b80c375fc2b5a097,16227.289838086941,876,1.652780868758231e-05,GEOD
0x4c8ce99b6f4f0b891490b928486121c9631d17c8,16136.640119000002,877,1.6435480194679234e-05,GEOD
0x2996c259518e18545df349b179f7bb655f7402d8,16026.703838999703,878,1.6323507966303507e-05,GEOD
0x02cb9716354e2f7d5729529079e33de13dce7ff4,16013.42483900004,879,1.6309983047863845e-05,GEOD
0x0648df07d519fbae0618b342a3d4a199f2b8d0b1,16004.310475999995,880,1.6300699892791312e-05,GEOD
0xf39fd794e981d1fc2b6d3c2547f289d0d592c9ca,15991.0,881,1.6287142915436276e-05,GEOD
0xd9cee676d2a124b3fe42bc7e55ddb739d3c8c992,15982.676200000009,882,1.6278664964076175e-05,GEOD
0xb26ce0f5f582600c1b6330ab8916e72e350fbe4d,15968.21502449745,883,1.626393597701249e-05,GEOD
0xcfd5e673f782c36d31be3a4849605bf55d9c6543,15945.0,884,1.624029102536623e-05,GEOD
0xe9590ca03a0c7fe72f1283fca507c8f4a9b18278,15929.895333000008,885,1.622490662976127e-05,GEOD
0x792deb58fddd0a6183e605666ebc83f53ebc39ff,15912.037729354208,886,1.620671831491502e-05,GEOD
0x892bff0227e3879641e47787915af5ec2bb63146,15901.310043934463,887,1.6195791959741283e-05,GEOD
0x1a47e258f19398deaada34b9c84315fb25658f93,15891.18166299997,888,1.6185476007781926e-05,GEOD
0xc36fbf4d694aac3ab0a9385072fe8c3c29d1f547,15831.268674027117,889,1.6124453469235757e-05,GEOD
0xff686b0c43bebd001efe4e95c7976318816e975c,15812.842493999964,890,1.6105686048343517e-05,GEOD
0x79e7cd6feb9be58ac9904e67db6b7cce5ee35e67,15800.284969999992,891,1.6092895967169635e-05,GEOD
0xae0e97d58e4823a9f70db10549f734e56199ba0b,15796.555326000038,892,1.6089097252589497e-05,GEOD
0xc3e2361ea1e5bd805c587ab2a6059397e09eb7e5,15794.628490999976,893,1.6087134733858934e-05,GEOD
0x224bd3e048210dbd292aebd81702d78b4d106a42,15782.525163000013,894,1.6074807260099457e-05,GEOD
0xd222bea96d3b64390d11c6b6bbd5d0b634d4ae5b,15779.260661000008,895,1.6071482301646462e-05,GEOD
0xbe6ac4822f8ed6e93e3bb2155314c8d4e8eea21f,15762.990375918456,896,1.6054910701471482e-05,GEOD
0x2ae51b21596f9993d7ec5318ba068ddfa5463222,15737.718202135124,897,1.6029170503473054e-05,GEOD
0xffc58cd304811660d8514c8758ba561bf8b3490d,15728.701651000005,898,1.6019986971677543e-05,GEOD
0x2a1443506469337506a65005c23dbe5bb59e6863,15721.510256000003,899,1.601266239672123e-05,GEOD
0x4a674042bc10e53eb451b627d08dc2ae244412f9,15707.678906654,900,1.5998574899784724e-05,GEOD
0x888940d6cb20277a6131f6acf4fb14d8aa42497b,15696.832085000002,901,1.598752720205119e-05,GEOD
0x3c551ee2f903c8f7502d41260f1d7be4bcca9622,15671.592491999987,902,1.5961820188210987e-05,GEOD
0x8216a8fbeaa929e35d016877b3cec67fdebbd2bf,15645.76916300001,903,1.5935518627959913e-05,GEOD
0x3adc58615d75951955d3c248b0893ea656962948,15624.389408666266,904,1.591374293448667e-05,GEOD
0xe162dd0b22120542e2f6b2c7539ae36284c30c50,15619.110830000252,905,1.5908366599978277e-05,GEOD
0xe24fd1d464425a3b9299a4f5a0c0b66d4efb7959,15587.238673987196,906,1.5875904192373514e-05,GEOD
0xae4694143cfb4b542c11e9674545545664ca0799,15567.158330000027,907,1.5855451973481004e-05,GEOD
0x9134d3d0a0133faa5ee2ddac9cd2fdfefd72e25f,15564.0,908,1.5852235153264347e-05,GEOD
0x812c82957556a14f575a095cc235e58c746aa1ea,15559.638997999999,909,1.5847793388344798e-05,GEOD
0x4b61db459ef98b8efd4b2536b308d5131d4840cb,15536.883332000016,910,1.5824616302216495e-05,GEOD
0x524c11ba6856df120e3bb8816fe26fb0883f4d92,15526.693592020685,911,1.5814237854882716e-05,GEOD
0x3015f4fd7cde80e1a28339f3fbed2d4be813a048,15470.068076065592,912,1.5756563671215595e-05,GEOD
0xa8062001d412746180964a94e8e9881e58bcb49d,15457.318256000017,913,1.5743577732778093e-05,GEOD
0xff901ec9b1f4f913ac65ae782fbe7a15acea186f,15441.087089237524,914,1.5727045975367987e-05,GEOD
0x4f95e56aa1dba9168667f0aea62c1d8645a5fc32,15434.668196999957,915,1.572050820942264e-05,GEOD
0x7e2a8652951b5c65ba6eee041cec9c75547f537b,15423.236101209113,916,1.5708864398656056e-05,GEOD
0xb77657b3f420c6017b09ed35e529c71d98eb7073,15362.584482350112,917,1.5647089551278835e-05,GEOD
0xf6bdc29d97c7bed80a69bf42563d1cab9bd89587,15356.54843194936,918,1.5640941717152026e-05,GEOD
0x1bf8649badd645975d70fcefe66e0a62ff921cc7,15336.537834999996,919,1.562056053696708e-05,GEOD
0x40bedae2365a21c613340ec1cc8f17007ad01d49,15298.041815291479,920,1.5581351596021044e-05,GEOD
0x8b4f8c8214a37e8d00e4b15395185c1827f1c3e3,15274.569717474356,921,1.5557444810224495e-05,GEOD
0x48d436f57193df04ede36940b22a051bf673f11c,15269.503832,922,1.555228510784728e-05,GEOD
0xdafb7aa40c66a61fcdb797d7e38ff9a06dbe24d3,15257.234475999996,923,1.5539788531357226e-05,GEOD
0xde4f7cf0802010dd66c90b4d7aa1755ebf6ce8e3,15202.650000000001,924,1.548419318637717e-05,GEOD
0x8c3d69fea7ae6491b7bf6f990d0287a20f410ce5,15178.355683546939,925,1.5459448954990523e-05,GEOD
0x86d3365ca344a355cbf09812b6b5b67e9b594fac,15160.16045899997,926,1.5440916766723687e-05,GEOD
0x57b6ab002c51956eccc552e0bb5439c1e7e00f95,15147.85703,927,1.542838548622388e-05,GEOD
0x554cf98bdd54506f2e5091b96662144d01064d12,15139.79232629807,928,1.5420171429456698e-05,GEOD
0xb76abdeb3b282d821ade5c5bf94c9b54f7393214,15054.709165000002,929,1.5333512583370853e-05,GEOD
0x270fb4d230e81dfd17dcbd1d22278cff0a562f7c,15044.21419999999,930,1.5322823258447602e-05,GEOD
0x19f8053d9a9cf2c0dbc35b087cd4303747bffd1b,15040.868341000012,931,1.5319415436315933e-05,GEOD
0x3e3daea39164267ec85e1d078e3c3df0f7a51187,15013.999156999998,932,1.5292048652510706e-05,GEOD
0x0d33d4a0395d819481dd18a9fc67d81895127f87,15000.0,933,1.5277790240231636e-05,GEOD
0x2dea22234beb0a9ef363861225821bf7424e68d8,14999.999999999998,934,1.5277790240231636e-05,GEOD
0x625debf54356db39c392ad0155ae1bfea3cb2070,14978.13049899999,935,1.5255515730302525e-05,GEOD
0xd18540e5e28f12451c638d65ffe2b354c43e551e,14974.588509030069,936,1.5251908144982961e-05,GEOD
0x195e0077e2a3ee1ad467aa0c7737a3b61c0c9b35,14956.23249149997,937,1.523321218595157e-05,GEOD
0xf0230a57e808a75ded6df9bb7c0bff5bee884cce,14940.990767000001,938,1.521768819463091e-05,GEOD
0xb09c2e968f5a93f1bc0c05b8efbfcb8c070bbb4b,14922.895832004739,939,1.5199258153213026e-05,GEOD
0x6f47587042aaf65e32d8a9bffb65468613f17122,14896.67916999999,940,1.5172555975685852e-05,GEOD
0x7bbb518700df679b61e1ecf41145dc2eaa6f031d,14877.096049250023,941,1.5152610188281377e-05,GEOD
0x2a84b600bc389a045cd7b555cc86795fe9ab4317,14871.851465999978,942,1.5147268478761937e-05,GEOD
0x0d8525627fc4ed9ebeb6386e6ec9761c0bb7ec91,14871.229488000004,943,1.5146634982134094e-05,GEOD
0xdfafffd586c07f755b5caad0e9f32874f90b5034,14867.107941369759,944,1.5142437107141945e-05,GEOD
0x4ddb37530180eb65d4acddd81b7c64b7eb6f9710,14865.731823262899,945,1.5141035504223118e-05,GEOD
0x6e8ebae26f7b1a22ec0faefdee4c264dc484c362,14841.386866251909,946,1.5116239694448362e-05,GEOD
0x10cc65ad0bf46e5658855fbc44ad31db9f37d34d,14815.683981500006,947,1.5090060808994467e-05,GEOD
0x928fed1456d66b1eaf578e856e81916f45f87c3b,14794.794667,948,1.5068784637981579e-05,GEOD
0x4cf8fb4671b5d96bb526b6c809115842b260954b,14715.874160000014,949,1.4988402574541678e-05,GEOD
0xc6448bafa9610e6ddb6c4ebede0fc82ac40560d2,14711.13762999991,950,1.4983578327087802e-05,GEOD
0xd61457efe603aafe58f305d56fad68915e020732,14700.593336,951,1.497283875962367e-05,GEOD
0xd9d014fbbaa29272c5b1a4f25b7ce0839f968b2b,14671.618011836166,952,1.4943326831309152e-05,GEOD
0xbd7a69608e9dbfcc0b5877b4cf901de64050d927,14665.854661054516,953,1.4937456747020957e-05,GEOD
0x2d20d6c70c1b8c1fa7885ef10feec8771ef6eaa3,14645.114324999999,954,1.4916332313437435e-05,GEOD
0x8d86bd73d64c1400173a0d02a4acbb1801335694,14591.162504000005,955,1.486138133981634e-05,GEOD
0x226d961d58cf2f81454b0c60fa3eb60ccc33752e,14587.267334000002,956,1.4857414033802335e-05,GEOD
0xef77d7511afaace4adbe838eb3ee6e51cbb9aaf0,14583.159684123553,957,1.4853230312922821e-05,GEOD
0x62b8f6d859046ff95183d09139643699e6b7d3f0,14571.30518684315,958,1.4841156278065928e-05,GEOD
0x3b5f383cbd0e433f4e2c5a9e5174e4aed82e95fb,14533.794406999994,959,1.480295082298651e-05,GEOD
0x675cd3e708fd0d96bec59921d1920f0ef133c55d,14523.718989449508,960,1.4792688815258573e-05,GEOD
0x410ef4e325b285627df1c00c0298b60e031198d2,14489.308659999997,961,1.4757641228896781e-05,GEOD
0x20a37159b1c148b7b406dda1f85b642f2ce8061f,14437.881164999995,962,1.470526133015074e-05,GEOD
0x1e2e879335459e1681b93e4947ea1fa26c6f7b47,14416.889807000003,963,1.4683881225858642e-05,GEOD
0x343ca18a31d251ef060368eea007d510120f5477,14408.72667080001,964,1.4675566913687578e-05,GEOD
0x1a4960f339a05a980d576e5bf81779781b25868a,14391.518611000058,965,1.4658040171816576e-05,GEOD
0x27c427315ecb17c960534cc82131fc90c865e98f,14384.348428299214,966,1.4650737201997402e-05,GEOD
0x535e4c7ea50f1f32b80981cba15a86b05d67adb6,14384.343999,967,1.465073269067045e-05,GEOD
0xf9e8fa387fb85df5b16f6f59e20de667795eb0f8,14352.622331999986,968,1.4618423559037336e-05,GEOD
0xf43a13def3fd4f8a513e5a5176a8de43c720a2cb,14351.087584239314,969,1.4616860388746721e-05,GEOD
0x827d4fe2a81ec556e4515f59d2623ddcd58848e4,14348.844499999967,970,1.4614575764046726e-05,GEOD
0xe13267b8a87bbafb9c0bf15599ae14777dea57b9,14328.48405760105,971,1.459383825950213e-05,GEOD
0xf451bca8aa4b28141ec6daa090a49c6a352b3b64,14308.779259582896,972,1.457376854144563e-05,GEOD
0xfca67db1f0baeeeb54a1bed56f620ea0efe7db1f,14293.066441104256,973,1.455776473179233e-05,GEOD
0xfb9a1e56f4120f40567339426208933a30180b02,14267.424664999986,974,1.4531648086678462e-05,GEOD
0x85fd9e6d6d0ed39aa35905fe805ae4f83c7a1ffc,14262.836511000003,975,1.4526974963051688e-05,GEOD
0x724ddaa6153d73c3d7fa4ef71ecb7ea7cc0b384c,14245.427993000005,976,1.4509244050625203e-05,GEOD
0xdcb0cfc743f8862ed9e3aaf17bcae7356ba9284e,14206.632670000005,977,1.4469730263485467e-05,GEOD
0xe5547a08bd7e554deaf84a75535a363632fca3af,14193.912999000004,978,1.4456775032454615e-05,GEOD
0xcfbbf12827b0d9f44656e1a6fad53de3ca9ba4f4,14186.537998999978,979,1.4449263452253142e-05,GEOD
0xf863ebbb0162cec0dc646ce6d14c4a518f469e95,14171.163261988611,980,1.4433603985115916e-05,GEOD
0xc9cc22042166eed6552e1a95c479123ff73c0cc2,14158.703072999993,981,1.4420913041534466e-05,GEOD
0xbac4810c489ceb6433ff74032398a40387a0fd96,14145.805193600027,982,1.4407776301800033e-05,GEOD
0x86cce8ac791d2fbee8e4edf7b924c1828fd2cea5,14115.278535000003,983,1.4376684309344945e-05,GEOD
0x84186d6534ae7c34a183c61f3f2d882a28a54bc2,14107.076459999975,984,1.4368330337252607e-05,GEOD
0x9bb1fe595a559b2da76a2e0e18a6594319ae5dc6,14106.206268,985,1.4367444029862983e-05,GEOD
0x85e08d17774f62ae79060454c2fc213e0128b989,14105.333220999994,986,1.4366554814600586e-05,GEOD
0x433db45353002a6f3637b5c4026fb803e6b41d9f,14104.124825999965,987,1.43653240409114e-05,GEOD
0x081a7ae08c84311efcfae14c9b370ba40818e4bf,14103.697764999995,988,1.436488907101958e-05,GEOD
0xb3e82899dfa6002cb621ccfc3b74a00174ff6729,14102.550497999999,989,1.4363720557381214e-05,GEOD
0x4cf41e9004bf1ef1233c2e028c52cb89b8bb5f49,14093.979525999996,990,1.4354990856556484e-05,GEOD
0x7e7ee5a32aca5d20ca5c7cf36d4663d01ad5a424,14087.870495999985,991,1.4348768691295721e-05,GEOD
0x7cc20d51035844eea74a2be830a8f5457e066b92,14080.729662999996,992,1.4341495614714764e-05,GEOD
0xa314d7ccfdf82a20b724947cbeaa443a83a71f64,14059.999999999898,993,1.4320382051843685e-05,GEOD
0xacf7dd0424584f96ee7ec107de689e323fccedac,14043.138330000003,994,1.4303208114686458e-05,GEOD
0x6d285713ff9778a6f8239efea215c29f0c4d948a,14034.917159999972,995,1.429483469396714e-05,GEOD
0x15c4580febfb2bf2143f580354268e07a17ba161,14021.507334999997,996,1.4281176527733284e-05,GEOD
0x3ce8ce8218f172fe42146352689d6316e6ed3196,14010.0,997,1.426945608437635e-05,GEOD
0x449393c0bb7d7c9e08c3fd41c7d9607ee51c331b,14007.232655750035,998,1.4266637490711451e-05,GEOD
0x398a0f265d9fc7cd2785876bd468821f357304cc,13985.840331999992,999,1.42448489950445e-05,GEOD
0xd59c28873c255743591031533c5a06b12495f8b2,13961.46469600001,1000,1.4220021938125835e-05,GEOD
