orchestrator,total_stake_lpt,active
0x525419ff5707190389bfb5c87c375d710f5fcb0e,4051958.432139631360769272,true
0xac2e50c8f7ac0f82923a7df9d9903f6ec4741919,3317630.013660051859915257,true
0x4416a274f86e1db860b513548b672154d43b81b2,2450756.233069019392132759,true
0x4f4758f7167b18e1f5b3c1a7575e3eb584894dbc,1671259.801059944787994027,true
0x847791cbf03be716a7fe9dc8c9affe17bd49ae5e,840292.815923437825404108,true
0x141e6d4953b933746c770272126db2bd691a9683,799509.584916285937651992,true
0x6cb1ce2516fb7d211038420a8cf9a843c7bd3b08,794435.462306717527098954,true
0xa20416801ac2eacf2372e825b4a90ef52490c2bb,728659.981772883562371135,true
0x10e0a91e652b05e9c7449ff457cf2e96c3037fb7,631351.057789578335359693,true
0xf5a88945ce64b5648b895e05eb1edf693dde8905,539566.776407110039144754,true
0xdac817294c0c87ca4fa1895ef4b972eade99f2fd,483034.808736179780680686,true
0x9d2b4e5c4b1fd81d06b883b0aca661b771c39ea3,426906.963325675285886973,true
0x4a43b1d7e6227c8b0512e413f406555647ff7bdb,422773.543151326011866331,true
0xbd677e96a755207d348578727aa57a512c2022bd,406386.175497931952122599,true
0x10b21af759129f32c6064adfb85d3ea2a8c0209c,382915.720951506809797138,true
0x5bdeedca9c6346b0ce6b17ffa8227a4dace37039,345856.571616132627241313,true
0x104a7ca059a35fd4def5ecb16600b2caa1fe1361,335326.960124359466135502,true
0x942f0c28fb85ea0b50bfb76a3ecfa99861fa9b4b,333076.062471402634400874,true
0xbac7744ada4ab1957cbaafef698b3c068beb4fe0,323374.69163999060401693,true
0x9d61ae5875e89036fbf6059f3116d01a22ace3c8,310681.068621781538240612,true
0xdb22609515433e664e28067c81704d8266098986,307444.997245743928942829,true
0x2e3a21ae7cdeb48f57fcad1ce16b258d5502ac05,305794.297742992523126304,true
0x9c5874aa481b9c652d5420d65ce8becaad9ff3a7,297501.815515192050952464,true
0xf909ac60c647a14db3663da5ecf5f8ecbe324395,288016.160077807144261897,true
0xd00354656922168815fcd1e51cbddb9e359e3c7f,284129.055525728617794812,true
0x3b28a7d785356dc67c7970666747e042305bfb79,280084.950097667169757187,true
0xea6eb2033de0fbece9445fae407c596f3ffd81ae,279801.69813953636912629,true
0x9d5611bf0dadddb4441a709141d9229d7f6b3e47,264829.970831110433209687,true
0x882bac0da055d1826ee637c410c8d4c99be8b485,248372.965297045302577317,true
0xe9e284277648fcdb09b8efc1832c73c09b5ecf59,246526.80885212987777777,true
0x21d1130dc36958db75fbb0e5a9e3e5f5680238ff,235301.955901709181489423,true
0xbb4c38fae6eef586f521e369117354e43ac7dd5b,233011.8390862007800024,true
0x4bd850175a4e43afee34ae7b7dcd079a572dd69b,225269.110956255113705993,true
0xa6a9eb29e786b5233bd99c0ba28be882fe954a0e,222404.818434419052209705,true
0xbe8770603daf200b1fa136ad354ba854928e602b,212114.470887109491741285,true
0x74a7839094b7f723b2c1c915e88928f49dfdc21f,208053.389598450128687546,true
0xdc28f2842810d1a013ad51de174d02eaba192dc7,190916.626780879916623235,true
0xe3a5793d7c1d2a04a903fa1695b3e3555d6084ca,184344.497330465994309634,true
0x43942a3b2883ba56c67750de398d4f1d1b3a3fdb,171444.99323574046138674,true
0xdef1c70578b2b5e8589a42e26980687fc5153079,156115.101434105541557074,true
0xb8c66a19c2d4ccfe79e002d9e3a02dff73de4aba,151488.373058162891538814,true
0xcf5654abfaefc001a84aeb18fe4c13bfd0f8a77b,146106.818596885685110465,true
0x3bbe84023c11c4874f493d70b370d26390e3c580,142933.458551032876130193,true
0xda43d85b8d419a9c51bbf0089c9bd5169c23f2f9,141999.039690794190391898,false
0x47a907a0bd1627d71cd14430a721d1550d6d6f58,141772.527057553234044462,true
0x5caaab7626edc7123cf8484edbc66a875dd32cc9,139273.426112466055201367,true
0x79537bb5ed3633eb17120d8558eec439724587f2,134164.601088838622672483,true
0x11b04d9a305abe978aeaddc67d9d09aaa4996090,123032.794072854798287153,true
0x5263e0ce3a97b634d8828ce4337ad0f70b30b077,111514.57979088080173824,true
0x597ad7f7a1c9f8d0121a9e949cca7530f2b25ef6,111274.342000149379600771,true
0xd603d6bf88aa061fcab8fa552026694a7fd005ce,110924.483869417425012216,true
0xa8aad06cd07185514a7c394649c80434af47b379,110280.536797930762986653,true
0x5d11abd838073df76e32c495f97fd3239eabb9fb,106703.973062567252782173,true
0x6a15b9d078c2bf4814066a69392aa224fecae1c4,106537.390711552754510194,true
0xb1c579757622d8ca7bd42542cb0325de1c8e1f8d,105175.307755716989049688,true
0xd18a02647d99dc9f79afbe0f58f8353178e6141f,104715.124185900815064088,true
0x733da28b0145ff561868e408d2ac8565ebe73aab,103097.233811962243635207,true
0x180859c337d14edf588c685f3f7ab4472ab6a252,96263.091124719416256994,true
0x0abe02f6ef1fa8c29f9b3f9f170c6f3681fd3031,92109.969449063602951355,true
0x1817efbeb9e934541ebcc12b6d37b49e45fbbf8f,86278.047844339831499383,true
0x4bcc9256418b29c482596443fa5c99ae114b3351,72483.746233484678668901,true
0xd4c467d8c13752ab7bb9711bc77de2a9f52a65f6,72350.062538063604733907,true
0xa03113bab8d4ebe5695591f60011741233e8b82f,72217.954109209080343135,true
0x72a798ed05f3b445fba4bafdf643028fb5ed03cc,71815.889667873445432633,true
0x4712e01e944802613de3a0a6d23274e7e0243015,70007.48603921387984883,false
0x4a1c83b689816e40b695e2f2ce8fc21229076e74,68688.205905719180009328,true
0x66970f8b4a5376ed7961e8633a83809e49ad809d,66439.956095549190649763,true
0x02b6aac33a397aaadee5227c70c69bb97f2cc529,65717.988613546549458988,true
0x22b1bcc0c0db224bfc56c9b95a2db407548666ee,62903.008117379242321476,true
0x0d509d8b46b072f8fc330942b2e3cc0ac34d6d8d,60295.406510775836068206,true
0xeb6dde1a9e305fe8b1556056bbdf14d25d3a878b,59361.028428585166693665,true
0xaa1dd0958b7c5c5a49550315c9511a53c4d65fba,58795.941770010227628518,true
0xb46618598853361e4d96ce69ec6807f3b56dd2d0,58757.005444506306957919,true
0x0fc80afb7876f579f1fb1c4d1c37cf1339038658,55919.990478508327214513,true
0x186a59938baf5ca4023cd6f87cc00684bcffdf65,49186.878584794634662103,true
0xbc144f1a34f5b858900413d35bfb7cb6b3b0d65b,48807.315752162539865822,true
0x16d335f6265ae2dcf6022863e9d9346ab8a73841,47115.422666912352724466,true
0x08f76e106a2dd4f6385efc8ea6c69a2816082461,43881.44475791458535241,true
0x5f51c8eae3c97364613c48b42824be47aeb47ad0,42767.700615603935148101,true
0xb5164d6b780786338c52f4787abba0e4a371af4d,41632.935284061182755977,true
0x58887c5fe7d021ec63b72ac4021980027e6fafe1,37297.469204434099083301,true
0xf566161923750b162f0cbef901861bb134c371a9,36362.527177324700460304,true
0x2cc8aec211fdc372c0f7e4d1add1675733381328,36301.835633804686949588,true
0x980998e39d29dc5a92e7403fc9cd47e68b63ad5f,34519.435233194009924773,true
0x5d98f8d269c94b746a5c3c2946634dcfc75e5e60,28532.406789944259799086,true
0x9c10672cee058fd658103d90872fe431bb6c0afa,22684.891486640626681037,false
0xd0aa1b9d0cd06cafa6af5c1af272be88c38aa831,21867.244104213248647284,false
0xbdcbe92befbf36d63ec547bba5842997d77dc841,21112.336481979764357675,true
0x10742714f33f3d804e3fa489618b5c3ca12a6df7,19699.204993956445832737,true
0x41239fb65360981316fcb4a8548320d305f9496d,19194.459171816382877296,true
0x51d191950353bdf1d6361e9264a49bf93f6abd4a,18628.528771107939974172,true
0x4ff088ac5422f994486663ff903b040692797168,17982.816409187005774584,false
0xd7775cf383481512c62e030e42e51ab7ec2adaee,16646.320189021647820482,false
0xb120a72a9264e90092e8197c0fabd210c18bc5be,15820.867965879326220602,true
0x13364c017b282fb033107b3c0ccbf762332aceba,13336.130646776042340207,true
0x43793ab4a56e5d4c263e6320d59072e01819b6c9,12026.7821174718956172,true
0x6c06d3246fbb77c4ad75480e03d2a0a8eaf68121,11850.139991533173088101,true
0x0bed8295866b81b80f9aff874455b82a887e185a,10176.392058044439181685,true
0x5be44e23041e93cdf9bcd5a0968524e104e38ae1,9745.63409299309932976,true
0x5ea1b47194b98044fca8a187237d9704c91478ca,8455.210978104592868476,true
0x75fbf65a3dfe93545c9768f163e59a02daf08d36,8282.055729072450048989,true
0x9727b492c4af6c4a8caf4cc1ba6fbb332206d794,8261.101988548080043984,true
0xd93e0a15511935889aec76f79d54dff0e27af82e,7606.935359903634889633,true
0xd21ee13175e0cf56876e76b0fa4003cd19e9ad2e,7395.767471235227276338,true
0x22a48674a6fdf9335d89b6dbc05c38e2dc181475,6830.681623214657520293,true
0xe0a4a877cd0a07da7c08dffebc2546a4713147f2,6468.983477105951351405,false
0x22ae24c2d1f489906266609d14c4c0387909a38a,4856.998055261317858822,false
0x6e07be22f953f716ac2e17bae1a4de3baa3a64b4,4112.316767782808710763,true
0xd84781e1a9b74d71ea76cda8bb9f30893bfd00d1,4024.456056460080617398,false
0x3844e08175d5cc0525975c32d607717ddc8ae47e,1771.368901606576173435,false
0x5ee7da5c64150b68131692c227192fb28a240e52,743.340389249856343667,false
0x07cf42f48b6c668bdac50fee95ac0bbfe88ac6e1,721.604403266285771679,false
0x353a5c6ca8473212430c6dbb853dd65bb6e00c3d,657.395182072700663412,false
0x2ea19c3ba9d17dd14c1d10ec818d011d2a05924e,610.007599456921866476,false
0x76a65814b6e0fa5a3598ef6503fa1d990ec0e61a,508.971710315161885774,false
0x001ffe939761eea3f37dd2223bd08401a3848bf3,387.984112735999360666,false
0xf4e8ef0763bcb2b1af693f5970a00050a6ac7e1b,377.95285674238982665,false
0x9aa1a6f29434f773392487408fca0608a6fc48f6,329.980027669152320868,false
0xa5e37e0ba14655e92deff29f32adbc7d09b8a2cf,306.123281629504560897,false
0xcb69ffc06d3c218472c50ee25f5a1d3ca9650c44,252.86677788404691114,false
0xd8fda6c264ed4a674539ea3883951a16ad36b9a8,225.015286770979116682,false
0x16a72bdb3017196825bc53809b87f96fbee31f6c,194.292171712102259562,false
0x808be72cea7310f1817759be52381fe116b792b3,183.797165025828149965,false
0x3e2b450c0c499d8301146367680e067cd009db93,143.091598684085852256,false
0xf63b84aaa39c4406ebf2d1e3d6acb1fb51f19dbd,141.290622888967590143,false
0x1d5919ebdc911ea2f3b9f6cdc6f8df8010b36541,135.582409596696550125,false
0x481efb669b423cfaffa49890205427dea9b3d693,121.288842732679313485,false
0x20dbd489c47830e30cf2ce17aee7d94251db7040,120.993735194766372842,false
0xa05f25ea504d39c524427cca2beb52e597c3a98b,93.235499239235807067,false
0xf761ab303471382f3ec54553b32bd52bedaf6e19,81.079223820874474882,false
0x9e14de5cc84e437518c2c303c88570fe13f0ad15,75.320068641008347754,false
0xe2d52eba234654a179425ad69594d8ef5574ad5b,59.716833558044882579,false
0xb8babb6744a31a19754cc0c06bcbc35fc6ead75d,57.295000000000001705,false
0x86c5a8231712cc8aaa23409b5ad315f304c09531,46.147784122576034349,false
0x24493f01910158bce088e2dbc1458b57cf274974,40.001653748374920383,false
0x8ad00ef5a4323ae2a5501c3baba3788547c6dd1c,36.643490996467406262,false
0x78a5a644801f7f62b91f26032bc1b7976a4f6790,35.016275036958155908,false
0xb116a669165616872e014a1b90a25ca41c3825ad,34.41562001667418258,false
0x6aa8f3075406015aa66057b34ae0073777025a93,32.222272064836396055,false
0x00803b76dc924ceabf4380a6f9edc2ddd3c90f38,30.761312376969300431,false
0x89ebf68a825d50ad10c02d721d980012799bfd79,30.42822233078938865,false
0x5b5079b69a3f8dc07ca05ee301e39a08a002def3,26.01866163988941949,false
0x03c4fec28fd17601dba4d06b1b256b6677e85a3b,24.227869737495556279,false
0x5547b010bb3a14f18d585a5983f7cfb194f0cc50,24.206099999999999284,false
0xb154a6e3dfaeb5cc34feda596e470426a578de01,20.201763084087357214,false
0x96ceb81030b9e494822e8be60277e196e6520dbf,20.014307568881232413,false
0x3aeae83f08843aa3219f795b333a1bb9df564400,19.223512164972056837,false
0xbd91c9df3c30f0e43b19b1dd05888cf9b647b781,16.20112840516513586,false
0x37060e89c7d53f5307ea708919af91d3b0cbb0e5,15.577608025168792949,false
0x5ccdfa9d9adef6b2960a3fdb29c5f29ad9f6f5f3,12.347584499999999963,false
0x41f40bc57484cf5728ddce64c1d2390111ba3bd9,11,false
0x6e76031789b1f39613a5840614f172a5a9b8af74,10,false
0xe7dfd92ecf05f841166673b64efdf261af66a0be,5.138975840629092851,false
0x5056136120eee464299cd8a607f43a442bdcd42b,4.971406373797243816,false
0x6e7f1b8fd0cd212ae180b5b6ae50f3a29f7a1d3b,4.572457608365665394,false
0xb1e6eb71b36d0817723631f25124ce0a828b054e,4.130758189391475099,false
0x8d3803ecfe86afbb25899a806b46714914b0a4b5,3.883881636274180149,false
0x9e48d670d2bd7300796caa6c05e3d2cc41b8cb9c,3.098544442318307279,false
0xe3dd93281188d27762dc4d91fc90391c5210cd1d,3.036447705601891478,false
0x0336ca20f025b8f1280e98c5cbed71726776d715,3.000817880897900913,false
0x54b10be1ff6ec8b962899f562bd67b6479104074,3,false
0x8dd6da7f398982cffb30a04644f57e8581c54f18,2.915813407834050963,false
0x1553f6db42af4fbd235779fa3c378780bfaaac3f,2.593238255300394979,false
0x6eda4cdd7d0ccde953f8f58aa2495fe749e44e79,2.223231658246871856,false
0x8bd300d0af73176990ce32cca508dba2618eb47c,1.492494700232118054,false
0x1ced4e5575e4d5ab2950f95aed84366cfbfe0965,1.234004917546523306,false
0xb9ef631f4acff1e24aecec4b895bc190f1c26cf1,1.222013592553039318,false
0x1a196b031ea1a74a53ecbe6148772648e02f9d51,1.220165102809990243,false
0x0578dc805055e2471f6d2d024ff329b1eac3ae20,1.041116614003650742,false
0x532ff8bdfa1a73e9da8ec2c8e694587f826bc247,0.920881516299975278,false
0xfc9122f12b23d89a33f7e073072b9bf60aab3fa4,0.596121437741326643,false
0x0d5a6601942bf92e7b259bfc6b56009e6a1c0ad2,0.549169525008151416,false
0xaafb1483c63fee231266639421dfc5bfa7970384,0.500677231366028042,false
0x358f23608873a95e7b8b76a1ffbb66336b17e832,0.405000000000000027,false
0xd833da5694e32f56fd9286a33f2b1d9b5eb2ddff,0.349999999999999978,false
0x559edd969453a569b53178ad30114a87f3c42b8f,0.230636995765560127,false
0x3d08c04133aeb7494180ab3711cbededbf338071,0.200000000000000011,false
0x3018741c62246bf56f6ed6142f2527acab34524c,0.194232503222106112,false
0x2cd168f9d4aac1f9e396a0daf4ea554c89bc1f77,0.142489989011142071,false
0xa7746c57f29994e11c1f7fb84069b12222efd8ba,0.050000000000000003,false
0x08f10d03a0cf7a9eaddc7eacd4cf135a07a0feff,0.041038545909027752,false
0x74ba897f65f04008d8eff364efcc54b0a20e17eb,0.030107830902544021,false
0x35a7931d04632a77e4e3040549156f17d1d2bd1e,0.01518790174008855,false
0x48d1eef15c644dab4f40784e39d2edf7316ef0d6,0.013614302740343811,false
0xdc6b9eac6390ddd16a421e4d6ff114531de1aad0,0.010873150201578361,false
0xf7da517712844b47febe9973fb7712691fdf6e28,0.010358559255557412,false
0x0f3ae6ceb723b192b28f413b4fb24ec75e0faad9,0.010355583937198067,false
0x3640969c6dc1736e343bd3e8a363a7d51d6a8952,0.006216036579384176,false
0xf21f8af7dc0d5a4692cdf0fe566347f5d763ca83,0.001826836446350075,false
0x2330535ccfa87091fe934abaf8798f5cc3976608,0.000293497460145106,false
0x25fa0e2b1cd178e9ba706721313cc7cab315f520,0.000000000000075353,false
0x731808ad8b1c3d13e8972db838ada5fc6ae3c2c8,0.000000000000000421,false
0x19a946d42be53c134e929a6936aecbdd9adf63a0,0.000000000000000199,false
0xf8fb0aef25b850dc8d8aeead92eb64a3010795a0,0.000000000000000092,false
0xdbadf760352fc27b9a0908633fbb404e7698cb55,0.000000000000000058,false
0x881bc746cbb258ae3f3351b748fae04c400dd225,0.000000000000000053,false
0x0074780feff1fd0277fad6ccdb5a29908df6051f,0.00000000000000005,false
0x77543034d85ca10942685289e374a67e21a0f531,0.000000000000000047,false
0xd66e5c00725e0d87d57172191ebd5e865fd71cff,0.000000000000000041,false
0x3302b007cb36bb18d6c92de07b0acdf50535da6a,0.000000000000000033,false
0xe07f09ba3b9bf92ee84be10d4bf7b33e67385a55,0.000000000000000027,false
0xa408138c3c75c927b8614a24a39de02ffd71405f,0.000000000000000025,false
0x24a198994ffc45f50db81670724a7b4506f6670f,0.000000000000000024,false
0x50fa6bb31f13fd60d9005178f2aafa98a5e75327,0.000000000000000017,false
0xdc434f1b2477b0e05708e69fc03caadc0c60c088,0.000000000000000009,false
0xbe9a8b21353ea73794553c154c6c9a06823fcd11,0.000000000000000008,false
0x432e26fc08f236c78fd237882018a95b4c0a3d2a,0.000000000000000007,false
0xb08faed4db58e38f4e4f102947edbbd806c9ad30,0.000000000000000005,false
0xb3ec176da90524ae3ea530caca4d8afc84f10c09,0.000000000000000005,false
0x04c670b89907d9740c2f8683e397096d040b0682,0.000000000000000004,false
0xa487a3b6010ce6f1c45b5cc520c449f04c73516d,0.000000000000000004,false
0x929721f41f2b3f7f88595e21b5ca1795fa3df0a5,0.000000000000000003,false
0xbea1956531ebffd79b6c7a41fe88480cbcff4f2b,0.000000000000000003,false
0xbfedd5decda4020bf5d6e897676273581207b731,0.000000000000000003,false
0xa7c3be4eb0268dcbefbd30d8f7ac8f1a57468032,0.000000000000000002,false
0x0737c85d517d0734316fcd044d6d017d00862932,0.000000000000000001,false
0x2d77dcf4cc1efc97646df76acf17f1ecfe0f8f81,0.000000000000000001,false
0x2f350d054c82fd2ddc5e0e7266f0cbe014314f84,0.000000000000000001,false
0x750fc601b63554a0d5636f11dbbf8e66a3166889,0.000000000000000001,false
0x9cb6437db7aa79a06538851f5978a8dc52eb530d,0.000000000000000001,false
0x9dd7fa505c8ace720003a64e915631d5a112f588,0.000000000000000001,false
0xbf5393a993ae9dc99bd1dec5f4b7de9abd155f8b,0.000000000000000001,false
0xc2440b47ce4c36292daa95907166cda369c2a83d,0.000000000000000001,false
0xdc077ae36a51f73fe08c685bd6ae51934a5235f2,0.000000000000000001,false
0xfacd18daa4d34502d5ad0822b5638ba23e124dcd,0.000000000000000001,false
