address,balance,rank,share,token
5eosrve6LktMZgVNszYzebgmmC7BjLK8NoWyRQtcmGTF,209422037.506511658430099487,1,0.213540,JTO
5SybwTvGno6SBApbGinXyLqhnPzs47aaBG4PShyPT8ey,70288940.662379994988441467,2,0.071671,JTO
ESnLXehGeReTRw3WxxEZwB4u2C9gAe8dMbob8Q4gm9Yg,47694698.127680785953998566,3,0.048632,JTO
7r5xFtcJZpc8vtzBCc1S9ooR2xadHt1jcT8HiH23a1x1,43039504.660028018057346344,4,0.043886,JTO
MbzL6v1mDkF8QW6r9TJKV6eaiYSf6MNtpVei2ciFQHN,27517281.000000000000000000,5,0.028058,JTO
FQnVcnwEXREJ3D4j7LzNGzCiMUVVqxkGEqZ2KffRY8ud,20000000.030299998819828033,6,0.020393,JTO
CsWayfMjUmFU4Cbndn1QyciPhfNgirRJGPkS2h2LSUyK,20000000.000000000000000000,7,0.020393,JTO
Ad5i15ft4QwmXMvJ721WQdCZwwinMr5X5bmPkfEQhT31,20000000.000000000000000000,8,0.020393,JTO
3dguv2qss6GjmUEnJsddxkR9q5Zoem1sjoSk1jpXFPsz,19999999.000000000000000000,9,0.020393,JTO
jjCAwuuNpJCNMLAanpwgJZ6cdXzLPXe2GfD6TaDQBXt,19788036.521275203675031662,10,0.020177,JTO
3mv8hXktfpgCgK2W2jwRKdwDkw2UaYVJcVDozWmgv1uA,18615525.110001001507043839,11,0.018982,JTO
8sjM83a4u2M8YZYshLGKzYxh1VHFfbgtaytwaoEg4bUJ,18378779.000000000000000000,12,0.018740,JTO
9xSi6onCqhLuXTgodd5wB7EXv2WwuYPZyZwDyruGKL6v,15000000.000000000000000000,13,0.015295,JTO
9WzDXwBbmkg8ZTbNMqUxvQRAyrZzDsGYdLVL9zYtAWWM,12425270.515000000596046448,14,0.012670,JTO
6xGe9H7hbaXn6cu26fizNCvoUoTRxVapUQ61p5B9fM3N,12000000.000000000000000000,15,0.012236,JTO
2RFu5Vp4uzECctKfTi7twpSLyFkBUg8erCmHZ8ay1Dvv,11123913.899262659251689911,16,0.011343,JTO
6pVyMqt1j4Dvq9sB781Sp6uBBFzshGTgRA8K4zDPhskp,10926050.631511725485324860,17,0.011141,JTO
4TgumWudhhXpkD5cAyhXkk56hUaaVVT82PEXoyGX3iRQ,10609990.860274199396371841,18,0.010819,JTO
5tzFkiKscXHK5ZXCGbXZxdw7gTjjD1mBwuoFbhUvuAi9,10500510.315215490758419037,19,0.010707,JTO
9KDAbB9d2p4AQhWv35R6LKbUZufbngXSMyrPzkFeZz8B,9450060.076677152886986732,20,0.009636,JTO
BTD4Rmf8mQdEMcMGRGrFhuUvpnZVdCAxfhRQpVC98YcK,7565172.397583116777241230,21,0.007714,JTO
H1PmsLv5ScWq67eTa7XJWZLzT8aQ5VfET5ackzDBi34v,7142857.000000000000000000,22,0.007283,JTO
FqrTq3Da6SkAuqtYhbL3MpiH2yPLvYMfqoiVngmtphwo,6489120.100100002251565456,23,0.006617,JTO
6GdKDNs1oRjupkUBgKyNMvdnrTafruHtDSgedeJtTnLL,6000000.000000000000000000,24,0.006118,JTO
9TwDYXWMrknd5Vgjifn529Ka9cj8Fjo5nMtv1NvYHmWH,5729157.424625770188868046,25,0.005842,JTO
D7CXiNER6EMQnTyhwkqeqQf4rLK5umaheRQrWkMLA7KV,5139439.778836028650403023,26,0.005240,JTO
4232Lk7SeaRauboCzwvriK9qgjxzN5gSTXTvtJSsEips,5060144.446782173588871956,27,0.005160,JTO
4MsHqB2vuTYfvxdppGyy9pfsTWiiug2Gh8pMdeZhDaYg,5054798.205260281451046467,28,0.005154,JTO
5wQULuzRkYe4KAttSD1L1fuxavjepcMn1PycNMmPchna,5000000.000000798143446445,29,0.005098,JTO
9QmDwUHGfgjBiGWFF7k4JHoEZoF43d3gUNcKVkPyexxk,4839933.716860000044107437,30,0.004935,JTO
FgytmdreGUUckPorht62st4EqM5mkczAx49jLapfhAUx,4819537.716860000044107437,31,0.004914,JTO
8Mm46CsqxiyAputDUp2cXHg41HE3BfynTeMBDwzrMZQH,4690331.041810624301433563,32,0.004783,JTO
7qrn6jMC5kJmRaSkfcqLVeqwEXjgtdTvBcPwwWSUiArd,4651164.653500000014901161,33,0.004743,JTO
BNgP6uy3uzo1NZCFRgcAzJodrUidsTbBZ3gE35oE6Ey3,4575513.486368340440094471,34,0.004665,JTO
5LZkATrLwHYCQj2YuVbjjgsDZzBk6YfL4pFQRJmtboT2,4564755.420050005428493023,35,0.004655,JTO
CG7zgxQCJqkknc53GXJNAka7S9u2hQTeNFqhfcjRpNE2,4498569.150147990323603153,36,0.004587,JTO
BbWbNAEdK1jXwdQ8tPixSU3Kr22vF7UDPmXrfsqBt5HH,4433582.845913503319025040,37,0.004521,JTO
5aSGmsYkVNapCQb4dfHfGJyE19gG54fqHk5TfF9VqNGX,4411764.000000000000000000,38,0.004499,JTO
8PYxeLVbb3dTNc9DhvF9SBtZGFVVwvUSD2WCs6zSp3ZS,4349917.000000000000000000,39,0.004435,JTO
G5wfc2GqifihKEgDGrKP2PPJKLJz9vZ716KRqx9vsMt8,4320881.000000000000000000,40,0.004406,JTO
8jniGubbJHAikSy9e1Vmp8kzuq9pU5hHB7nRryMpRU6W,4303498.904900000430643559,41,0.004388,JTO
9U25FauueoTQQhvfQg7nM76YdVkZJLk9TYmvfauwykZg,4297983.000000000000000000,42,0.004382,JTO
95E8vHCbnK2uKVBTRK7wNM5qq495MnJrU8eMX8Vw2e1j,4290948.000000000000000000,43,0.004375,JTO
6ppcEKtv1nyLguYntYhqPq7Umn4XTbio8dvmAkvvhibq,4288416.000000000000000000,44,0.004373,JTO
5858RV8ytft62exXYmJQm24tZUqvpvURww4t1LyU8BAF,4200045.000000000000000000,45,0.004283,JTO
HBS2xykTebEvWmuoo6R7ovVML67A4E1DyjMccXpLY1HT,4030010.000000000000000000,46,0.004109,JTO
FLKgWbg76Rz5Rf1TPg7a4Vb4FbXxjuB9vDVKb5Tm5FXg,4013520.000000000000000000,47,0.004092,JTO
3BSjYTJkJBPS7oLEiUn4SSZEz9b2Lqa981UB15k7Zwzc,3984073.008516447152942419,48,0.004062,JTO
7ZWDZ5oPs1yh6g31GEp2Di27qpUjQ8UZqnJa668zkMVy,3924461.628416882827877998,49,0.004002,JTO
GCP3Zprk1ZEkTZRSLiKXfCZDZYPJckbQmQejsXRLuBH8,3911359.859879599884152412,50,0.003988,JTO
6Qxpk4Vhhfjd6yMmiCcWo38h2irEcMyemLjDbtjXRR2Z,3834936.451141618192195892,51,0.003910,JTO
2QcpjoTCEC7GfEMESAzJiqyQaX3N9TkYpL9YL5H7p87f,3666667.000000000000000000,52,0.003739,JTO
5Ygq4o4saZmAspehXfxTNBDQWEVnuCVKSD1wjm3R2HYp,3478325.000000000000000000,53,0.003547,JTO
3JctPwPAWDD6bAuJSUtWp9UGzW3DEbTdEzrJfvvgR6Xo,3419534.000000000000000000,54,0.003487,JTO
5E2d6Z5FRe4584RTmJpyjg8yRtHG1YeorKbFSA1BpkPq,3219684.291000000201165676,55,0.003283,JTO
8vcGVQaHahyzxdzVGVgEU7N1TNYH4J4EGfqr3AtCJaVC,3187192.000000001862645149,56,0.003250,JTO
322a1eBnHH9FD85K4HCDLjj6pAGs3kSEzJQJfgYP1Vvn,3079886.000099999830126762,57,0.003140,JTO
2EN9Vp3PnrZbsrqEuUvmf1j9nJeSjQQ7Jaj1EvdmQSWn,3012581.000000000000000000,58,0.003072,JTO
DbQ4ZXKQWh5vnxzfbcqKMdy1nniQXmdsjYJ61TR7bC4K,3000000.000000000000000000,59,0.003059,JTO
7s8aYhCsXDeLMiK5ks1SX6Ub3fyeXGN4PzVr26YudzL6,2915416.000000000000000000,60,0.002973,JTO
A5rWJYBSwRw2gSXVovzBtDtDE8bTyQYYTtGa5eMwk95i,2911224.000000000000000000,61,0.002968,JTO
FkvMoCN53HFuEinyKkQAYRw9Pgc8pj9boFLWH3vqAssY,2852114.000000000000000000,62,0.002908,JTO
6Yy85HhnwxFrgKtZRk4ixGpFGZyPssYnnoDBadcEtsuV,2812246.000000000000000000,63,0.002868,JTO
3sH5mUo41nsELRhCogwwXgEPcKGGtqQRu3nq5m3eAB1H,2733643.246375749818980694,64,0.002787,JTO
Db2NFMb9mk7AQCrLG5aavEwgYGFBDDMP41GqQSRa1g4N,2721985.000100001227110624,65,0.002776,JTO
6LY1JzAFVZsP2a2xKrtU6znQMQ5h4i7tocWdgrkZzkzF,2674390.718273192178457975,66,0.002727,JTO
J9Be3Pvn6Giy9SiPyh7TFw57fcBi2zPAoaGmfrdRRMW9,2629401.000000000000000000,67,0.002681,JTO
4pnjGmZQRmU3WnHiTDnre4qMSMAwFan4p8GawvCaMfDp,2500000.000100001227110624,68,0.002549,JTO
CSM5ud7YRZ5pdMGm5L8U9Rgoh6h7sUUR1JyfhemfE3vN,2328547.127142854966223240,69,0.002374,JTO
CBEADkb8TZAXHjVE3zwad4L995GZE7rJcacJ7asebkVG,2312193.220000012777745724,70,0.002358,JTO
BmJvUzoiiNBRx3v2Gqsix9WvVtw8FaztrfBHQyqpMbTd,2267318.946086653973907232,71,0.002312,JTO
2urXukici8XHgF89Mc8oc5UR9D737Zb6P7qMzXUUnVx7,2249848.000000002793967724,72,0.002294,JTO
E2RvJg2myWpKcbkhBuF81gfhYr6KvmNcDbSmr5qnatYy,2118894.201127000153064728,73,0.002161,JTO
E6KBP5nhuJZnNcGJwDdbk6mNyQZWWyEzR3PBu6HegFsV,2116826.697413108777254820,74,0.002158,JTO
C68a6RCGLiPskbPYtAcsCjhG8tfTWYcoB4JjCrXFdqyo,2089592.549383609090000391,75,0.002131,JTO
Aw5ZurG7jj9kLmsZdMwtAxhpZyE3ySUKJAzpTZqtBD48,2066464.750000000000000000,76,0.002107,JTO
HcJXyj8uKwMMHryx4NN8DsErTAHzNp1DrqmD1ATgmmoQ,2033598.000000000000000000,77,0.002074,JTO
3LzmBquLMap6ak2ofyeDbH99VhJ84k336RJzkLBwq3b1,2012032.366595000028610229,78,0.002052,JTO
FafvuuKWmsxw51Q8nWvLer3QwpesGL9NRmSWGED1UDHy,2000000.000000000000000000,79,0.002039,JTO
ELJ38eD51r5br277R1K8wA4U81AKN2p56BtF3kbR3Wdp,1928066.921714894939213991,80,0.001966,JTO
4DPxYoJ5DgjvXPUtZdT3CYUZ3EEbSPj4zMNEVFJTd1Ts,1800233.402479999931529164,81,0.001836,JTO
7hErGqcSskb7zHjSQomjgcjQQ1v1wq6DhWU6FQPobAH4,1780560.768947246018797159,82,0.001816,JTO
9zMgdpCsUUGShob3WvN5PBSGGkBajd1A9QPMPTWDAPPQ,1764705.879999999888241291,83,0.001799,JTO
7DavXvkMJdySU4gUgd6PY7E2G73cGe5CL8itDKsajLeB,1764705.000000000000000000,84,0.001799,JTO
H2b4f2fGSKFortxwzrMZBnYVfr2yrKVUakg4Md9be3Wv,1751248.260573311941698194,85,0.001786,JTO
BFw5nqyHCwvKqx9gi8pjXa6cjNaS8F5sowSBEFggD4iE,1750152.000000000000000000,86,0.001785,JTO
AVREtEgAn8XRVpbGruBLHdPtGjaLiE85Fathh5Hpxtmu,1742418.355067689903080463,87,0.001777,JTO
ABsoYTwRPBJEf55G7N8hVw7tQnDKBA6GkZCKBVrjTTcf,1741690.797822763910517097,88,0.001776,JTO
A77HErqtfN1hLLpvZ9pCtu66FEtM8BveoaKbbMoZ4RiR,1711585.676149537088349462,89,0.001745,JTO
EgRs45RzTSESWY6TqjUzwL94fMNkCy9A7Jrbz3LfUxV9,1700000.339285752037540078,90,0.001733,JTO
HVLoH3XAjYK7hEdqAqhGf3jZzG52km2ki2vkKh89KSWy,1685252.000000000000000000,91,0.001718,JTO
Do2egeoxwDWojcgnwRVCFoRVZbFmefDLrpXBHJT2LN8h,1644468.731323959073051810,92,0.001677,JTO
CNd4dCAzYcsRMV4KFjE16PzMGQV4UaB9cG3YFZExYjWK,1626063.050300003960728645,93,0.001658,JTO
667HfVsf12LsS41CLoPVTifCpRVtAKgvT9HM84tJKX6d,1603948.141739889979362488,94,0.001635,JTO
BEujf7dFe2RXvHQnYY2UTEruYxRS9JQL6tHvFC9xV4L3,1566137.457134016091004014,95,0.001597,JTO
945Ek7r4V2QyGT2S9WBBacgxc7pwCKNfPkZHkBjSejeN,1556384.646575394086539745,96,0.001587,JTO
6tkyU9kVTX2KnufkQh4upRzREjPFUvqYkomy3a6Mw1jz,1554927.670506854075938463,97,0.001586,JTO
4TLsFvyycdtqBoYrU1QBF3FTph9p8ZdE8SziJc25Jurr,1521471.250191488070413470,98,0.001551,JTO
H2358vTk4F7TscwG6nutoGZxQD8DK8hPSipKeL1osDvR,1480752.590578099014237523,99,0.001510,JTO
8ABCzoKH8nBrSVpWShG9jJ5X5mwGhen8UuK4f7Vpg5NC,1434848.886849382892251015,100,0.001463,JTO
6FdQxaYNkjMCvnzfpiZNeJPmuVc4GMvhquYDGiAsnQ4b,1425901.000000000000000000,101,0.001454,JTO
3Br6ovrb2DLmYTToQP8CND8RS5RifqCcfdxjpH63KHxo,1424827.000000000000000000,102,0.001453,JTO
4KTmW63zBF864cBfteizRiFCVXPRxhPM69moaFNB922G,1363052.978200000012293458,103,0.001390,JTO
B3aGbseg8gpMosQx3d4Qdo7rMTokNYTcMXXXdX9EtEVd,1327366.399999999906867743,104,0.001353,JTO
u6PJ8DtQuPFnfmwHbGFULQ4u4EgjDiyYKjVEsynXq2w,1315173.262782132020220160,105,0.001341,JTO
3MiJbsiE1GeEHYaYjEERrq6q2Mp4DaCyXBTYLgarfxxc,1290713.000000000000000000,106,0.001316,JTO
BQZzokMFGGRdUKscYSQZSdGAZ23HG2k8NgCer6dXZoEa,1272015.655137294903397560,107,0.001297,JTO
AVPKzX2QZ8E23SWR728yhMTnnqr9UjAZdgemfaE3qHg5,1249792.074999999953433871,108,0.001274,JTO
Gb7zgMgAjAGGsaHwCkaCorSciNb3XQNEq6fXE6PwZXdf,1200546.000000000000000000,109,0.001224,JTO
24bF2MJTAjqmDUaKHzemic5hkwVqzAbkhjTRCGcynMPT,1178812.383191169006749988,110,0.001202,JTO
Gr39xzQoJhmw4RaChF8WZf8NkPPQpnnpEiwEs3CqPgAD,1165399.000000000000000000,111,0.001188,JTO
9aEDa6dpVVx1kAB2WrntceV2tfzmxhuG3mtpvKKri2eK,1146316.543191911885514855,112,0.001169,JTO
FxswNqqy9k9ugX8nGxWT1nM2kSm6A2yTuFNH7EUkjQzS,1142857.000000000000000000,113,0.001165,JTO
BdpGwRjH57yNiMQfo8J1oYi1K2WLE1cbxPWDjSsjoEPS,1114612.810000000055879354,114,0.001137,JTO
HUJnn7c2WhSP4XtjcftZ9DoibPD22cxiPJUS7xKtabWv,1085227.797986462945118546,115,0.001107,JTO
EFE3j1pcSP1paUzA86zW7989ZjsFP2J7ginyUqo4ewqR,1068223.229661999968811870,116,0.001089,JTO
G2FiE1yn9N9ZJx5e1E2LxxMnHvb1H3hCuHLPfKJ98smA,1058864.891173559008166194,117,0.001080,JTO
AtNgME7ribDTqtZQcCL2xSBFL9NgHQsDFCj1TmxMpPtV,1057671.238005009014159441,118,0.001078,JTO
DnPQ7HeUDrfMRAKZ6ZqaV9GTjsd81Uhfj5dJNAr9BCj9,1044247.806632563006132841,119,0.001065,JTO
3riYqVATFbBNNEwRPmjxJDXea36dhzH5acrz6ojoQWGd,1044247.806632563006132841,120,0.001065,JTO
AoU9jcx7R2bXhqjK6ZztsjdZcALDh9DRJzd5dnAqVq4Q,1034251.199999999953433871,121,0.001055,JTO
2bfzWnrzZ8VTb11LvJsu1XJpa8SbCPap2iBPFgNtCnLP,1002241.054794550989754498,122,0.001022,JTO
Hs5SgWrnx66GNATRnNdPBpD6yDUQ1zxG3BEwyJAAw5SC,1000634.801917828037403524,123,0.001020,JTO
7GDLvwxMw37d3EhqKvcJW5D5M686XMrQ3XsQFPtgzZA8,1000000.000100000994279981,124,0.001020,JTO
9WMgfUUNF3z4iyP28wHhvK5a2UvvSP83Qwe9uAthZDX4,999999.000000000000000000,125,0.001020,JTO
6t3c6v6VQWSNzkikwb5KnPZuFU7JUHNCw6F1sG27rrxj,999999.000000000000000000,126,0.001020,JTO
D5dA8hgzrrrNYWXAb6TmdyURmP17fvtd99bPDAb1xAtr,993421.000000000000000000,127,0.001013,JTO
6U55FTbzZB4y2bY7GcrShSEVf9b9X74yxoD9tQGz4PuK,985341.000000000000000000,128,0.001005,JTO
72AxniG32842bNo2bcypHTiP52F32xypwYUZrVZbWqFi,974465.448729999945499003,129,0.000994,JTO
6ZTo2qnx5kCBeXx5K1PVhoEnn5nzKZZrD4NfLErFusV5,964753.103208999964408576,130,0.000984,JTO
JDFWJ5JtuNv8gfJt5z8JCpojRQmRJctT5e9aMXzT1wmf,926940.639274041983298957,131,0.000945,JTO
8wM44Ryv9DFCSfkgUnPEPgnsc53arT4cnmXL6LnnC4UW,924088.206776608945801854,132,0.000942,JTO
Div5WiVX5aCwQuquxnemHY92gWetrYJADoUVCoEsaizr,897083.978078998043201864,133,0.000915,JTO
3ZMHRP37uSfyj49RNTNEzdG29VSPzxUtF9G7RicpqwMn,891780.821922268019989133,134,0.000909,JTO
255Uro9Qz1NyQxCMFG7R7ZaLUbzvtSdPYLbhzXgWHpL4,864405.951411069021560252,135,0.000881,JTO
CaEQkZLsb3iZRkfK1WidzRrwYc5qrjdQprF1W1koWmqs,852490.000000000000000000,136,0.000869,JTO
GX9tT4x7bVbGMbvFWNnfsQdo5dkoouPjGoUWN9da8B2C,835638.650000000023283064,137,0.000852,JTO
7muKsqJwrWczBKE5ZNvApvdsku6ZVjaWT6w5ZbzbxrfY,830850.099999999976716936,138,0.000847,JTO
591jj644f83gpeccbDqyo7qGssLfCYALv5w9AA5pUrnr,813892.650000000023283064,139,0.000830,JTO
DkQPUtht99yjAgQNtLh2UnuEtU6j6gsw2WPrUdiujXje,813012.871092361048795283,140,0.000829,JTO
ASTyfSima4LLAdDgoFGkgqoKowG1LZFDr9fAQrg7iaJZ,799320.327452027006074786,141,0.000815,JTO
6C15iGHoKLqEKYMnCNUFB8SM18biqfNseZhM4BjvvcXv,749999.000000000000000000,142,0.000765,JTO
Bg2EoEgUngcVmfcaYq1f6EJ3EKaXz6MVmWgQJDuE7ji6,741004.334400000050663948,143,0.000756,JTO
78N2SykNGJ1sVoc14SNDTM3TnU9y1FtwsQXZvJ2Bk9Bq,714286.000000003026798368,144,0.000728,JTO
AGiAVqZiQrz32m1zKC5T4UfQKcDoGNG34sqSHSVNgwtv,710774.514229999971576035,145,0.000725,JTO
7obxFAtRCwAou8RN77812HcXTUbfT9UC8YwfjLwC7X86,708509.000248413998633623,146,0.000722,JTO
Hu26VoKAT6MPDL21nJRP3YDJ1VRUnpXoVEv41fFJ5niX,698170.001000000047497451,147,0.000712,JTO
2uPsqT8KsALmpfkQVtwq5hSxXkG9McVcFTN1yJtHXbZ7,689261.773767887032590806,148,0.000703,JTO
F49oDs7eoGTkoajCXTXmZS7JAQQcTaZ2VSciLiGM76J1,650424.000000000000000000,149,0.000663,JTO
BDcPjFZ1AueaBFRHXEPwUDLowYbo1dFm3x1FtEvmBBXi,640447.155280999955721200,150,0.000653,JTO
GP8EZWZoqtDW28tgsK5ymotZCyS83LzX7RNH7HczAhiM,638630.021921001956798136,151,0.000651,JTO
GohR5DusAUjWnFwsfEQeMpDZyyhbCXL23sYqC1REbhbN,638378.176393799018114805,152,0.000651,JTO
AQoSudSygoo2t6iu6A4csUn19d2G3k6dtuQ5Gwq1S2Yh,593514.483299999963492155,153,0.000605,JTO
Am8MAEorCMAKxphqjAz3Ff59NEwPm4W2eS3DQLi2B4hg,590452.442271032952703536,154,0.000602,JTO
3B7XAQrLoEMDEGvX8569F9GRb9PcXXocJmj5wvhhei9z,588435.836678919964469969,155,0.000600,JTO
GBrURzmtWujJRTA3Bkvo7ZgWuZYLMMwPCwre7BejJXnK,583799.127881500055082142,156,0.000595,JTO
J53fXmbmtjLjp5qLxbSyigR1mTydJkLsMfBrpKoEcTLX,566404.419966040994040668,157,0.000578,JTO
2UL8hbNaoErAYNePqgQYPP9yDCDRZGWbzKW4krLqkhNL,556752.345138496020808816,158,0.000568,JTO
8NQduutArgUquiL8MbqeGnsMWfu55S9NEP6Q4NFxjbTQ,505153.231052753981202841,159,0.000515,JTO
45jYWZNVM5nv8fmcD5r1uzoaaqSVoHsHUXSCK8ZZoU2F,500000.001847648003604263,160,0.000510,JTO
6zp2Ks9iLQVq8eVk5ArdcSuhvaxWzC6VzLt4dWze6Jko,489142.000000000000000000,161,0.000499,JTO
4sPqczzuf6BeR6upk5H9QyZjzW4CShHhfTNKGH1qpPLS,474496.963178471021819860,162,0.000484,JTO
BRUKFV3AWCfQp8dMHbjRGciF2zCEtz2HfnXcRaveRATB,474198.281281333998776972,163,0.000484,JTO
ByiAbN9MJhfQKGK5WJrfgko6XS88qqERQVRLWZTsvyTf,464167.390903581981547177,164,0.000473,JTO
8TWNcXvh9BXKdgNdRKGAfKzGUYsoVDMKUuAdbMYxCJEA,460023.662413740996271372,165,0.000469,JTO
4SVvLZaXgLtRfUoWdfSJQyvvWgZnJTsstTpqYoaYTWUq,452666.827671376988291740,166,0.000462,JTO
CEnLKCR7g9fxdsKxutNt221gPGY9qtoUFTDm3uqPx9e8,452054.000000000000000000,167,0.000461,JTO
7jzQekjqQT2ZYe7TAidjCzD1AJjJMneHKy1mVf1hChh7,438504.923241248994600028,168,0.000447,JTO
6BhBoBB47wSGjK5uzcGWNcTf2oNRPQNuv6GVdkNyj9PB,403747.989999999990686774,169,0.000412,JTO
EQbLcwc32seHXCvifJwkgjbxUH1aDPTZzyds2rvM6hd2,400000.000000000000000000,170,0.000408,JTO
HJBSuuuqJiygKmNnLSUjAhTWiQFcnBsaKHNgywBwUQT7,399897.020000000018626451,171,0.000408,JTO
8BVV1zhi5scEa4TkBQUarJvdmgtVikbKXrgt8RpPosqS,399472.232848116022069007,172,0.000407,JTO
22Wnk8PwyWZV7BfkZGJEKT9jGGdtvu7xY6EXeRh7zkBa,397698.419599756016395986,173,0.000406,JTO
6FEVkH17P9y8Q9aCkDdPcMDjvj7SVxrTETaYEm8f51Jy,394249.300397433980833739,174,0.000402,JTO
H8sMJSCQxfKiFTCfDR3DUMLPwcRbM61LGFJ8N4dK3WjS,392498.802106506016571075,175,0.000400,JTO
D89hHJT5Aqyx1trP6EnGY9jJUB3whgnq3aUvvCqedvzf,388575.065303848008625209,176,0.000396,JTO
FpwQQhQQoEaVu3WU2qZMfF1hx48YyfwsLoRgXG83E99Q,387069.914695313025731593,177,0.000395,JTO
FxmR1j3mDiPnyTT1mW4vX6drikupeTf4Tb7hEp4XCAb2,384981.677438442013226449,178,0.000393,JTO
Eaj9FZPJoGAEC5C4K561gmTmKsdx1Po8h7Bijwm9a9Zw,371182.289999999979045242,179,0.000378,JTO
5z7gxL5u4jCW9D6acu28LEw4RKTiBSG1EmXbtCX7efg2,369092.500000000000000000,180,0.000376,JTO
DPqsobysNf5iA9w7zrQM8HLzCKZEDMkZsWbiidsAt1xo,353355.220114053983706981,181,0.000360,JTO
GuWNHhLJm4gNa2uPtLSM9cEkt1tGUoaQEhuoQrroSGk1,349941.048609910998493433,182,0.000357,JTO
9E4fv9BsJ2BwkNBXDeUgpJYtrYPheMQWYFcxGYxDFshX,339373.586187780019827187,183,0.000346,JTO
2zFHfHrrERwHSXJncL3S8k1RGXw2Kn3r2ozbncUBNefU,336930.587998790026176721,184,0.000344,JTO
4X2JRnoH3hLFccVwMtTTQsTjCGUDr97yG9it2of5Gd7F,331774.813020745990797877,185,0.000338,JTO
EZ41WcMH3FmyWGV9WQaDLo5uo4ysVNdeAm1ZoTybxjsJ,300388.189735850028228015,186,0.000306,JTO
BoWNojfEKcSq1CE24jVX71neNHjqjMCBMiYBF1aiGLyP,300000.000000000000000000,187,0.000306,JTO
3Sj5jDoTexRqYCcLYoszu3MZAypidPmCh8jpcy2RLnpN,300000.000000000000000000,188,0.000306,JTO
F8jBtFFt6V2MJinfbDgJUyWgTPJtag7KsJXbpk2VXDXQ,297796.900628287985455245,189,0.000304,JTO
B2LpFhKdGvFSGWC8UgSBEvjfFbv9vKvqAoCpXKyPT89P,290751.981329699978232384,190,0.000296,JTO
9HsFJKqobLFZ6QLT7xXhS3ggDfSGTJPUh2Rfug4VFGWh,285682.569452620984520763,191,0.000291,JTO
Hh63WVKjtTsg3XL5MPpTHFFZZGBMaqfE1hjJiGM58sLx,280110.359339200018439442,192,0.000286,JTO
BmFdpraQhkiDQE6SnfG5omcA1VwzqfXrwtNYBwWTymy6,275499.647302030003629625,193,0.000281,JTO
Bdei77qNzjwbxw8M4UJCNZzrXzY76RBCugowcKH1Nab2,268218.224000000976957381,194,0.000273,JTO
CzSigUe8TFTPo7hwBqqS4ijH8fxGGhRww3qpmnfmVaWH,254399.864410000009229407,195,0.000259,JTO
CTueWsb948f6EVH1CuRVtTCpYne8ijpmuDKs3KUhPnn1,252698.829313399008242413,196,0.000258,JTO
99FYzcVLi3roohxbhj3yraCrpPpWYzcP1RKziJo2Ntfk,252157.841600000014295802,197,0.000257,JTO
GXcGmTxZhVakfZsNZadeizDqZ6WqFfr1o7Q8YXXjKPka,252067.443445304001215845,198,0.000257,JTO
82wRy8RmuFGHoGfB5ErEeHUBy5tTVw495g91X29p2ets,234168.904155905998777598,199,0.000239,JTO
4oWzF157eJa1ZRP4pKB5ryjydZnDLpsmC3t9XZQAWj9U,225535.549990902014542371,200,0.000230,JTO
CgXkmgh3aA5NtFatuRcvfQEgaVzq6ZUzdMdN9GX87UUV,218655.588808575004804879,201,0.000223,JTO
7YZ17fFa8hQPV7VMD5JbNMsrjVL48UwCYpDDswcT3SBg,218333.570112818997586146,202,0.000223,JTO
4rhmgHUee9r6zyAosmzTdcpLSE7YoUX7z5d9Swsrx8zg,216438.358246885996777564,203,0.000221,JTO
BeetRkwYTTQm5AHMn3aKdpHPGeSHz7v5jBUrD9v9czYk,202014.769988610991276801,204,0.000206,JTO
4xbJW2Wsh7wCtwwGx6fveDCrxQyNrYHGm6m82fVhHGEH,200093.949573626014171168,205,0.000204,JTO
7mkgEPHmyoijbx37w37oTh7cGtmX8GnLwNe1UB1D3j6n,200000.000999999989289790,206,0.000204,JTO
EteUeLSpwNa9nMRT5FPHBNjoynVgf6Pu1zSuV55pMbf9,200000.000000000000000000,207,0.000204,JTO
DMe3ddj7awSR3LFC64rjmCPexsrSv33QAxFoJux4vGH3,195377.862407392996829003,208,0.000199,JTO
BY4StcU9Y2BpgH8quZzorg31EGE4L1rjomN8FNsCBEcx,194805.584317892993567511,209,0.000199,JTO
8XczZeEmUpyvbYF6mbzFX2kTreAu9zLxygRqX4hCUBRv,188511.453277813998283818,210,0.000192,JTO
FTj3SbJuawWT42Wj2GWxmbqLXNpXFE4ypE1bN17Sh5J5,184843.280233695986680686,211,0.000188,JTO
N5mFWcyKcPMn6NqS49ewf77EW86HVLk9GoJZ7UvpGbe,184617.500000000000000000,212,0.000188,JTO
9GMqeLBpr9AWXxJpUPTFzdpw6MYGcCq63gkPwykUyEU9,183818.197944304993143305,213,0.000187,JTO
2h8JJq1kAsJvKYVrsEqwhQTcy99p465esHUFcJA94QY2,182554.047600060002878308,214,0.000186,JTO
9CKnC2kmqG9ZBtQXDfxR5H7Av7X878geV367DdYtybT4,180971.843893540004501119,215,0.000185,JTO
3eCq5SX86LCQzbTEctJEBc4tJ4iYcR8T2VB3ruNhxJVZ,179035.438948202994652092,216,0.000183,JTO
DFaCLpYmxvGuEcyGKc9QwtoR3fHHVUKPHkQ1ke3M6so,178571.000000000000000000,217,0.000182,JTO
BLaQuRW6JqoTRrHZtcummaBusDCLoVfTLaHoAAtBxP2Y,177985.272279839002294466,218,0.000181,JTO
FBMvJsx4bTJVLEza3Q1ESizRqshv6rQGyfZxyVvHTXK7,177903.777118791011162102,219,0.000181,JTO
2KCVaopSmMbjwaigNyjtMWyJ9bSNcLf6vg848M8bH5AX,175000.000000000000000000,220,0.000178,JTO
HFWv1riXSRJ3nVnnLZ9xi1K4r3zppRvcfVuiAGqAA8Y6,174129.043031159992096946,221,0.000178,JTO
CkG92Dt6euh1WhjLwWWNFjogYZjNDjLqXPyhkDtqocbU,170274.065075174992671236,222,0.000174,JTO
JCNCMFXo5M5qwUPg2Utu1u6YWp3MbygxqBsBeXXJfrw,168462.199852655001450330,223,0.000172,JTO
697TCwkNps9yRuq2AwttgVmQdcfF4xbqmq7iUrBUUi95,168408.865820773004088551,224,0.000172,JTO
3h3k2ELSti5UE8aGETgpzcjfV2rYUsqK9MUoj1uq6C2r,167579.230000000010477379,225,0.000171,JTO
3vxheE5C46XzK4XftziRhwAf8QAfipD7HXXWj25mgkom,166754.751522027014289051,226,0.000170,JTO
GCgYraxHgRCnJ7wkSNKFtsW6uPpfxjReMS5gJiYQswGw,165277.780159999994793907,227,0.000169,JTO
8axzpTxwT3wzprjXN1StgMVk3gAMWsd5Q5d4vPQHp2u6,163393.000000000000000000,228,0.000167,JTO
3LVQatKGkFWmf6TkBez6gCeWJ2Hu9pNR4WtkCcnwyEzH,155627.720710910012712702,229,0.000159,JTO
H13wk1NsagnoFDs3G6PiaCZCnd5k2UwsFosWXE5HUuVv,151811.588369089993648231,230,0.000155,JTO
CvhKvfMssk1QoLqDBJMvWPHHLaYMsXARjgcPdYn7tKKc,151759.457900000008521602,231,0.000155,JTO
4GC3a1RkRXx5shwGP8pTY6cxXgSWkbfc66vM53a6qSKj,149583.116440762009005994,232,0.000153,JTO
7L5HT76s4oEk1n637jmgZiEC2YCVyJ6uB5MXyeRRyede,149039.670268488000147045,233,0.000152,JTO
J9pm7akNvEz2VkBaLECk5J8hSj3tnrMrPDLHq9zcHDuN,146642.107906112010823563,234,0.000150,JTO
BeuEdo8pLrTXKkrn2QssYw7HT6SrTG1GMMot98McfDnM,145275.030489536991808563,235,0.000148,JTO
BZkhpWwJekAQiDXh3CCGxJq9M2DcELKN2ixst4sfKfxo,145000.000000000000000000,236,0.000148,JTO
5q3pyBUmoYsA71brB5jQBaDuEAnqbdfb31yPzHF1KiCo,141585.000999999989289790,237,0.000144,JTO
5y1eVKk8W8TqQuzzaTjjQ8vMNrYDfFDnTfeZAYGzHwBu,140901.480363940005190670,238,0.000144,JTO
7UhjbynicBP8rqcobwsAJDfRMjwgHSgdxcYNJmLwxfms,139877.124021499999798834,239,0.000143,JTO
Apmnmi1AnWFFyCATit9F9P17YWEqv37K1A4abqBHD87s,139199.500000000000000000,240,0.000142,JTO
68xi54PMCVq9vmqe7ESB1k1NRwfoQcBKWhnRwHmdzzkU,138817.000000000000000000,241,0.000142,JTO
88Thwht68UWBFqSiG1iiQCYgafQkA6wLrC1PyPwzv5gE,138480.011269540002103895,242,0.000141,JTO
ec7cNwmKnQeBa7J3AS9etU6yGRZt3aJApwdTXfKnJSV,138291.039096082007745281,243,0.000141,JTO
8mmvKNsCiUnUXZacDaMeoxA7PgtNiHqdsRDpBGPZyvST,137583.007230865012388676,244,0.000140,JTO
ELHj1Byjz286jmBt9zU6YXV3Rp5Qsx8bv1ErSwe8pc4m,137000.274999999994179234,245,0.000140,JTO
38xCLm9kSExfGU1GdyVuX4vop7SZns9kU2mQyTmmMdUP,136820.847125900996616110,246,0.000140,JTO
BbHG9GvPActFGogv3iNrpDAj4qpXr8t3jF16uGxXcKci,133370.539762545988196507,247,0.000136,JTO
7yNsV3MhcvmqTfDsZ914JDPdepJCJYNm3JdEY92xEzQm,129722.182000000000698492,248,0.000132,JTO
GjL8v3SYs2QSu5L9xVQ9zMyWroiGGWv9ek9Fz5ZwodW3,127984.000000000000000000,249,0.000131,JTO
Ec3wy754spJ2WyVkbhbsiU9SvDMphNGWNDyTBDCz8oHS,125056.189503810994210653,250,0.000128,JTO
CHoCJSgvySLud9RYvk7i8JeGbjxbGZpRZkPJ6bAK8rVX,122361.366861868998967111,251,0.000125,JTO
4VZUr2AYpiRNus4Kz9iYvJ2qqW4ym4GWC8xHRTf97csX,122240.843981559999519959,252,0.000125,JTO
FZ1t8TZtx7VSCQdBsxvFJiezj9paUBF6Ub7RKA2eTGyE,121124.389999999999417923,253,0.000124,JTO
DqRF6Jsmk9iJD6zcm5z65Tt4gvUi362Fw34TEEoBUXdn,120949.060375796005246229,254,0.000123,JTO
5DaMdrRz7WYhwu273VdKV4f81VkKS7vnRRcS8LDyyxYj,119472.786288326999056153,255,0.000122,JTO
9XzE7sDFgMHE2wyDMuhyA898o2uRrZd67ahfsmJYtqo2,117804.580000000001746230,256,0.000120,JTO
Bi3yTugybcR7D9HVQe5EMbReJ9fgtAF7Dk9rjTBtePcw,117525.905997569992905483,257,0.000120,JTO
G7R7r7q7e3LbCzTddrxKZ7yU9oBofpczbaMisBFgRt72,116353.416177980005159043,258,0.000119,JTO
H8hWtRKfcut2fLsU5EQK83xBaNiRX26hgYhK3rwo2tLM,113114.000000001993612386,259,0.000115,JTO
8rZhS8vVSTo1UsWmfr19d72VQD3gNLnPVqgDcYWMMYWC,109784.721461219000048004,260,0.000112,JTO
6btbLTV7F6hodaaPBxHrH5WcGpMDibseVnGU4ac2BAAX,109784.721461219000048004,261,0.000112,JTO
9ikRTLJtJAhms4pJHAQLAbWhZtZx99RHHQ6iuW4V1wz5,109784.721461219000048004,262,0.000112,JTO
BWoK8HsXcrfd7KxLJLfJ2ZmbKGEGC4acyc17b3MLwicH,109784.721461219000048004,263,0.000112,JTO
7G4zaXG9tGUSGXjhQsZHjLbsBRJ8xB9qFyuwQGMY1RQb,109784.721461219000048004,264,0.000112,JTO
BmCtvMiLiJyP7Z7pUffeHodC1GLKgU3AJ7DRWbi9JdqP,109784.721461219000048004,265,0.000112,JTO
BmfCT5i1Vo3vXeKgMJdvR8evBxdQKHeFrSc1SxX3mp4x,109784.721461219000048004,266,0.000112,JTO
9k7BeQyrXuo1HoNWuoRpeNdHA4h6NkqYS9Q2BSaJgZbf,109784.721461219000048004,267,0.000112,JTO
81xGAvJ27ZeRThU2JEfKAUeT4Fx6qCCd8WHZpujZbiiG,107017.951292154000839218,268,0.000109,JTO
FxW9dyetaim6b8K8SsWhWrs9vEQDyGFLMb3HWUvS4EPu,104476.081301023004925810,269,0.000107,JTO
61jYfjLM562gPrKmLoYyYycX9zqtgTFYawqDmAhrQSTf,103533.366400001003057696,270,0.000106,JTO
9vvJCR6NWU4XmYE9MhrMFWn2jfvr6H1YdoYuXQt9RFbt,103236.965287629995145835,271,0.000105,JTO
2Ejnns2Fd5gsZdFJbnkZmQEwbrgoiMc2ikKcS2z2Ps3e,102100.279107448994182050,272,0.000104,JTO
GL8T72PKygWaYrLKtSteN9UUvYYnuC8azNDunk4eaqqQ,100936.990000000005238689,273,0.000103,JTO
5SDrsMNTYdhmApjfqYHDvjoW92f2S42vcc7zNDVcQ9Ej,100675.102689053004723974,274,0.000103,JTO
HkN3y8qiemYu9rA9rArc1DK3LfaDx2PFDeAQMmjQDtB4,100000.000000000000000000,275,0.000102,JTO
A5yha6p2qbXVH1r5Ns6ye6mTePyb5942Qead4ghEw4sJ,100000.000000000000000000,276,0.000102,JTO
4zXApbaEnNCVq6Yz99maToCN16agceLkjWgDQVvTHSC2,100000.000000000000000000,277,0.000102,JTO
8d9FNC7AgKLTCPKNd3MMkLLXZYLmiYFYR3vfXMBNJVNx,97604.060932494001463056,278,0.000100,JTO
G2SKovvXy9C46jcitk96ivZ2k8vzVLUMMfdDRHfuEfVY,96154.000000000000000000,279,0.000098,JTO
NordEHiwa6wT5TCjdeWJzpsA7DSmWQPqfSS7m2b6cv3,96152.000000000000000000,280,0.000098,JTO
3kVEnHFmvcuSm6K8U4MyvhNGAt23xrHsUU38JPnCp6ic,94459.304285720005282201,281,0.000096,JTO
6gVV6PiRfAmCWBocCAASyvhFjihBakxjybFEjRbSoKvr,93831.047721662995172665,282,0.000096,JTO
9DrvZvyWh1HuAoZxvYWMvkf2XCzryCpGgHqrMjyDWpmo,93269.424080655997386202,283,0.000095,JTO
5f35fFq4sfn2quLsLY1FQWX5DTqFhvDG8NDWTtLqM7ta,88430.739345309004420415,284,0.000090,JTO
Da6stGVT84XeipdZ9hc7hWWF3fFGvY4hqHNnUqAPgX4n,88333.907433283995487727,285,0.000090,JTO
9ccGirm8MhWuPcnwFZyTc9PCr6WYfemEKXk3hzjciVdz,87684.952812639996409416,286,0.000089,JTO
AtasgC2e5X9fRiChjzVqEM34iJu2KbWojXAdMLwesA2z,86297.281668527997680940,287,0.000088,JTO
HaA2nRJsemgcGxsQ3JzV85PJDCGkA11pKBe1uGN4ASig,85985.093297287006862462,288,0.000088,JTO
Cso7i3czFUiBo7rW7r6T7riKSQRzV7CPBcaY2Q56eVSY,85982.870632969003054313,289,0.000088,JTO
EAMaDhs7V8Pb5jSmxmVGKKBqh8fWHefp1YBa9wzP5G1Q,85943.000000000000000000,290,0.000088,JTO
FV5ezNTeBA5zHsBbpePEe2PXQBscCGqGkpwiEbKVtcXK,84708.000000016007106751,291,0.000086,JTO
HzupuiSjJpag5ghDFNt5zrUKWtftVDCX8nQqZYYTnU1g,84057.872713146003661677,292,0.000086,JTO
ArALNUrnSuNBrBZgquqzeYvnUqB1z9a3Xs9KudPujiNM,83276.832922311004949734,293,0.000085,JTO
JVoPtWWDsRcLvQosu5fWc2CaNF6jEtJzbxdPtcEuvZo,81998.747453717005555518,294,0.000084,JTO
GXr4ZsRqGiYjPcCYKvXy8FJDzqHiWuV9GBY1R4z1Snbj,81656.667237999994540587,295,0.000083,JTO
DY4v61XYV7Tmf9YVWkxvFLUn3V3rccukz6Jewq7CgGCN,81408.920547638001153246,296,0.000083,JTO
ADqZYsW9SVZ6bCSGDqfBiPkfaZuQKGg79MA357otX8Ud,80950.780178804998286068,297,0.000083,JTO
4UVvSVdeth9mxpPe4nwwZseXPd2bqqDm4xVaJSve3DXw,80865.097525664998102002,298,0.000082,JTO
EhDyxGpEz9hryw6MwiBB7898WEzcoGTCAjVQMHbo6Q1M,80720.641719574996386655,299,0.000082,JTO
CAP1rrRt8doevtuqTriRhQfc9ZfM926eNdt8wL5REVnN,79740.261359288997482508,300,0.000081,JTO
F53Du89jgJUgYLim4RU7jjnQvC6MTMLQ3mQUArv2GYJg,79639.312181928005884402,301,0.000081,JTO
GxDDTT1zqgH2aNgdoyDvEgvHdsLq91JAExCTao7c5GT4,77967.000000000000000000,302,0.000080,JTO
BgEdFZCDAJEUQDDaJqsnUAWD38DAitsBnP5MURFUwevq,77103.101369533003889956,303,0.000079,JTO
nfU9ZVuvayHoDWtPcZrRGe4qXrRYGH74gvyC8iYwb4W,76443.841016609992948361,304,0.000078,JTO
2d9hHC2cBDtZaZ1hVsD783HokT94hvktLyDRj1NLqJ3t,76167.948979163003969006,305,0.000078,JTO
7xP433ZC8Q4y9DEtN7TmyaZZpCnBaKtWifivmShocym3,75343.890786153002409264,306,0.000077,JTO
7oUxc2MVn4LrcNqNidSF8whS1yQmJFJSZJBo758EDt8,75156.064489957003388554,307,0.000077,JTO
Dp9bLP19ddsQaebNycuLMxaf9TXS9gfW6NHAT2g9RDsz,75078.015859999999520369,308,0.000077,JTO
CGBhVmFinPKZvwcfLBJMSWukfRFT9aA3HvCHszxrGG8R,74854.779094219004036859,309,0.000076,JTO
HSJsgbKShyRxTpuYgdr1NC4akGSjWyYVDRTnniJdHQre,74369.491665690002264455,310,0.000076,JTO
5g7yNHyGLJ7fiQ9SN9mf47opDnMjc585kqXWt6d7aBWs,73813.850851869996404275,311,0.000075,JTO
J7TH21EUSN1xcaMBGf3cDj3wUZeevVa2WubpPNMNt75m,73316.848041015997296199,312,0.000075,JTO
49mvMufixEbUMzZEUVAnbQ8hLLuEWy789XfKUNTz7wCv,73207.795390311002847739,313,0.000075,JTO
EBvxjT6sJdL1XjTY3JCkSNYGEouSJCeEJxhrbfLc956F,71428.999999528998159803,314,0.000073,JTO
3LVfCzpoWp4zZoPRpoAswhEuNj3Qc3qBZHXBWHqNJX7X,71428.999999528998159803,315,0.000073,JTO
2KNsuxQbmfKmC6yFdaiqSoF8uPw8HcEotpRG3BBoZyYY,71302.506021488996339031,316,0.000073,JTO
4yqgcP2EvCyyE14Zd9H2jPFMK59q67YUz7bBnUcKcfVE,69099.162896156994975172,317,0.000070,JTO
2AxSZgFmYvZstJwWFGtGDVxVP2SrBLb8DkjVdo7phnMR,68145.462716940004611388,318,0.000069,JTO
32Gf81uTkGVDsQfNvAS6YnfwPVsQ91orV4bPCVrs86hQ,67836.748126199992839247,319,0.000069,JTO
8oSXNL2gPFrB73kREq527EBdnx7PYuAr7TfiEc4qteqR,67799.471334008994745091,320,0.000069,JTO
MfDuWeqSHEqTFVYZ7LoexgAK9dxk7cy4DFJWjWMGVWa,66878.471045144993695430,321,0.000068,JTO
4U38fbn1ptuLMYKEmEkBZGMr3KiQQThmdMsq4bfcLjGr,65752.898630266994587146,322,0.000067,JTO
4Rh8kfSmq6hAxgCMN45PnghEfmEFV9J6Q5BuGwKDh63a,65622.895890532992780209,323,0.000067,JTO
5xR6WZmRyLBfgjYAdbi2Lj67HBWXrKsFWd8QadF1wHou,65572.066300000005867332,324,0.000067,JTO
pezMQE3DZL6wHdG6JsXceetxecm6yXmR8VnPWdeCvbQ,64567.772866434002935421,325,0.000066,JTO
HDHifNWcCWkovBTUcVJCNBFGhHGshTsC22Nq6z9w5bDj,64484.401463973998033907,326,0.000066,JTO
C57RBagtGDYpTGxwG92gSKQ5ptQr4Wa9qz3yDBB6uu1B,64051.945537402003537863,327,0.000065,JTO
FGiEdzde7Fco2WLpNQMat299hUVoykJdaA5hxdmCzHiS,63298.310703171999193728,328,0.000065,JTO
PMXiMfwUkKvtNHcc1Z84bE3dLNUjxxLqt59RzKRe9uX,63023.252220287999080028,329,0.000064,JTO
5NDfYJaPK5xB5MoCbxCWXrVa1KqUTwuiD52c3yj1MpEX,62818.548802999997860752,330,0.000064,JTO
Cmcot2ren9ZrZuMQCUUhZAzmWXyZLVuwm8JeZQuxfmrF,62697.940477481002744753,331,0.000064,JTO
6WhcWe8WK5kGDoKef4fSMn3pkVUtgoVRDsFdi9aXB6Yf,62274.000004636000085156,332,0.000063,JTO
5qLEr7KGJLpzz56awcxiikrBYLDMjYDwN9tE6TMnes2R,62120.000100003999250475,333,0.000063,JTO
43aMsUQ6cFotJVGf3gLmUh4HYuxGPrsprTtN7CgUMJi1,61448.079452156001934782,334,0.000063,JTO
GEbmKGt7gDzKYG8c4V8xe6ue2NYh7dwPG2dAErzcRMWo,61000.000000000000000000,335,0.000062,JTO
4P4kEFxohJSAKawXK63JvRE6obYz5vUjJ8xX7swQ4DKW,60702.062464337999699637,336,0.000062,JTO
B7Z8vpLax2xuwMhioYMSyXbTUSpYUsHRGtp9RgubbzUR,60000.000000000000000000,337,0.000061,JTO
HhMw5FCH7iejxoWnxSqFDFH9yMKABzR4o99dpjVWYKVm,59735.586959496999043040,338,0.000061,JTO
HVRcXaCFyUFG7iZLm3T1Qn8ZGDMHj3P3BpezUfWfRf2x,59655.119248543996945955,339,0.000061,JTO
svj9UoSrX5kHjUQNwuGJfCpwQVkLTsggbmUvrKTqvhp,59339.667313999998441432,340,0.000061,JTO
7n84gquK7kMcvAJdSmo4M3PqTFu8nJnvrP7AwFwAeu86,59027.110000002998276614,341,0.000060,JTO
EC6kZz5eCfPbZH21qd2WPx3kbPPPp5aEdGpsgMFcL21y,58635.580646955997508485,342,0.000060,JTO
97sMdsuQEQYBMYLovtELQnwJpXGzQMDn497E3ZBQD1AW,58076.118785024998942390,343,0.000059,JTO
9PNzt5gKfxMXY3zwU8bmVq5QjmVkL1odgnPYwn9s4QKQ,57819.755441301997052506,344,0.000059,JTO
2tUQv4zbpzxLPKdP4Gqap86Q4dZajhfUrxjEaB4E4AhB,57665.055707692998112179,345,0.000059,JTO
Az3X8iDcAEJvz78vu4FW6Ns6BSKJAPRQvtWtdAY3qjaD,57507.213404519003233872,346,0.000059,JTO
AGVR5Ez6GXX3FBKP9km9MGpk9SjYuceWSCDCqXSpYvQU,56751.410958982000011019,347,0.000058,JTO
5VnnDb6r4i8aTw2iNTCiHt4DmbpKnPBZQHNp5QFA3pgs,56663.049238008003158029,348,0.000058,JTO
BTy2hSEm8vi1hvbg9yA1hrLQGSnqN3LyPntTuRz9VmYx,56594.000000000996806193,349,0.000058,JTO
6xfPFKnwv48XvxpFf4athewqGFvSTKQcMmfzYapgZ2sG,56346.727363598998636007,350,0.000057,JTO
6K6xas7DRqdY86MZe2vGLHftLXtReMSUmjUXSFnH3LLf,55292.199772389001736883,351,0.000056,JTO
eqtyXom33uFDNFVzdd8qkd9ZPZfHTDPkD8sEeAqom7K,55270.936328777002927382,352,0.000056,JTO
HXyGBgTK7PGGVzKpBvy9nt28cZMNys3i7Gd19SRS4y6k,55121.449999999997089617,353,0.000056,JTO
EWJH1tZ7i7FsZBZVYVXyTu1rAyYtxWSS9gv1MJaknxdU,54549.309999999997671694,354,0.000056,JTO
cQxKiefEr5rJvDJ67Ls4iGuHCwrocwTG8hTtfM9LnbE,53902.000000000000000000,355,0.000055,JTO
FD4qLAuqbVdf9gqH4pDncDzxY6nLDM52QXgaxU5FjoGE,53902.000000000000000000,356,0.000055,JTO
5mv2eYRCaw19ejZSGfoNttj9tSxo5ZTds47AheyK45qS,53054.067849876002583187,357,0.000054,JTO
4E1ZCy6SVQe9LZWy7kxnskxp2ELpxzkDWSiRMN97XUFh,52730.327334670997515786,358,0.000054,JTO
6J4id5yg8XMDKrSg8TNV8vvULEERRDx4DP7dyA8Z7ujm,52602.641095824998046737,359,0.000054,JTO
GfbrSKcSZ3ftMgz7c8TKvTJH9A8nYrsbZ5u2oubAEFPq,52072.768364132003625855,360,0.000053,JTO
AobVSwdW9BbpMdJvTqeCN4hPAmh4rHm7vwLnQ5ATSyrS,51678.501101004003430717,361,0.000053,JTO
73paLDX8yh3uX1N6dXRTeRgb4qkRCcDEXuoBE43sgSkt,50676.791830879999906756,362,0.000052,JTO
5y35RPa6gd2TnCJxYxfs9BkRxgeAiJUg2jP1EWRaYMyz,50034.080213749999529682,363,0.000051,JTO
AdGD1RPbrxyqEsKYskYSir9DYYr5xaLwFp5GM8izfJbk,50028.730701790998864453,364,0.000051,JTO
BzFqjn1DzXcAonfBfrgQ7kWGzMMUdDzKhn4aFvPNhoGM,49959.585400000003573950,365,0.000051,JTO
4fF3g87hTnQE8r93JT36rfhqHMPrDxCEQUCj5XSTjbce,49000.000000000000000000,366,0.000050,JTO
FBGwzwDSoAqmrbxaeU4opJYVn27f8KvgNbjky3rBbFqo,48782.459999999999126885,367,0.000050,JTO
EvtRGigc5caNjKiEGNQKAo5GK6fmekozR2kDyTd4obCM,48077.000000000000000000,368,0.000049,JTO
EmzVynZXGLGa2RpsMa4pShtptFpjeUVLJ2my3kaZLZYf,47878.860645079003006686,369,0.000049,JTO
CiTA2KpfFDnbEqxgWEUZt8hfCHp9GsEvmbpCgZCjvCzR,47847.222207500002696179,370,0.000049,JTO
43DbAvKxhXh1oSxkJSqGosNw3HpBnmsWiak6tB5wpecN,46690.221118930996453855,371,0.000048,JTO
2YxQCXt9spMwoQZiwFLwdjHtscVvXi4nmxCkQCD6Rvgg,45956.124287895996531006,372,0.000047,JTO
91HNWr1ufxRnW8BPKTD7oXRfw7cLQ7UsYGNZCXm3WKAd,45856.352021856997453142,373,0.000047,JTO
DMqc311YXap4DrUEz85hcHjSJJDzsxmRfJu3y5C2h6my,45589.471716011001262814,374,0.000046,JTO
4NyK1AdJBNbgaJ9EsKz3J4rfeHsuYdjkTPg3JaNdLeFw,45185.324681812999187969,375,0.000046,JTO
4v3SxVQKPD5M2EypcjjbYUPmk9VWGo3nE4TyfW4BcnTv,44977.172849816997768357,376,0.000046,JTO
7r8xAY796cRncEx9pcjHnrvCNxgrGJmf5Xq8zE5FCPpn,44862.000000000000000000,377,0.000046,JTO
4rvt7mV8hQxee3ZHe47eDjv8mD88GnEMLY8EQDYRJxP4,44224.989999999997962732,378,0.000045,JTO
28RWPC6XPxSxUVjd27KiNRtcHVxKtd6cjms7eBcxiqdV,43949.953012582001974806,379,0.000045,JTO
DSFWxvJjgvLbVqoQ1Zwoe1iVHhwFgrfSiF3ZK1h7nd1K,43807.357034284003020730,380,0.000045,JTO
CSEncqtqbmNRjve42sNnbs5cCSmrjUNsAEwc17XY2RCs,43508.316491313998994883,381,0.000044,JTO
6PM3HXuPS8rBSjkctz41fgM2VrcinbP5mFTF9S4qVnHu,43038.000000000000000000,382,0.000044,JTO
GvQy1MRaMGQW3tx46Af8d5U9TAmnmYHt9aXy3TGrtR5T,42500.000457392001408152,383,0.000043,JTO
1SFyF7PYG4d8YukLhkQPjLjv1vM5NEexyWtNKjyTrQr,40394.546887999997125007,384,0.000041,JTO
9hoB8uMQ9K9e7tCxNhxdNAth41rmhdmdNBav7f6buQyu,40185.737365000997669995,385,0.000041,JTO
5fo5n9wMtoHLvL8NmzkHTSjs73AQkMYjpyQRv5a8Emda,40184.748224328999640420,386,0.000041,JTO
EBTemdg4PPYaWCBmziW9gcAFXbtgUc6eVhPSNG4GnXAW,39621.940442296996479854,387,0.000040,JTO
2AQdpHJ2JpcEgPiATUXjQxA8QmafFegfQwSLWSprPicm,39549.834412322998105083,388,0.000040,JTO
9obNtb5GyUegcs3a1CbBkLuc5hEWynWfJC6gjz5uWQkE,39103.843937632998859044,389,0.000040,JTO
Fe7SEekiKygziaEGKxsDsgLVzrCfNvVBvAYsaJBwFA8s,38872.947193614003481343,390,0.000040,JTO
6eUQ9k4ToTwT6e3fKPnQiCYaGUQDfW9bgpV9oV7tZjSQ,38845.452967527002329007,391,0.000040,JTO
7s3fHFbz14P5CJsC2rkVwimbfWrvv41qmq25nhVtruFJ,38742.000000000000000000,392,0.000040,JTO
9UUq31VzemaijuhNBVq9YMZM87vfV4XmX5qKj1UakNy5,38373.018373152997810394,393,0.000039,JTO
Fgqe1jYNiq4HWLiGLMxSgU5Xra6xBAqxhRSJxPUt4JUE,38296.334207678999518976,394,0.000039,JTO
GTQkjUQiANk7WDzYuVU5RbV5FHbitLuzfvpFE39oPLGy,38225.663013684003090020,395,0.000039,JTO
2FYoMnoXdyniKifvup9MYEMHAWXoBjQ1JM8736N8erEP,37934.122910983001929708,396,0.000039,JTO
8tFtfaasgWhFQ7Lj51A8VfgnEn1megBdXRrnBvkiYMRV,37834.273972586001036689,397,0.000039,JTO
6awyHMshBGVjJ3ozdSJdyyDE1CTAXUwrpNMaRGMsb4sf,37709.123813523998251185,398,0.000038,JTO
CgnRcZNoLNCpFzK2z3bt7tvvr8UYzsgkascdqfAG3THo,37369.938674165001430083,399,0.000038,JTO
2UhFnySoJi6c89aydGAGS7ZRemo2dbkFRhvSJqDX4gHJ,36871.271607244998449460,400,0.000038,JTO
QJ48jt7oU5TrS1v1xvDmyCdS21p8gSYJBtn3NJSdmrz,36676.111935653003456537,401,0.000037,JTO
HNsNUyGG6KDvptwRaj16B6cn7J2ELvnTKBvfRoKzd8Pi,35713.999999767998815514,402,0.000036,JTO
FixDET3jRBMjT9M69Wim8iRpMQiJHkSSfD7wivStuuph,35695.886599999997997656,403,0.000036,JTO
FwZU4ccHokw4KerHikDL3ZtGmQ66VfGWuy8uraj4WpJq,35000.000000000000000000,404,0.000036,JTO
5as4Ps9p9DAySBymZGZR8NNAsdTzPPuk5K9yqsvhpikT,34460.648023506997560617,405,0.000035,JTO
GqBdyhde2q4VRkWcWd5PxjRQsGxBdPwnXFN3dc5YabcR,34198.135000000002037268,406,0.000035,JTO
9Pqe6M4wvr397ZVUwrf3VYTabEiPaDQeyA9UR4rJe9VW,33964.804842853998707142,407,0.000035,JTO
52fdJqejnXXHVyQWUkjMQrL5M6432dBi5Bh9GCGSGswW,33919.988246371998684481,408,0.000035,JTO
4gWRfK1hkWqRSTiMkD1gcG8ZWs4wQiZohQaUrEtgtKi2,33898.404947474002256058,409,0.000035,JTO
77DXFZnMebramt4dXfdwem1AjnfNnVnG8FkcVWpSwdjB,33895.644105166997178458,410,0.000035,JTO
FPXq2NmXuSA1G2dGd8znUjT5G14zvmjoGFFfo7GKUm7k,33802.305686658997728955,411,0.000034,JTO
AdothBYarPxz4Wnu3u1ghXJwbF1BEnbMmc6F3g61GEyQ,33707.000000000000000000,412,0.000034,JTO
6jjcHrZVFQkbrc4KxuhBbH5DdJuYuHzVsYvHGw5XsoRf,33337.508522821997758001,413,0.000034,JTO
9N1ajaECMK3jx5ootAFF65WykDJVEtU6GxDdMUyPce26,33000.000000000000000000,414,0.000034,JTO
6yqoBnWh52Xpi2Kba9qqLzTTUrAw9F7pbXkwgtnTFqbN,32894.542777722999744583,415,0.000034,JTO
2mbYcMqbfD3YqaNcGKhvEX2igLjSBgb5Ue4Wpq7wNdWx,31978.990493688001151895,416,0.000033,JTO
4UMPc9drkSVfWjBPC6pTMHyXxmsanwFeFfVhRbxX2yt5,31781.000000000000000000,417,0.000032,JTO
HqqzZC5qsNKtZBrBsYvbXhzxUQaADSzkDaifHWe1GvEH,31108.801235681999969529,418,0.000032,JTO
GJRs4FwHtemZ5ZE9x3FNvJ8TMwitKTh21yxdRPqn7npE,30515.269030669998755911,419,0.000031,JTO
FDBZSszNrKQSX7KcZzQVWx2M6yumsuX8kCawxmx1G8SZ,30426.260868016001040814,420,0.000031,JTO
5eMxNfBvWnU1c2YTMj2XSFEiice9XAYtJGLBhmJp69m6,30339.040357237998250639,421,0.000031,JTO
417Jt8xGSENxTtQzqZJ4AeyDhLYJ7XJQyMR3D1Asony8,30267.419178028001624625,422,0.000031,JTO
FkyutKtMg2bWv5EeVnU2fYw22kbSThUW25WbrAtg9bQ9,30207.088978099000087241,423,0.000031,JTO
GJvewfRjqTUPtx6WsBSUnaFbdgXwgXnWfpDyLm65T4YA,30181.032595486001810059,424,0.000031,JTO
AGVhmrhDi3RKLu9nxnRqp3CUpaG3SVeYXWkWcygHAk8N,30097.697780749000230571,425,0.000031,JTO
4kWjLKqR4aamruPbTAXyARHvAUAta6H9ViCfEr6TYi4q,30003.000000003001332516,426,0.000031,JTO
CmFZnDwQspLr56xv57xWboeMteYEPqiv8ye3sQzcmDJT,29777.308662254999944707,427,0.000030,JTO
8Czzjeh2igeE7gSsbuuXVZUmZZ42yZTCNUZoZcCGRKdr,29005.680078058998333290,428,0.000030,JTO
CgakZvsGM6m1Rus5nERqxeQHXgnwR4eGZ7TjwLKreyHv,29000.000000000000000000,429,0.000030,JTO
2YfsoeAZCCxVf7NSF8d5MG2uFSNsRXDLGzQd3imChpPx,28597.660433174001809675,430,0.000029,JTO
HcPP2H6G73RcQmxfyJ73ABGwT7RK1tfs67jhg8uT1btU,28554.000000000000000000,431,0.000029,JTO
EBhR56Tvith9tLpPkRNCKUsNnFjijiEauutc2HAh9rnN,28283.666970670001319377,432,0.000029,JTO
3fTNJ6JQesXoVxHjouBi22xcEu1pV4uqxJEBhxDG5hUV,28243.893340302998694824,433,0.000029,JTO
7bcH1XVLpsHuJYkxiLT3k4XQwEBpy2tzMvXpaB4TaeSC,27919.086031440998340258,434,0.000028,JTO
2FqrBZ7UHN2gySiVr5YdiLsbKzNyk1PUR5uzPB9d2ugj,27919.084931441000662744,435,0.000028,JTO
Fck1ZYcHaNPr6FFaXCa6bmg9K9u2AVDD5wb1kL9oDebc,27755.621451004000846297,436,0.000028,JTO
hhbqc3d7n8YezorNRkvwnto4RigS4GhdHbduQ4ZKuaK,27614.850061323999398155,437,0.000028,JTO
GqKDpKqT14y7VJpzzBHdtZFxjJtpckvv89KbUbvG58x7,27489.000000000000000000,438,0.000028,JTO
Ch8FrWBffvaDyzc5gMkCGQH1Rf44W1ZxYEmhqjLZ33bT,27428.989517829999385867,439,0.000028,JTO
A99GcwM6EFdEfU36uR8xEkxE6hsQFaTDij2SjGNsVQC2,27266.770962943999620620,440,0.000028,JTO
C4tUBZ8WHrNdfMo4gAsQobBd1fhSEYah9jgweXpbAQ67,27018.432390035999560496,441,0.000028,JTO
2yTAXDBQh5Q8fArc5bsKRahRzswrtAHc3vhDU2wVK7JH,26893.850987860001623631,442,0.000027,JTO
Cw32Ny2xcYdpfJmvFd7h2pRhcbcjoJFq8KrrA8YLwZeh,26741.000000000000000000,443,0.000027,JTO
7aAgyvVdA1f6Xv5TWL7V1EYM6BQBLKUazsj6Rfoz6th6,26718.028845281998655992,444,0.000027,JTO
5YhRXYy6M4jT8dwB5DLpciiggQQBg1ALmFogtipFP6Mz,26489.530832650998490863,445,0.000027,JTO
F27zjschoTvhhnWyEcZvmB5dxJK7byyYLzVN6C9qgnEz,26271.383699999998498242,446,0.000027,JTO
9jTS295gyHW4qnutx3o4Hk3xKG68gkgj9sacsYs21kTU,26269.690373690998967504,447,0.000027,JTO
CsWRusFiZYBYvHMxrSNkmbL1x2JRivGJcrJ4WSorWb2r,26136.451489999999466818,448,0.000027,JTO
AJKNEbCN3psbjoLKSeEi34jrUy9X6vGzk1DFyF2URwS6,26104.687999999998282874,449,0.000027,JTO
J5X4GP16X64LYcAa7b9tLs35SWEEdebbarrn1kzwh6wM,26088.598000000001775334,450,0.000027,JTO
CKMsdGSTXnAe3GJHfEtV8tnHgrtHVY6H1Un9GatKzcVz,25999.060000000001309672,451,0.000027,JTO
7acLc7pjnjS2ge9HP1SXfz57srT9Xc8yNGFjhCZ6i4xL,25973.520599999999831198,452,0.000026,JTO
ffGCtEaxaLc9pfNVUFFyumTbsrkwDLib7FCYnutXxXx,25775.059758482999313856,453,0.000026,JTO
M2St7Gra11AKvk3tC4fJPkxviWYKpLZSMmKcHNoDtxp,25502.844630711999343475,454,0.000026,JTO
dRhgCJYvR4YNs9s5gN7CE78nnukxe7AiUUSdAsAfxtS,25398.970000001001608325,455,0.000026,JTO
8QCVZ7KL65pBhUxbvfwbyyg4ronxNAEXbDrGLYLrRNn5,25222.887710828999843216,456,0.000026,JTO
9A9dUreQvTNoqNrqQC2DN1onfZWBtCBsTiuA6oGXZwc6,25170.110059999999066349,457,0.000026,JTO
2N775UbRCWZ6r8My725nRhGhh6NtrnYX4MMaZZzsKaSe,25161.508465074999548960,458,0.000026,JTO
FUaWKU9i8k3uj2Xz69fLqr6VLhscQuFfCT4u3jRYsJCp,25094.439360000000306172,459,0.000026,JTO
Eqv1tJGkLFeH4giGy8vqKxF4NJBHtGR5cGmKG6cpVy4Z,25060.263902088998293038,460,0.000026,JTO
SKkZ9DF15TzmcRBgnPFfrMayYDjCKXR4cPr5QX2vS6A,25029.260521225998672890,461,0.000026,JTO
7NZeCy82tRkAyiCJURXEHrrKhiSiiyShg2bv388jJniK,25000.000000000000000000,462,0.000025,JTO
rqMQNUwGrgrXZF6fS6ztUpSHvDH3wcJ6KfZY6DM5Mfv,24991.750000000000000000,463,0.000025,JTO
DUHvDxvzPrP5WzGyLqKz6zHPf1o8QbFthCGmqYUhcoyQ,24925.928573640998365590,464,0.000025,JTO
7nrF76qwTY1CNDCVzVPMvx55QATNkZXN8sa3Ng4q2PE1,24713.905286631001217756,465,0.000025,JTO
6sMLp1VwW2HR9oq17kfpatM9YF1RGFxpvE2aAqnbAaMF,24627.086743938998552039,466,0.000025,JTO
8qYiqBNcwrD3f6QjRcVkSz51P2WAGJNiTUvM11bn7qTS,24622.044140000001789303,467,0.000025,JTO
2aviHrffx7bCkXiKxYTB2Q6vppGnrGnHG3qYHdFV5A5f,24614.214535017999878619,468,0.000025,JTO
5DKfdSS5kwKn8yZUhw9xudpJvkd3SkYyNtV9KzA9A8eE,24605.200000000000727596,469,0.000025,JTO
3sb863jAco1vfXaFsDSbbZefBDNfu5V2NP32sjvWnc5k,24493.847879500000999542,470,0.000025,JTO
68yjy5df5fk1WcqGKVHvV4qBMBqAEd6jihETf9NFPNt2,24485.338799626999389147,471,0.000025,JTO
A2tU1BfkNFqigSiNZhAUAeM1YsJJruNWzAz3aUPP6pjg,24405.275480000000243308,472,0.000025,JTO
5sPpkmy7ghRrBgF8aDgtTosnmsmAnHRnD2ptVV91C4sN,24274.633867907999956515,473,0.000025,JTO
Ar3nXzYHdLAzPKCba1EvpiyLwZyUsPqPuo5CMwoytKs8,24225.186875976000010269,474,0.000025,JTO
CfwSrs4Ftisqt9oGfCGcACbLnQ2b6KxWuGByKuM53TB1,24174.604804619000788080,475,0.000025,JTO
4LjVoc2kGXm4eHVNAovg6ym4vZAhxAwiCHxyEREvNuKF,24149.317100000000209548,476,0.000025,JTO
HdAv1F4fmYRHiETBuWLdr4CzVSA6LQNeyCgoJ4uTui8b,24109.500000001000444172,477,0.000025,JTO
HsdCPs8ajykr3FbNicnGjNnNCSXwP825QPBemQpow1mg,24013.611700000001292210,478,0.000024,JTO
7F6aNtehgM3wJcD8CywD2xrVKyHzH2sjfzMeEaA9HW9L,23896.000000000000000000,479,0.000024,JTO
9goN9WevrARGxw7vLuZn6o9ZdrZnGrMXvjL8J1De9TKZ,23553.634895145998598309,480,0.000024,JTO
64XmC9Rxdf9YQaKxSgJSkiyMAopSTHJBAcoKELVYTvwM,23210.765100000000529690,481,0.000024,JTO
91tnnXnVi2k96XJjJQNPngxzUKxGA3sBrG4EbAcveE4w,23046.518258447998960037,482,0.000023,JTO
5wZWJShecMSxPvA3tSPJrAzhdAay15a4QK9WvWHzFrq1,23027.710452718998567434,483,0.000023,JTO
2fPBmMRA43BFCNW5muMF1DgUKrY2HUhJ8SdyYZxuAh7z,23021.411103072001424152,484,0.000023,JTO
HEuzM3L6DxFDa9ga9qDtPZ9QFd28HCPaGDpRbSCzAMoS,22891.609865474001708208,485,0.000023,JTO
D4ybbXgkp1A4AbWsBNZAGJ3q4DXHYibASVd8B9EHk7ym,22856.999999954001395963,486,0.000023,JTO
93MjUKNKxazKmgS3GBX2Gj2BttEjJUyi7NYeyDHdHSc2,22761.997745013999519870,487,0.000023,JTO
EsNwHf6Gs8zar7Rceeod8PFVMtBeQz7qgF1Xp2tfy3z9,22752.747310800001287134,488,0.000023,JTO
53unSgGWqEWANcPYRF35B2Bgf8BkszUtcccKiXwGGLyr,22636.124645820000296226,489,0.000023,JTO
3n7E2gZmCaDGpmvmHVHhHg13x7y1zG37tnEXvizxnKY1,22464.912000019998231437,490,0.000023,JTO
G9RCBaYb8aBRxoe8QBC2ucGrVqjuZFysRhY8d56cnNT1,22255.811713904000498587,491,0.000023,JTO
CB6qNv5C7G22wyDn5PSkGPGW1RNsRSMtnXmnqN9SMkTp,22053.185269359000812983,492,0.000022,JTO
6GX8Vyz2ML4QqHJnxnFS6kjU6QV2EF2krusSfADutbVj,21823.862574061000486836,493,0.000022,JTO
46Z7Rtm2WskP2QY8XZ8V1DVi7KYn1rP3CF18Pj899x7t,21794.824313301000074716,494,0.000022,JTO
6YshoVYqzKrMV91fSZxmVASHi3gGQGGrzGNrLPDqTPch,21673.116178945001593092,495,0.000022,JTO
CzToXrBJDFak3ndZZJNcoiPS57BLatjPeMxukFsW14co,21571.000000000000000000,496,0.000022,JTO
F6ggfAY9GqYFBhmvBC8CwaaJBjgYY9WBodNKoxypHcGb,21513.851429999998799758,497,0.000022,JTO
3Hsoe61farUGhrdyVQ3J9uFgd11SzLtVqTRRqTDBMoGU,21260.103722886000468861,498,0.000022,JTO
6hLe2DVhGSycNG6XXUCgNQWpuXgPSvqbgpRFWSNkuTZz,21227.331501205000677146,499,0.000022,JTO
DguoTcm2uXUNwGEy18uauhob6hEnAJ4dgoDkjannsdoD,21015.435129040000902023,500,0.000021,JTO
2g6gHHFMz2cG6YkpVMQAyMmH6PqYjqKAiSQF1bpD7XXL,20907.127683373000763822,501,0.000021,JTO
3DJfswusrNKnoTsf7P6T1PzJ9ANGCRUYRPZKMXpSCy7T,20821.944384196998726111,502,0.000021,JTO
2fhyrughAE5Fn7pLFiU43TNEL4uZXoV54JfjxysWaBB3,20711.836425253000925295,503,0.000021,JTO
DSqBS2bZ16qATXZuJ3QMpdaTBSXGUZ3JKz2kBN4dFzjK,20686.500393712998629780,504,0.000021,JTO
EkeyuVghbRfGWPyEtm3vnjKZPbUXXrPqxdar8fsEMuXd,20522.548141364000912290,505,0.000021,JTO
AS7bjYYMXwaXGbH2M4BBhnd8fAja1yU8cEptPHp99QnH,20469.586255107999022584,506,0.000021,JTO
497TCwJKijy3WHjCsTqgXtPEZgbq5yZECnCH31yag3TB,20408.893075428000884131,507,0.000021,JTO
C9D3QDuujtYLnXkSbhmwGn1r5zE6FDPGTFr8LYTb1MQ4,20232.636969210998358903,508,0.000021,JTO
GbLDcnGZ8HphbfCoSJ8y856eCR6Mj3cBoQstRQkN8DGw,20000.804612250001810025,509,0.000020,JTO
HUVFsipP3cypyoGzCAeQx838GEp2qrTe6zdU5gNAKRPN,20000.697774387001118157,510,0.000020,JTO
AUk7xi36XmnK3AsjVSz5U8F1vy75cwLK35aqSnKxfK9,20000.002314399000169942,511,0.000020,JTO
7xbjaLtASVRmr5Jh3LebstXLwmVQZHw7PNcpvJyVC4g5,19941.550205318999360316,512,0.000020,JTO
5xYNhZRW1rEofFon3X2JgaZtrnu5vo5xXD61jHof3p37,19771.068353082999237813,513,0.000020,JTO
DJGVEH2F5DdwQVNgxtCEVSpC2Qu5sEjRmBHfa22tAnYY,19766.117216947000997607,514,0.000020,JTO
E6N75zCVWojYM3EBk1VAu2f6hr4pYtZAhBiPhVbjXD4D,19687.019800422000116669,515,0.000020,JTO
GZx3sJ6ay9TyPd59fs4RrvGyrJZE66QYUuR9RndL4m3m,19636.408443470001657261,516,0.000020,JTO
6kDExva52AnmHDx6u5BNd41F8PfpyqEm1yJjsH8P3ibx,19505.000000000000000000,517,0.000020,JTO
5242mrAfxNhq6f3Nf6bXvpdY9LYikJ4HNKTbfTAk5U44,19505.000000000000000000,518,0.000020,JTO
igfeB9NANGgYjq9JYgoRkrB9rAUZ1pvDBG9yQiRLcoa,19429.954130507001536898,519,0.000020,JTO
GsCY6n5RY7v3qcDAzGYcDShNzthngVs4So4b5nmVuqSN,19425.535876130001270212,520,0.000020,JTO
4iYX2fbY2jNgLXV75k9pF43Zy5pPdVqv3zHHS43MRhAf,19420.369295765998685965,521,0.000020,JTO
D5jx4wmxuPz18hqmgpCMLGVq3uSksCafCp5xjVe1nw8p,18977.425863939999544527,522,0.000019,JTO
hQi6Cz1BbBNc8dhhWhHzGshrNg8XrTCLq9u2woxtaJc,18970.224708240999461850,523,0.000019,JTO
7nRg1cH9Avxx7VR6fW6xUztB6R2cv8WiiRr2WtoBeVbn,18922.300877700999990338,524,0.000019,JTO
5Psd3sjmmegfiRAR7Vzs8ncwVR4Wo1DD8dN6GQhLeVw8,18840.000000000000000000,525,0.000019,JTO
HTaL4HYxxTomab1ekQCMEuPYB7byWQJbp1HC2K2k8wWS,18200.802817695999692660,526,0.000019,JTO
6rMVHawLUyGSqW6WeRD3A8do68kncfiozPNhSUfgu94T,18042.182615317000454525,527,0.000018,JTO
7sku3ZDyKJwRM18QijBt9H9oikar4jQS5EYw36a4oYEf,17918.130705032999685500,528,0.000018,JTO
BB6K255kgBfnsaua4XxkDyWHCcAoxvG8eob5co8iP7y9,17816.179294145000312710,529,0.000018,JTO
8fBXpqvZ6kHLS6kgroK5QCUTNTX6mwvgXQdSWPAam7rQ,17746.141313000000081956,530,0.000018,JTO
Ap3s6w9zkKSyTvt3Gpc2kubEwYGo4veiRADgqqdW3767,17654.923689018000004580,531,0.000018,JTO
3hDuD27AiRBo1tub6AE2SJvYk7UyB2WXnGiVNfWXDu3P,17611.983616299999994226,532,0.000018,JTO
8oSdKGfJMYFZErgniwYYiduCrhCignnvCMshp7vVdC9y,17561.683764544999576174,533,0.000018,JTO
G2EPSWJtRCfRqrtZtJR6MXDyvSc3LeDdAqn1xE1zRm1c,17506.540645389999554027,534,0.000018,JTO
BKJhjGVXaRUWiCbpXha9ArZwjuuQ8BNW6weuL6EKmmmA,17428.031478435001190519,535,0.000018,JTO
DdZR6zRFiUt4S5mg7AV1uKB2z1f1WzcNYCaTEEWPAuby,17270.024341650001588278,536,0.000018,JTO
EjtCjDWj3HyL1a4dRritZLTtZrwvD3E1AAzp6evMUmVB,17109.292521307001152309,537,0.000017,JTO
8hNEMvU2aNonxZ9A84RcSuR7Q7SASvgseAtegMzfsn6e,17000.000000000000000000,538,0.000017,JTO
C8XzHPYLiy6X8qDhe5cBocLEUEs4hdYDCha9i6Ex75Y3,16931.164619439998205053,539,0.000017,JTO
3FVaWAJiYwdYTNYLbef8rNjSbgyPpZpN9Tv65Kz42U51,16928.804803948001790559,540,0.000017,JTO
GENoPTah4rCfSz3aeG6m2pGuNjxmDazXT88ZGYDsboXd,16902.000000000000000000,541,0.000017,JTO
3QNDT4yfvctsYs5DKnbDCLdbdLWi9ikfB22wgTE3ZJjt,16836.457870280999486567,542,0.000017,JTO
73a2yN8Qd4dN8g9RJBeHCUywMdXaKoh7LRuF7Gj9dL8Z,16784.958195838000392541,543,0.000017,JTO
FA18oPDCH4BTm4nLSqzd9huwCtNCDGCzxiLmFhAmKCA6,16538.000000001000444172,544,0.000017,JTO
FeEUCNr75QxGUkHSdtom3LdEzpgQwr7YmNxJVqSwTsCG,16525.295906729999842355,545,0.000017,JTO
9isrZBGb9CWU79466DCUxN25iH7krrLRei5niqvH5WxU,16521.467609454000921687,546,0.000017,JTO
Au5RZfYQ4Tq2APp6GDoJQJjoYKbcHNRpiqGv7X9RMXEM,16401.321567754999705357,547,0.000017,JTO
3TPc9e1mdUWWGQpHmAtPmo9Fne5g24YdmpfX99k2ECnW,16281.556164387000535498,548,0.000017,JTO
4qHqb8TgJGbB5mVBKFXxmBSQ9DtbbcEc27kEQGjYei6g,16212.478978830000414746,549,0.000017,JTO
4AK83Vf82d1Q1zNsho5RSqHvBgkU7UvrKJCSz2bjdV3m,16210.977199999999356805,550,0.000017,JTO
AwiWPGyo1M4vUBaMhqYoz8Z8Zj9UmyBt6igJYfvruv7r,16143.040556838999691536,551,0.000016,JTO
3rwqe189nGcSpowNGXtBT57qStZPhjFqRX6WAuFAxx7z,16074.000000000000000000,552,0.000016,JTO
BZq3pLJXSQtPKMJGsCjRfv7iEVsgzVDN2odZj35eywBV,16022.288510582999151666,553,0.000016,JTO
3Fptv5FaghPUo8h3pEPJakNrj2BLPkk9KNmq5mTup2gD,16018.722115569000379764,554,0.000016,JTO
BHKSy8GEcEkR86Cnw3Qb859EGgAs3aDqNgS7widG2Bsj,15931.288436996999735129,555,0.000016,JTO
7aMM6V4nwtwKNBTxbqmsGhg4bzvJj2sxbUBgecocacfj,15826.579999999999927240,556,0.000016,JTO
GqoKLq3Sp2biWry79ZV5JLeGxKwQcPBhSnuPDLL53Zxm,15767.253547480000634096,557,0.000016,JTO
AzLevLXrAAeASwTS1PB16zUfSZ9BPjKTfqJSpTRMgna2,15691.539161332999356091,558,0.000016,JTO
Ba64vywjQwvmennBzn8Yvaz3h2v8bwVBzao5cKNmc3c5,15567.337351692000083858,559,0.000016,JTO
5QWGjDPBkc9CGaE1HQkmWC7ycbRXufSUUQ5bQgaGhsq8,15539.998842876999333384,560,0.000016,JTO
2iXP6mNYQwkNCHv514MDnnKvg6kTyhJ4ZgttwedPPYRo,15494.288276151999525609,561,0.000016,JTO
36EHKsf4ceNaPo2kjWp5GXVncVGgS4nwmbkfVrJCFpUs,15490.798769736000394914,562,0.000016,JTO
BzHufhtBuVTrjtVxoWgGcQByknSnRC9GxqZX4wgvctup,15430.471502557000349043,563,0.000016,JTO
F8cLkcGU5MN67jS5eFixzxDYsmiwPrSNLUZ7vR5Y2Pqt,15414.661230830999556929,564,0.000016,JTO
F3EUKfNfRmYQcbQ3YsV1YNzmsCJRxKBBwX5ZFuK4jxnS,15354.202708434000669513,565,0.000016,JTO
EAHyJpUJ6UW6qR7LNs6TAQSXE97ZqudTLZ89sJ2KqHMU,15288.840000000000145519,566,0.000016,JTO
xSe5G3a6wS2pnV9k4LYMymbxEHxvUEaNhuomtaonhQC,15266.082386760999725084,567,0.000016,JTO
5Q78fAye2TEF6327Wkw2GPiyhuiUHRPVViumRCw2NKXU,15073.563950470999770914,568,0.000015,JTO
3vxpKvyiAZZXCxaWpt45pF2JBSGQ4F2QHCpq9M58ueps,15006.515585342000122182,569,0.000015,JTO
FEpW539FYXJLpuKxPEuFZhtBHqv3o3V5qKtQa8wxN6qQ,15000.500000000000000000,570,0.000015,JTO
Cvnta5ecoiCgNbLEXYm6kvhJMmRv3JM3ksKgTLVPg4hk,15000.000000000000000000,571,0.000015,JTO
CpdzCVzaR9gjFymmEVE8xHboJFHaDnimRZ448cMBs6Rn,14953.870023624000168638,572,0.000015,JTO
CxZnSEgwvsTzmsBin8AMJAwkUtwP9DmDFePiBkPxtEub,14930.951999999999316060,573,0.000015,JTO
RQrUr7WaBAEdEcD4mZGCbYL2g6PJt7fWkjqDZ4JVsg9,14662.773411210000631399,574,0.000015,JTO
FSSFHv4dd2fFWCgwZajJx7uS9FAwwtuK4AHqv7ezdMRN,14642.003273102000093786,575,0.000015,JTO
EP9bYQDmtfpBQJpVf3TH9vwpnVE7o6KC3ubK6myM1tMa,14615.048690208999687457,576,0.000015,JTO
FSpL1gdZydJrQkngWe2S4tjBToRwpisRhChXYDQEnWPL,14536.426038128000072902,577,0.000015,JTO
2npqRsnXqWKsHPeiiSngNiUaSHmEXhtm8c3ig3FtFjvu,14480.025740478000443545,578,0.000015,JTO
2JrLB7Yh38ybrFufgmY83V33twwCDDpcK6dhSnTTi2CU,14426.530656574999738950,579,0.000015,JTO
As67nRcWVzshh3spaM8Q8jsnBpxAf1rsEyTUTi4y9vk4,14418.105095246999553638,580,0.000015,JTO
G3ShcAFQEfSYzE7YetaatNLDBP7xoHMid1bcU4T6Hqwo,14408.654112136999174254,581,0.000015,JTO
9D48T48wXnRi85WMLdrrNQfCE6ArzYVsc7kjqsiAESDm,14401.348986630000581499,582,0.000015,JTO
AX46me58dXf38yXNe1QNpi6QzySNjyMAmuTCLzZ3QqVJ,14393.113826982000318822,583,0.000015,JTO
UdRNrnGxFN3JmWnpENSoQJJXMZhGMhws49wQosPfH6T,14346.000000000000000000,584,0.000015,JTO
ASbSCMHMRgPHBZAC1jkJ3wrAwy5VwSmuK34StnKFyH9s,14290.797876870999971288,585,0.000015,JTO
53Dq6wPdpNzwWw6riHisdK17WmkBStozdUnT4C3kGjZ4,14162.440803863999462919,586,0.000014,JTO
J9KZJszpKZnNCSsMd5zTjqAW1UVopuNttyNRDbz5EDi,14148.082682800999464234,587,0.000014,JTO
6RAZQu2a84DUyQ63S25DBrkAVSFp3HmnipEdjenoouz1,14122.178887809999650926,588,0.000014,JTO
7ybHoP2auhiYFAXQH92ySC2mDMvQgXgodNTFiRE9gKBL,14052.969999999999345164,589,0.000014,JTO
2FwV6duQGoy2ABw4MXEgZS7q3SqinmKbJuSLB8ii97qu,13912.173135790000742418,590,0.000014,JTO
EqNfJUoTCbQXz2xs1U4rUWe7SpS41UZV3KUH7Pp6RPnK,13881.419950135999897611,591,0.000014,JTO
25YPNr5LBUGijMw2Cb1dbSPEUwGSuqBmYKFPd5hhPob6,13843.087708999999449588,592,0.000014,JTO
3h6bq574Bb9u8hT6FcqnDRVi5BV6X3whMrYuzoDV1Vu4,13838.294517779999296181,593,0.000014,JTO
23et7SS4DTN4NNC3jFR6U7kvpZfowTXQuJrGMYsj7Ckm,13817.000000000000000000,594,0.000014,JTO
68yfTWjkJ6tkmQtvrMCYWE39Wqi5c5frUPArnKG77ZPq,13817.000000000000000000,595,0.000014,JTO
5HVrnWLryHurbvWP2Wa1sffWdhRavD2NzGfz2BdmYss7,13817.000000000000000000,596,0.000014,JTO
FTDLL1t1qhYD1Uoxf83E9XV85cqNTLv2QxFDCwmMe2cg,13817.000000000000000000,597,0.000014,JTO
4gz7oQrHG1XKPSVgv1uf1SXk1WJKQP9YUarZ5sX6w2G3,13817.000000000000000000,598,0.000014,JTO
DNkro4R83LVyyuxbjB6t6KWqRCe7qXoFUH3n3piw47mz,13817.000000000000000000,599,0.000014,JTO
3aaTj4RdaHy8GfCURxGLLE8EBjC6edBDYEYZhYZeyUE7,13763.944291836000047624,600,0.000014,JTO
4PKM2Rcs3aZiCayQ2ziUVcDcasfbngiCWK4xj6K3BP8r,13744.500000000000000000,601,0.000014,JTO
DXSLAJuFPjftjtYbp2h7B5wnnn3QBXn1WGiQw47qWoV2,13691.440275629000097979,602,0.000014,JTO
Ehnn2YyyRMyRDccNc4NLWLefk3QomJLXZEdYM2XEVtpQ,13496.590236064999771770,603,0.000014,JTO
6BCLWyShsGqwba3wCvKJjTD7DrywXnpi5R6jonwKs2bf,13335.140972574999977951,604,0.000014,JTO
ChFW8iRfofpwifxTmxyQ9HBXBrCHJvYFPAjZf4avtXJ9,13331.630475240999658126,605,0.000014,JTO
JD7ifFEX4mcAtE1Gro2thWPb4oNAYA1N5S9yTyb62Koo,13300.565608376000454882,606,0.000014,JTO
Gnuz8EWpu7JNBqBZ2kkbqm2Hta6sbFYSTBAEvWUdWi3K,13242.743119999999180436,607,0.000014,JTO
6BBfL7nVqCbuoTfAHJD7ZafW1P5V1SwzTTxmanJA2Cpk,13138.193999999999505235,608,0.000013,JTO
J5J5knoAgWXw3eqfdntQ1ovfvowTzq8BbPhPatyF9sCv,13136.719080753999151057,609,0.000013,JTO
HRabyAhkkCec6gVopcMQMX9enrFRZHwRndLZbnmVUkD6,13086.567182324999521370,610,0.000013,JTO
3xgkCfRwpahHqUGeBkBrWxdDhSccBiU2AbkUSiqi17wW,13033.820787385999210528,611,0.000013,JTO
5rhms6jZQaXnQc6wbicnrxDTkKqKi4iwfWW3612r5rHb,13028.010029754999777651,612,0.000013,JTO
71wsMZwZ5kaufTB6TDC9Na3tPS6KzGt835FRB3b81bH2,12982.122491816999172443,613,0.000013,JTO
BCgzNcUPtnJoveBukmbRTvGyYymA4ucddQ5eTB5z4uxw,12876.052653478000138421,614,0.000013,JTO
HJ5KXYLcWpYowBnKTQ2BAGjgT5SkDJzXbj6MbDJnQNEN,12850.700003247000495321,615,0.000013,JTO
7dNzgxa5ambC5N9tTyxwpjxhTZVADrz2ZG3bTHSJh9ab,12818.180000000000291038,616,0.000013,JTO
9oxhM355gs3wCw9gLAJNDMpmZ1GmWrCgGVzv1A3WZYpn,12817.000000000000000000,617,0.000013,JTO
53fpQbqcsMmWux8G4LGcL63zCRmb19A27xd8sP7Jag9W,12730.420327690000704024,618,0.000013,JTO
HUY9DVMTKQVPejuzkZxZamnHqYZVwEju4VJ3Mxk1tTa2,12719.329691255999932764,619,0.000013,JTO
Fxjn5aN3TzgfkLQdWs5APrZsKncS12yUTNwGjVndUKqv,12639.155252729999119765,620,0.000013,JTO
5DWVUZLSvvzdEVyesUgKSU4rsJRgquaHq7jCrTeJiSfz,12520.905899999999746797,621,0.000013,JTO
CrVbbN12catSdTNhh33LJrx7uSSiYYhLbZGtb89r4rAG,12461.258421728000030271,622,0.000013,JTO
732Mu5LfMRtAkYLGgR6RBshAXj2GuLRxsavNA81kD69B,12444.479518091999125318,623,0.000013,JTO
ASNsejndZQmh3p5taTGEQajzD9Bed9Skx68ETQC4mucC,12398.483747578999100369,624,0.000013,JTO
AJ6dGUn3teYCwWuY1bAjKmmL8PbrAAr6ewUNt8Z68b8o,12358.904160000000047148,625,0.000013,JTO
H4UWpQQCvC5EPFqqRuKxgcJRxQG3TQ8h9pY1Eiis1XP9,12100.027177255000424339,626,0.000012,JTO
JUjivgHz94Xq3ytnsqnU4cdc3ajCRu9kGhQzHQ2tJkL,12050.777201787999729277,627,0.000012,JTO
4ffBtbqq1rFc7LntR8nBDDtahNskuRa9HV2C9jNVxNQD,12015.008534561999113066,628,0.000012,JTO
CuAWg8YuvQiZysWK35Q3n9b6WYRm8n7UHEruXnstwF6s,11976.515068553000674001,629,0.000012,JTO
93KzaDjYgmcaGNYCAxQSY5WFGxTy5nqykHnJsVA5J1Gd,11965.819079999999303254,630,0.000012,JTO
8BD1qaT6a4WCa4Kz1nURKfPmZd2ohxHYoXuPNijRABXv,11963.376470605999202235,631,0.000012,JTO
DWWAoUeqfrRe2LDUBdxZgdD3BDUDRPdr2VF9ASbT41on,11962.001020043999233167,632,0.000012,JTO
CbiEvHrSMiMuNcE3jTY93c6tuTB8S4cNNPVDED3uTwWU,11912.059999999999490683,633,0.000012,JTO
JEBRptmAAjqtxg6c4WLQDaZPeEA8RXnW4dVyhvsvZnxQ,11880.385230202000457211,634,0.000012,JTO
5dzDNrLbiAxqqD9A6Pr4wE8bLAA82ER1D8p5kD5gWqbB,11869.200894195000728359,635,0.000012,JTO
9kjkfq3RAA4UFRz5LtNSjm75zAP4o8AWUuQzH8WRoqmU,11783.661918986999808112,636,0.000012,JTO
sypV9PpUcLiqQhfj4nWJTSTKfnWsCu4MyxvdzRkuA77,11768.969857000000047265,637,0.000012,JTO
HBzAo4D3XW4Zp4NgNofMTSxD6av2p1pFG4YPchRFsbCY,11754.148983009999938076,638,0.000012,JTO
DdEN3wMFvLYmQaDoiT8EjEcddjkXpVma1GMfQkDPtqff,11709.835101303999181255,639,0.000012,JTO
7LVhVHctPuVnxjYv57jG1sYDttEV9uDSRN14dUAE3qXM,11702.538335148999976809,640,0.000012,JTO
Cuxdottxh8X6yJSmd5J2mCAnnkdCrGWg9iQJi5sjhGZR,11613.323625365999760106,641,0.000012,JTO
8mtP5W1Z1TB6BWkz6yxSqh7yEoaj1NBrwXpbTQ8PeMWX,11606.034881020999819157,642,0.000012,JTO
FT3aimpfGmXubmSw6DspyMPoDBvJoVhCFhcFXPzMvFDp,11551.039542439000797458,643,0.000012,JTO
CSpCvc7vgRqXc4uZ5GWceronRWVCodtXcWc54sjSNJdZ,11521.562019151999265887,644,0.000012,JTO
BtxgNqD8zAdTxdomnEkuUaj2CG5WHkD3yzESR6b8gVz9,11406.453955766999570187,645,0.000012,JTO
5mCtYF8tWrchV5B4vi7zQGMHNwimL3Kpy6k3GP7rd6sZ,11361.418149986999196699,646,0.000012,JTO
GKrqqVtVqUwodbUEGoWL6QQKirgLM3tDGM8PE2NziaCw,11200.856360379999387078,647,0.000011,JTO
vvTbGoCuW7gu9Yy9R1o2g2anq48fLiMadzE8UqJprCa,11135.766799999999420834,648,0.000011,JTO
5wA1MaQDkQqs8FbG4VKoGUvGHeEzmPaG4mRwhgEecPAW,11125.000000000000000000,649,0.000011,JTO
7QfjiwHfGGDp6iYHbAbaseDBuGz5YV2w3hSdLrkhojte,11084.124838753999938490,650,0.000011,JTO
8Cjt6faN4jQr9Ue9vXkJp1eJgmogJpk5UwnGrzHQ7kSr,11034.884536863000903395,651,0.000011,JTO
6XVFLndTicRLyrEydqmTCWyDKSqVpB2neKfzH2YCJ8kt,11000.299999999999272404,652,0.000011,JTO
CukeqiM5hgii9HMmwXWgKT4eGRXkBzjeRJCivYfG1vtG,10838.622418475000813487,653,0.000011,JTO
BbhjCDA6boTAy5bGAX9Nt5ihGT9ubMyoXNRuuZ8dXoCm,10803.675429999999323627,654,0.000011,JTO
i7Vgk9Uceg6RTYC237EaWbuw2Ew7CQQruDxLALwrMT3,10767.400326360000690329,655,0.000011,JTO
86Td91QjeXfg83R73kcE8pjRxVqrgy5m744g8V6puVu,10743.762194191000162391,656,0.000011,JTO
FJdvu3XrYTrcjrLb3GBT6d5k7E18hfNj3ipgG9TT2Kpy,10735.816399999999703141,657,0.000011,JTO
3LcGTDrToyAmeB1HUnwQBx3Z1Mb3Tapfwy562qjvk36X,10659.569503823000559350,658,0.000011,JTO
AfjgSyZYrdY79Ys1GuseMsKgy3jSfYpgCx6uUJpmthSk,10633.662858640000195010,659,0.000011,JTO
5VHjMqi4hj5phmHpvuR2tZW38hBKSLCvLwg36DqDxzZ3,10563.479005487999529578,660,0.000011,JTO
BrZ1GoKUjcEy58nNvgw6G3Esr2LnUjvzx1wemYWLEMx1,10341.676272655000502709,661,0.000011,JTO
2P626tGEUJ84R1MnLJs6QCurbEWhytzRjRsD7ac3qWnh,10206.791957999999794993,662,0.000010,JTO
DSZVKMfdDBJfWbLQtfn6oVodkeLZnDuj1EbN4Q1exH4f,10197.333628669999598060,663,0.000010,JTO
F7DiA9rZxM3jCN6RPCGy4JXWagX2vT1sPZCnZWAdRJgq,10181.819999999999708962,664,0.000010,JTO
DGFW1Effv88XzXkgfgyoFfmefzEU5Pp9zWJACBmCSh8K,10173.585100002999752178,665,0.000010,JTO
ABz1Yp1QTrzF9tgZXnjsmysjmGrrC21vvPS2onRHdCyQ,10141.860000000000582077,666,0.000010,JTO
CinAVsK2bfhBFkTt9RDzxBpiiDJx2z2xR45HiA5eQuR7,10108.352362252999228076,667,0.000010,JTO
9CnbR9EuCu8Uf6ZPN1LF7LauDfVgvSXvSLq4mJr8sbY7,10071.952863520000391873,668,0.000010,JTO
Es9obxJa1n572s1b7ZfB27TGXFm6y2YKEARicop1TYQW,10066.475082607999866013,669,0.000010,JTO
4363pGnbCgAKMjGc4kiMd8QJ5z4NxvvgjcAVhF51RBsi,10064.170856695000111358,670,0.000010,JTO
6m9QtJCStkD3Qt8XaAAVV3pcwAEaj9d6k4M4vxpZQ9gU,10023.346530798000458162,671,0.000010,JTO
MeQpHYtFyc1NvWKtaT48JJx4h5zvQxiseX6VVoeFfWA,10015.324310660000264761,672,0.000010,JTO
7Gf3RAzMCp11fKjZEdLGQ3AVNanin7WsXJ8TP6A3Yckz,10010.000000001000444172,673,0.000010,JTO
A7JYYN9qXeyr87JDgU5USFR11khBgV3yMtHQw7i4JnHk,10009.434077182999317301,674,0.000010,JTO
3SyKb3hh1JSRT24RB7hKVsQBpRcwHMH5tLMWk5mS9XsJ,10005.762689265999142663,675,0.000010,JTO
BbfwmKatXa74oqGxkHxZ4U3wHLDoVKXmbFLoDXSEBhaE,10005.000000000000000000,676,0.000010,JTO
FkRQHK1WwhtyrL6tbsRog1KWTp9c48AkorjWcX8nq6Vb,10003.218893236000440083,677,0.000010,JTO
GiuHS6TPRoiZATn2WLexdHRoCQUAzPzQB2Yh56MXcVu4,10000.297036089999892283,678,0.000010,JTO
3u1FXkXeuJdxpX282u8y5cS8wcGCjbRkmvAjTe7846SB,10000.000000001000444172,679,0.000010,JTO
9peA9G5h28WuXZAbX3NJtWFVNLeH7PM3DcJrmYbt43bU,10000.000000000000000000,680,0.000010,JTO
9A3H3kNQoC6Ck8fJgXA41FJPcTqgeGCGu2Bx57yLwFN6,9999.739999999999781721,681,0.000010,JTO
9z4CkFLMZisdQuhChnR9xBnY3Q8ky7zDQGoa5BFXCZcm,9995.267296776999501162,682,0.000010,JTO
HoXMwmWTkrDr9zuNPp25LGZzAymE2YvHiqc29bP6Poxy,9883.105900000000474392,683,0.000010,JTO
CZYYZjczNsMxwNAgz1rEbzbPWwUHLXVJH9fnwFZmRS2u,9881.364265439000519109,684,0.000010,JTO
AFUHWSRcVhshowHLHt8SV4VETmqXRUpAwv7RNxABvYv8,9845.960017154000524897,685,0.000010,JTO
C2outAazPyzPej5hxUwqUKbkQGgZKWBxsGB6xDoRT3Ep,9843.558699999999589636,686,0.000010,JTO
B28VjGqS4RJKxzDwgYAkCd2d7sBn5kXwbLZvG8Cu7Dep,9832.139505634000670398,687,0.000010,JTO
2WYGs6M1HHuiK7cUnE4BdiAcuUzfwPGEAr9f9X6zLKLF,9812.000000001000444172,688,0.000010,JTO
JB7DLdYWBQDXwhp5r3dsNzscJMNY1qbWGrEeUTNRoGkY,9812.000000000000000000,689,0.000010,JTO
BcGQTF3bAYsukKr2r99k4zmCp87QB7DLBjPU1VzmFarj,9812.000000000000000000,690,0.000010,JTO
JE6v5ucxj1nWoMkkThhjBQKp2CrdTnWTxEFxiSeZ4Q1x,9812.000000000000000000,691,0.000010,JTO
G4H4NrDv98QgTN9R1QcMDbVjUVXprnGZkrF2FTey5pLy,9812.000000000000000000,692,0.000010,JTO
79vSog35hfaHUWkHwa2wHhJkPZYgAJ6dT8mS43Rshe1q,9812.000000000000000000,693,0.000010,JTO
3A8Hn4x5ZKDYjzSjhJimhpzsJnXWrQAmEe4Hsw4imvwQ,9812.000000000000000000,694,0.000010,JTO
VKSLstTTBTUju62PiMDPiY7WoQG9jMEBRCr7ttQ1otu,9812.000000000000000000,695,0.000010,JTO
MEzZdqwaj5YoNdA7EQcXFA4EMm7vhLJYfeAHXWDjqap,9812.000000000000000000,696,0.000010,JTO
57sLNY9MwDESCneSXkti2SNPbxTjkHboxSsU4iJ4zAWE,9812.000000000000000000,697,0.000010,JTO
7EPkw1cQAfwfGZK4MJ2SCsSikzbKNpzJaT8uFNcW1YiC,9812.000000000000000000,698,0.000010,JTO
2hMmPkJExSmozTsUngPDjCP8ZZ3mwxSeGUfz99MY9wfG,9812.000000000000000000,699,0.000010,JTO
4NucTdSj2nUeRPUMsh7aBK6FrhrvST4UNrarXPqKFRj5,9803.000000000000000000,700,0.000010,JTO
7SVRkVmcFxFcDWpoJRLvoNLRSrnqAMYWssJMUXu3GUoc,9768.180713232999551110,701,0.000010,JTO
81WTgewhh4aMSAs4bdppRjeSiCKfUbQhXqfK1rkRmFFv,9743.191342534000796149,702,0.000010,JTO
5AUQ8WC5ixgSjGWdJPRJ2DsFxHQd6r7JcFK9wDdB9yNi,9741.812504315999831306,703,0.000010,JTO
CwWvD5vFoyv2V2e9JjESMgXfi45smKNDBvAs67J8HFNy,9731.939609999999447609,704,0.000010,JTO
3XxzadTb451FLfFYyKDvqdYyMxDTfR23ybXN9qZJKxbw,9725.905916165000235196,705,0.000010,JTO
C4i9RaDyUqbrYLxuaKxDRresUXR82oRFwKBhZ5EMnW4P,9707.870000000000800355,706,0.000010,JTO
97VvSMPJ1D6emV6xRfEXZUicumtHDL8JEYksYQrH8baZ,9665.528451770000174292,707,0.000010,JTO
GLEppQLdpm95x4WTxna4UiFmowUHgMB7sL7WLfYkkxi6,9639.139999999999417923,708,0.000010,JTO
G9YsjSFudLqZ94jU8jeRZvAA91K2Q1PkYhJ3jeSMVAiz,9610.408294189999651280,709,0.000010,JTO
E2341pssSCXXSx3yAnj2qsZcJLPRynFf4HvdMtGJRgqe,9582.386279120000835974,710,0.000010,JTO
5GKii5TobjmWfUntBFVQLsdLC3K7tyHVKmHLBryh5txV,9534.797706015999210649,711,0.000010,JTO
5GzMMfgGt8t6i3SsnQt5Nw6WxyEskjz7H5PoxqE9hF2Z,9523.745366889999786508,712,0.000010,JTO
DrifTrN923QaouP89UxkQzFGbumKPCnfkNYQRwmZxatz,9516.000000000000000000,713,0.000010,JTO
DQRYkKHPE2BL6pUzfPoUCHR9M4tBJZqbqLVEVdHjow3Q,9512.000000000000000000,714,0.000010,JTO
EqCTaBKF9cL91bNagX4mp8SEdsGjoaFQrud16xKH5j9g,9494.095057541000642232,715,0.000010,JTO
81BgcfZuZf9bESLvw3zDkh7cZmMtDwTPgkCvYu7zx26o,9400.319628274999558926,716,0.000010,JTO
3ybNajNSAnzQeVviRgDVZjv3MDVfuDNn469RZPssBdro,9372.656212510000841576,717,0.000010,JTO
Hew6XJcEjQAx2Pi4GWogr68dmbST24g9xtumKBqvhkdL,9327.284550612999737496,718,0.000010,JTO
3hyKAcCW6GXyhwDeRAUtSUpzGnupdMQMRNKZexcYpeuo,9281.960924724000506103,719,0.000009,JTO
BQe7RrX4KEjzSQWYwtTKfj9CHUzC5if78VWbcT38wKEr,9237.600000000000363798,720,0.000009,JTO
8hoZbKdqV8CSKpebqp1VBKJEGx48ptyZxjpuFMDQWrSN,9193.325952897999741253,721,0.000009,JTO
BNpAAVXojoHKdXWZXbADmxc1dNC41wNCaGkN3oMegHmT,9190.678619488000549609,722,0.000009,JTO
As9NxA9bCfhrVLAFyGeWG5X5iLYPGhU3R7nLfX3tN6am,9157.746595767999679083,723,0.000009,JTO
4QnrEExTLhpPjLr75fHotdFYzKmz1Uh22xS6EXGu2rgh,9156.491158798999094870,724,0.000009,JTO
CpgSfd6QUoBw1267rTtJoZhELqC5q7isKLojBifSbNEE,9154.986661671000547358,725,0.000009,JTO
6pEtDovpyd1zUMYPuNhMCPU37sUTEAtzzgoVVAh1G1JL,9154.924686235999615747,726,0.000009,JTO
xijyM9pT7YMeh1LscWE9rBL3AFDyENVTCP8XdanSb4u,9135.760000000000218279,727,0.000009,JTO
8Pw2BUzJTG6BAn8QngHFJw9fwMgQxSBLu5sYTz6HLJ8V,9112.308946925000782358,728,0.000009,JTO
FgdP5m21GpvuwE8qQ98RPWXcMLRxuAtsLVgkd6KurAhe,9097.027798254999652272,729,0.000009,JTO
FLBTjSddTFkmMNWX2wMxU6sWS5NaSCWujbkRfJHWxpun,9085.334686559999681776,730,0.000009,JTO
2tUx7cQFYk1jzbcJ9f1WZ5smHfLQD8sqsi7jYvE6AgJL,9045.849790922999090981,731,0.000009,JTO
6qkh2JcHt3ctFeiL4HBn1e9NU5aPw25XNhtgEv6ZCJ4U,9024.906929353999657906,732,0.000009,JTO
AQsdTE819duWbz1qnAi7tTK9JroDDLetYfsQJU6CKPen,9010.860692969999945490,733,0.000009,JTO
FNXHjymufsueyXLcbW5kfsby24exGWnse8T5AufiCTr7,9008.974001221000435180,734,0.000009,JTO
HVmpfL5sBzqwBrcCALApzSeDwR1FtsTKL1axxhQZj76,9000.000000000000000000,735,0.000009,JTO
Bm3GBvEqJgwjQgVwMgyNKuSJTz5H64D6ErXkhtaLFELN,8909.186091691999536124,736,0.000009,JTO
AXayN3cqWVutSh53qqwBDwhoizeU7NCRjRJZgySJ3vWF,8899.154786110000713961,737,0.000009,JTO
4ktcyWQdTYNh3AZcEMWLMd5LPtjktNn5icHVkg46HncL,8897.990447317000871408,738,0.000009,JTO
5GKjMSSTBRGwgbQem7WgNUvzxmtMRnaRkv6k7XToVBW4,8896.042593030000716681,739,0.000009,JTO
5n34kQk2XgHpmVzCK8gCyYrHSsJZhcNcY3E5n34PvA8h,8845.690918500000407221,740,0.000009,JTO
8mvPhArYhBWtH8fPWFjnnoYCr6RoYwgtW7tDPUU3N4dL,8840.409158540000134963,741,0.000009,JTO
Gfh9q1bgYgZb5aNHQUxGdHmhagvxAYncFHwXQ6bSa3fB,8825.152000000000043656,742,0.000009,JTO
7gbxLPhrigQ9NVhVfRGL1YyZbmrJXDg8THDb7eQJvQME,8790.221541000000797794,743,0.000009,JTO
GfA6PZYqovoYRSFJziNWzr2TXe6fEaChsxU579HSHY52,8784.968335759000183316,744,0.000009,JTO
9QvS7fk6nXjLLZUXqWrj8Lxq61GTDYjQQS6mQXfFZNtq,8774.100268948999655549,745,0.000009,JTO
Ap5ALfh4scyhE2EByoLD3wJX3tpiNu3Wt6MkMuK7SRj1,8772.410979280999526964,746,0.000009,JTO
12M8wQjNfrntwHpYzxW3R8F1hwuBjjpATei9eyWJzMLk,8765.856845309999698657,747,0.000009,JTO
Ff2teHstpJim1NbHscCRUoXxg8ZApFEVRDdCEP2StZPU,8761.857101999999940745,748,0.000009,JTO
6pTv1C6vUNscJ9nJ8qaGThCmYUJCuDLt4N5Hgm8dAvG3,8720.180691027000648319,749,0.000009,JTO
719EnhYFDmHe2LxJ5J5ZtJPSvW9H46b9cufwH8FgiaTi,8604.883550500999263022,750,0.000009,JTO
77SYM4kU4rwpx2t51194uVnu66ADkputKs3gaUXVTyjR,8593.616706237999096629,751,0.000009,JTO
DZ6PW7kUFJWnVqoSdqkLi48dL3YWUuxrinFuzdtxSXEM,8591.399999999999636202,752,0.000009,JTO
29yTFrqpaMhQiP96r83oAbq79LERba8J6ckuaxHW1axU,8576.413305984000544413,753,0.000009,JTO
BGn3MD8ZMKkcpzoSRyZbWc3j2wuoxMqVvpnk91EhZSKZ,8512.250780258000304457,754,0.000009,JTO
83ymVJCZUM1vLq1ssVnfXPSeuUre9nu8FL2tk91TXxaB,8512.170000000000072760,755,0.000009,JTO
CtUBgvNmNfr42VNv4LvTyU3S3uXFQ1EZZ9PDA7H91T2P,8473.342088462000901927,756,0.000009,JTO
4SKQZcKWYeqVTb7CKHkRuwQuD35depq3yXsxTaj8KrhD,8425.219078255999193061,757,0.000009,JTO
9iowa7VLseFaQpt8zTDk9NPU7esnhsCQ1UqYkypM1D4w,8403.120405699999537319,758,0.000009,JTO
5q3b6s3GUAF5MwTzoHacGFcFQQaV7L7PbBwsmRnBixCD,8389.819234099000823335,759,0.000009,JTO
FsmaU477iSqM15QHJNznPNWfyJHJ6BJE2qAezcJiZGE6,8353.520000001000880729,760,0.000009,JTO
HPVKrb8AUn6JmougV1weVFt7DSPRkDPoGJFwba3SEU6Z,8345.092196899999180459,761,0.000009,JTO
5VDUGub8hpMRjkZ54d5jmJJWLzth3DALrtv3Y6fEat6J,8331.288640872000542004,762,0.000008,JTO
H2qBEqZYq3bNJjoL8xTraSxkh4bVPFR46AMJZPYLbcee,8322.764912106000338099,763,0.000008,JTO
CVRr5oHCAAooVbYze7CvXtRp4FUtkMCSqBZU7MVu8v8e,8296.898676443999647745,764,0.000008,JTO
6frKotWFXBthQfRpDcEykauNWqCQhqiD7ZQo5uJNRXDB,8268.791228146999856108,765,0.000008,JTO
HFDtNh1g8JKnzarkdAioaXEUj74fhv3AqHYHd42Qmt58,8240.438084048999371589,766,0.000008,JTO
HUqExU8HdchP5JiZh6WXzY6pkZ2KtTttGr7cdxpbcvEe,8224.206405986000390840,767,0.000008,JTO
FFbq7paNiV51qfEFBdJ4A6D6rbmECHtau7zKQ41i67Ns,8223.971813206000661012,768,0.000008,JTO
25vPCPmdh4qJJQsbhuWZ1Lrik6GGMxCJgfP29PmeTHPv,8200.000000000000000000,769,0.000008,JTO
2ay2fnFfy4tGaxYbPQakKDer5ihmPmWsHv9gNP6nuvCG,8123.927330657000311476,770,0.000008,JTO
2mpvsqcCZY5Cej3vVkEy41AR3QzVkGHjc2rPNhzThkVi,8086.123979672999666946,771,0.000008,JTO
6dUaYX9Z6aQPY66BgD4yzu1saifGAZLrhQqF9BugJxJ1,8013.122679752999829361,772,0.000008,JTO
2hWDDmKo57QU4FXQm1rTApwBGjZyd37SXiAYGSdCbKcN,8000.000000000000000000,773,0.000008,JTO
6jMqCmtYtU3JSkXHQhVQrwzdb71xL3qKx3zLBGiLt5R7,8000.000000000000000000,774,0.000008,JTO
dKHWtwq2nH9pzEeZJYCXu8FoZdVfJkWmaqPCh73kVz1,7999.052000003000102879,775,0.000008,JTO
DScZ4Ac5HuYRdgSqib7c3NbTESBXS4DYbSUuLiWkMkxi,7988.735742969999591878,776,0.000008,JTO
5Xsp2PZRBxPWvVdAHwkA6VMCk6S8m55QvR35Beyo28dK,7960.869611299999633047,777,0.000008,JTO
3zzYcAWXXoyai8LeJ58APxNrqjQoUBDKPMfvCkHH2Z1i,7952.466849020000154269,778,0.000008,JTO
2icmgUhbZ4Tze2h3vxPNQjTmoLW5QLoXPBtfpVpyhAxM,7951.271234429999822169,779,0.000008,JTO
3ZAR2xKUqmn6mDsT6q2uT7M7cgJC9Q936C2NhXd7PQo4,7901.953855519999706303,780,0.000008,JTO
GzTkBt2v6Ac3XHcQXrFuJnPbaZG37SNq7MkVaFpnbezw,7833.010000000000218279,781,0.000008,JTO
4xJjdUFNp8nYH18vAX7serTCiMrvSBCG6VRdMagypyw5,7817.000000000000000000,782,0.000008,JTO
CBX1BnPxaQgfFgGe1M3dKycKgKLEaaeJGqqQJArJPee8,7812.587275429000328586,783,0.000008,JTO
2KXwG5P7tczYe385tdRBT565dzMbMzQyunsCsQMUZXUi,7802.819837050000387535,784,0.000008,JTO
F9NCZHVn1hFNYAUKym2MK1G3HqU8aCLNyCe7BCxMZwX6,7800.774484159999701660,785,0.000008,JTO
J6wLEPrT8Jd2NiNSJAQwxdK7FDtDssawsMtLqkZ5E1ZP,7791.902791342999989865,786,0.000008,JTO
GYLUD5Hr8Db1PPqaDh4PeMHAEi44z4bCxsWHyUKS7kEd,7772.676908338000430376,787,0.000008,JTO
29RYZ8bTN5gnJj6fENqtmxqdTNkyrHzytxiB7juRm9gv,7755.521700000000237196,788,0.000008,JTO
9KBixsnDBGCmgZNtUxveXNmSPhJWLBRF4ZCFK8Ce7GqQ,7740.658572098999684385,789,0.000008,JTO
8gQjn3qPAcKXpDpcGSLKXetTSG4zFgeWcAVnNAy9ru2f,7714.771767999999610765,790,0.000008,JTO
GcryMkGMTqo4SA93AjWpiU5atVTC4YKtuqUypLkeZNLi,7709.822166531000220857,791,0.000008,JTO
52fZEWwQLd7PPrB3graRFSqpU52CR6W35BzTYzaBJyUV,7698.149466392999784148,792,0.000008,JTO
HrNeuWkY9imd6iuuNqCJmFTLBFEhbkw4QCCfaAMwHqN9,7682.473397472999749880,793,0.000008,JTO
9HArgPaKd1ih8PkkmRq3buLd9Vw8MYXmGMbeH6ZbME9P,7652.000000000000000000,794,0.000008,JTO
B223s9PQv4oLxKZDrXchr5zKQdDhwmcXKvigSWywZm6U,7624.094879115000367165,795,0.000008,JTO
A2oxdAjiWCzqxfU3pW4rJkh1SKiD3fAypSAXPuZm5V1E,7614.724196000000119966,796,0.000008,JTO
Py1iUEHc6YvkotpA1sjxXBAyBgGJDbQiEnApwse1cTq,7612.023303203000068606,797,0.000008,JTO
AiUoV6P8fJgy4SMSuDeytDhvAMyXbP1Cf8V4SSjVkFWK,7610.000000048000401875,798,0.000008,JTO
G7tcBfAqbHREM75BAAnUDTGMM7eR2S6SX7gcwL7SdFX8,7609.970914489000278991,799,0.000008,JTO
2ZywPpjRvmGoGL7pU59D3TYPby7MkMgwtU9X2cUxCDWM,7592.382400000000416185,800,0.000008,JTO
5WagH3Pg3wi16qpLA82o2Yo2RPDjztuANcr1j8uKFven,7588.134060745000169845,801,0.000008,JTO
HGgHUpmWgkaXZTjcwhaYPYbYArDNCGpyS7UoYDcfKaFB,7539.610050647999742068,802,0.000008,JTO
5L2STkCyJXu5Tv1jLH7sjjbysCWrosTSGy9BSJF72CPF,7506.207946356000320520,803,0.000008,JTO
AkFNK19dQfJ9xTqULz1mK7m58dS1STbzepFDKWpb55FB,7500.000000000000000000,804,0.000008,JTO
Frg89XW9WyAKp3jyVgKnWWbm7Z66AMxuQVkmABKdxPRW,7485.100000000000363798,805,0.000008,JTO
CeEwvXdkmzQ2Pk7tDWWXTydi3nPfVr6NXENkRn2rWdaK,7482.206545635000111361,806,0.000008,JTO
4ossr5e6Z58vtUnd8yjA71vCtPq7cEjoYnHiTXJ4qGbK,7463.473213375000341330,807,0.000008,JTO
3XmTEweu7gXG6FbV9vsU3jywJgq2kvXpEjC7JLQzGfMd,7411.421653721000438964,808,0.000008,JTO
F4rKKuKRwPUNEMhRse3VvfhkwbP8zhSm8kLuXKAWHiEW,7406.758296297000015329,809,0.000008,JTO
A1g9BVK3ALxBxtDpEGyu5RHBiTMpbJoq1NmUVzWNgeTX,7398.534786391999659827,810,0.000008,JTO
4Jrzrsnugp9d2zzCDp1X3KkLNER6vVT9f9en8CxVBb4K,7363.016269249999822932,811,0.000008,JTO
93ZT8ULQZ6H52XaYUQfNje1HKy8u1zez3d2d7earrfJ7,7363.012247773999661149,812,0.000008,JTO
4d1UB8fmQaCVtDRTob55x6eL5UiZqUcwWAwbBk3rnSnG,7336.413202980000278330,813,0.000007,JTO
9bTW3QLT1gLN4LDrd7MyowDVFpiJC3NmbR9LuLTQoKvA,7320.462174872000105097,814,0.000007,JTO
5z9vNUExpnw5E9mJirm8p73yJiZAZSLmKcBn28M2PHAH,7242.340000000000145519,815,0.000007,JTO
6bJJo7FRSZvPkYDhughiTJKqmxTKJSVmc83hSVgM1had,7230.000000000000000000,816,0.000007,JTO
BcuT9KC6HSAtErXM1ZfYhjwF93isGgzdvM8yfnt3ytSc,7190.975409829999989597,817,0.000007,JTO
J3YAGCVFBSnBFRioxiCCv2emmEdd4ZtZjueHWYhs6RqA,7190.609737875000064378,818,0.000007,JTO
GtxgnRiSfBzahR9xb7hvYbWq3Uzez7hpCz2BJbCLxKdq,7180.763100004000079934,819,0.000007,JTO
7XF3feJUu61PUwFgT63tqidDc7j3PcncBvXhRksjaaot,7149.866008478000367177,820,0.000007,JTO
CHBJ46P6u8ckj9GUNuvGS55Spovf3hfuaAroDFD92o7H,7118.911977269999624696,821,0.000007,JTO
27NqWdjYSQ2wtrxnD1dQyKdAHMxJz1nabDVPDC1c38RW,7096.426568767000389926,822,0.000007,JTO
63JWVKShxAdxkuXAVcMUYkmY64tfK4fH5Pt6gpLSv1rm,7049.358860852000361774,823,0.000007,JTO
APaSQ4ATCRqb75dtZ8ZRLJBsZsDVMAC3XT7gNzxnEZzM,7045.331527127999834192,824,0.000007,JTO
BPiunxZKqnVjfyGwxEGDJ8fo2Anc9KZW2w81gpbPRJV3,7040.423220538999885321,825,0.000007,JTO
5nd6ahUihvCkDePKjK9SEM4JEQgyFtYFNyREweHahxep,7028.190943999999944936,826,0.000007,JTO
FmsjGUFVbNPc5JRXPrYEAcj7FnNiNXxvkcXNeaqVHYcM,7017.607341036999969219,827,0.000007,JTO
6aDuk7mhw5WPdsKDVULaWZDm9WoV7HhGib5qpueD4V8Y,7006.445099999999911233,828,0.000007,JTO
5GDgp4Ac12pmgoA5m56Kyn1Epd2c7SWHJi5qtPAeDSPG,7000.624004311000135203,829,0.000007,JTO
HgC1591igpC2he5c9qr9rxnpsHbkYv4t8CdVufsCKa7t,6991.476286418000199774,830,0.000007,JTO
7r4gDAp2vRbwo2MXzxrwU77Ho9AgVEVZii2mxgqsvPKs,6978.439999999999599822,831,0.000007,JTO
2pHeFhoNMt2B2th1Z5ypsQDWa2FfRUoKbM3xfycJEbMU,6964.888826600999891525,832,0.000007,JTO
GmZsXtxBba9Rpt9joBPQTG67L19wTWbCeaLo9TiMaQLL,6964.440635724999992817,833,0.000007,JTO
CTaa9s2qcp2vnyRwURzZhUC3KgBAqtPWiKNS14NYg779,6964.000000000000000000,834,0.000007,JTO
62QjYRGoxerjMwTRCAyhMF9wGSKYM5HcvjNQprPhmf9P,6964.000000000000000000,835,0.000007,JTO
BUKCE4mVabnW4QnaPdUt4M8Hyz4YXuuZE1dyRDyaiBLd,6964.000000000000000000,836,0.000007,JTO
HMFJXthqDJ9tC6kQBdsPxCj1R7f7o4fr6VYBLLJwGxgE,6964.000000000000000000,837,0.000007,JTO
2jqT4YUA3D7hWKZduMP5sgT3kjwq7E4YZo12ci2DbZfS,6964.000000000000000000,838,0.000007,JTO
5Tp1KTv5Q29FXtBnn4G1b6XZkpvHmKKrr7kpRpryGvFx,6964.000000000000000000,839,0.000007,JTO
4PNrDWS3Vpn1azyN9jqVEeunP4tfksdmtsrnUsVynne1,6964.000000000000000000,840,0.000007,JTO
F4PyAj5Fczn7AGPocjvxCRwn18u8UfSdFbBqad4iZ4LC,6964.000000000000000000,841,0.000007,JTO
BBRWxsinnLRFVRmCopyYBKrSGa2DuxuicEAWo8JiQbb3,6964.000000000000000000,842,0.000007,JTO
76M2GitVSrtTB6SaFZ4BjdkUqEeKFFC12stRNyn1Qd7R,6964.000000000000000000,843,0.000007,JTO
5QiVAYbHqAEYuBnLGhCPgF5d2HLABjDKxac6kPUXGuhp,6964.000000000000000000,844,0.000007,JTO
nYCC7fM7btYR4JzDAenCzDYTkGyHrLEktjDDW8seM7P,6964.000000000000000000,845,0.000007,JTO
FnHHgv4bdbtKdog9z46rTjHpLUuCApak37WrJnwkAKJY,6948.090000000000145519,846,0.000007,JTO
29UjKYVbMjSymiCCtqczJ2EGY7uNoxkjoZVKTg2UX3DH,6943.974732671000310802,847,0.000007,JTO
ENqGd7yDhf2xXGxRXtP6Uez6SJAVnpp9B42KXpT5xLWX,6928.956736250000176369,848,0.000007,JTO
GUuHNjDzYLd9oiKAPTyt5CRBUoo4hEERV9jtLtEDFaTk,6901.500000000000000000,849,0.000007,JTO
4GQeEya6ZTwvXre4Br6ZfDyfe2WQMkcDz2QbkJZazVqS,6872.272695654000017385,850,0.000007,JTO
Hi9koz9ehqfbSyoHoAUuvKjdFKmtoJi2SUs1Qgj7Edv3,6846.351927591000276152,851,0.000007,JTO
2aVW8oiSfwqmApHGAiEUf1F7oHDcmpZWPHViamBspzPk,6791.787397265999970841,852,0.000007,JTO
DNXEhiGwSDNdgw811jdq8Y5xeq1jTAD6nq2VSSKWK9Qz,6770.882571469000140496,853,0.000007,JTO
FRAnsa5i8ag4e7oYd8tQTfZf48dxo4EH3TkrdpdfKRgm,6764.000000000000000000,854,0.000007,JTO
2MfKCcfR9p2uSUqCBo4j7YYJRCrUZgYAZMhVi3RemMAb,6750.097673960000065563,855,0.000007,JTO
Gshhu1qnaNhv4mCSCjKK4mmX2etsYzUEADHUTKFy7kZ3,6714.919791543000428646,856,0.000007,JTO
AbZtoFSdvs5h2muShiJaE1w4Rg3yYiYU75maiGuikACy,6707.051334902000235161,857,0.000007,JTO
J91v344C2bHFEF8fwkH9mmknFLDg82vDfbqwxiMuoprU,6694.510000000999752956,858,0.000007,JTO
GFg1X8GhgS1cid3KDHwP13FWmjCGm8BUEeaXJXjkapM2,6687.869999999999890861,859,0.000007,JTO
A2F3gRoia891AoZofEsa87XaxznsErVjQVmoq5Rm7ugi,6676.911987067999689316,860,0.000007,JTO
25M8coeQQg39iywsKMyFRhXrGX2tBTG4SErn7dcRCfam,6644.210759999999936554,861,0.000007,JTO
BCnLs76aVxLYFPweZac4fcTkngzhDR1qH4ZMH1rExspe,6627.809621567000249343,862,0.000007,JTO
HzV8uVHpE5ZejnKfT2jktM9aQbeDr3Afoaoy22EhuVWT,6623.280511721000038960,863,0.000007,JTO
E8Q78o9wEcA2iz3pedKFnU5q7QQ5bRsTcJ8mJX5dohqK,6617.055096926000260282,864,0.000007,JTO
4bK43Y2YofPUdLGt6yCcgdFhiHrZFXQBALAZW41oSRVY,6578.520000000999971235,865,0.000007,JTO
8fXEmZFeVHpkL6MUhEYT4ob84qMgG6Fr7gh6fWJi1ZKE,6571.845952484000008553,866,0.000007,JTO
BN8rRoEifmfexngPpL4Rh8jpgi4VHizDXm15Qz81METK,6558.819060910000189324,867,0.000007,JTO
8ypLfHyDLjWgX15PtMWDMj9PsCvEdeCPp14AUJcM97s8,6540.100252999999611347,868,0.000007,JTO
657kBiEXnYVzZtC1EeucLXpqAxDtLiiQDRj5836d5jUM,6508.850000000000363798,869,0.000007,JTO
DwSrviuoySnngPGERGMtNp8dLtUtC5XQZNm5smmzLAs7,6501.571513789999698929,870,0.000007,JTO
FotFcJG4GfBdqYUqzcsDLT8u68tF3EWMH6JXSwvqYWe6,6433.159522463000030257,871,0.000007,JTO
Aa84oNo3rTpbJNrhEbNWEGPUnoF3LmzmfhfuMhtLSQzC,6400.340000000000145519,872,0.000007,JTO
G2gd3r16P7F5SACVUdum5eBS31jQRCSPVeL71nNszdAo,6371.787078489999657904,873,0.000006,JTO
3mGTmrkmsVQnCDiz7eiVU6DK9bkc3vcHmsx9aemmKnah,6362.810123774000203412,874,0.000006,JTO
BYuHfZCZhC9qmjNNtoyVbC4mn5awxihEsx5wQqc6x2Kw,6360.599266189000445593,875,0.000006,JTO
5CbRKKveefo6cvVHGM33CuZLNp4gBXY11BGL1hxVCoF4,6360.593800399999963702,876,0.000006,JTO
AuSjjmiJa4Gi2LTERC2V7aEq5YfHwT2zHccc8mzwAinB,6359.994679999999789288,877,0.000006,JTO
4RYh5ZXr5hmXgkHeqTr8vRFAbkrWb4qbVmUDdKCGWXuj,6353.765207094000288635,878,0.000006,JTO
FfH1GrfQ9xZr1QSsETdputwRLYniPspzdk12p31ABaZk,6343.513396958999692288,879,0.000006,JTO
BxpsuimJjL4MyYNAE7Bgcc2RutjnAjj9uHUbVCqM45yW,6296.439816400000381691,880,0.000006,JTO
7KrEEk4tpmdCPL5WkUCbhCqLxnUoYskmDKWgetanxDBR,6274.336904529999628721,881,0.000006,JTO
94wF29KXLAScrxxT2eA6AD6Gf8gjVNzkc9pScoaM2D23,6263.376358016999802203,882,0.000006,JTO
D3xrhYYReiGjJoG3NdpeYRMaxvGfdcHYpRQ9MQtcEcyz,6241.492219740999644273,883,0.000006,JTO
kkh7eyJHAkTL3YcFvdwhPjE8WBe54p2mymVSyt787h9,6231.152900000000045111,884,0.000006,JTO
A2a3rsS2g1ck7jjGtTVRACCW5D2Y6omQpWuxcVbiyaYk,6222.222115911000400956,885,0.000006,JTO
82mjL6S5qtqHwAhscwwPhWjK4igfzUbS7GJhNukz1pZL,6216.476999999999861757,886,0.000006,JTO
4WEJZKnKJR1fiMZoD58h29U9wFiknonPtfuMro6m5H46,6192.945415582999885373,887,0.000006,JTO
DwLW9MDDXU2HYYWuDUmN8bkT15s6LDtxyn6cHSpQ6gvq,6192.213650601999688661,888,0.000006,JTO
5MGh6u8wqbq2qXxUxMZuFi5fBuPpLjQz25GrpFhWGvh5,6181.766401826000219444,889,0.000006,JTO
Bgwmvx67Kk3v7augNhFhE4UWPBPkJpG8akFstqeqQQh3,6181.000000093999915407,890,0.000006,JTO
9xrVGgz8WQSyPiZVJdmL1KDvNukDmRqzCXpDqA9aADtZ,6173.010000000000218279,891,0.000006,JTO
D4ZCt52SN79LuTzzgWcmVVhkoDsUf7Lp5mtvvXp5ng8x,6121.694222998999975971,892,0.000006,JTO
6xWHT7ewTVhEErCuQMx1763oBAe7VzWjooSaQ4nFirnj,6119.652795949000392284,893,0.000006,JTO
CgB7kBwfzmximd36j317zM2EJqAK7RMBPgHzz5Th6zEh,6116.025886114999593701,894,0.000006,JTO
7oMc9UTKfANFFpq2rXzskXjiEYcfDkgAjaPfxGU1mgNf,6105.829073902000345697,895,0.000006,JTO
Dm7uXcvxb7NxAS7UYbUiEFhtFb7CY7g5GtKCYvdkdQnu,6060.041865582000355062,896,0.000006,JTO
3dVTi1XUnfkEDDA1yULwQMBMyWny9yxT16zZkeHqQgKs,6038.937989453000227513,897,0.000006,JTO
Fv37bxnYGfvzba6YTAhSWhpiQik8LL5EVBqHztHSFS4,6022.685993000000053144,898,0.000006,JTO
9kFFY6V7BwPh7rV7H1HpDm2hLvSSm5PauvpXge79vWR4,6007.567107695000231615,899,0.000006,JTO
3AxUG374gPnnBA1xkrWX95xNBvJHePm75n2ysCaMmVFp,6005.800640000000385044,900,0.000006,JTO
5sUsbmHqB7m4GhgvTGffy3kbE2Z2gVNhMv9f33jkRjqN,6000.000000000000000000,901,0.000006,JTO
GxWXhGD979SM3KNmXmGfjcuq64oBATfuMMztgiPuhfNg,6000.000000000000000000,902,0.000006,JTO
2kZtANZe8A5wiYHNqtQ99e51NL1YKmRh1LvtxPezXRy2,6000.000000000000000000,903,0.000006,JTO
9B4YX9qxEKBgPFnf4G8NTJQqGnYSh8f1EM2cv3BPnDnN,5998.831400000000030559,904,0.000006,JTO
HJWvHPKEgqoLLPhhiuqWng2yuDD5siVfskU3kKX83Wjh,5989.785730237999814562,905,0.000006,JTO
GZcP3ANuTD15ZrYaF1RacomBKXVCCKvXYyWVDaEDqkKi,5976.962710476000211202,906,0.000006,JTO
GJDG7bBnFRnyPUCDMiiMyj1fVhSDAukPYyoSf8g5jeYP,5974.771114375000252039,907,0.000006,JTO
HptqceDZkTdBuErSag8pjmGb9ScozyT9nZiRWPniSDCi,5974.422122322000177519,908,0.000006,JTO
CCiS8nARja6iQMvW7JhK21qULn7DsdbbosTZHysw375m,5933.000000000000000000,909,0.000006,JTO
3YxfoX3RaZJHZDhBSFHHwEPSet4VnVKUeH6adWLUXg7M,5929.717467999999826134,910,0.000006,JTO
3apYZtu9VDTeXf9urzCkKjzdhkVNrW7XTwGgiTXyQ8c6,5917.291592300999582221,911,0.000006,JTO
Go9dDgmin5pUWXPHGthhCdqBYhRuqoHBXpuhAw7ciP74,5917.262752198999805842,912,0.000006,JTO
51dtDspmNtc7teDHC8xyV4tW9ubQ16K1rCRWbSfD1uqr,5872.130581076000453322,913,0.000006,JTO
3DNbePk46Lhe5PKedCwYVcbrCBRFjepZmR7u5Myz9Mk9,5867.941534630000205652,914,0.000006,JTO
53pLYAhqNcdUXXLXvV43qtwGQPz8FCnNSdqspC2gHagg,5847.499440906000018003,915,0.000006,JTO
GDUVwpkTCmqte3xVLBXJMVu8zgfiwNqhj7wQKLAUQWbv,5836.379966716000126326,916,0.000006,JTO
9Rxxm61PVjGMSpw3pMdwmhnuyeCoAh3Vmq2TrTAbybAc,5800.590377835999788658,917,0.000006,JTO
D2D5WTSLVtKAYpH1Lj95LTatSbXrDGsSKeFZgg4tPjYg,5782.031974272999832465,918,0.000006,JTO
BJbRjyVoca7Rvy5JawW1kza7Tsmu4KFpc9bvS72jGRQg,5771.603440851999948791,919,0.000006,JTO
GvopMnq5hP5ggWEyiyCLwWbE2U3iTBUov4J7ucdcz9mr,5757.019376801999896998,920,0.000006,JTO
7P7naLWfF1kQD55KGEaPfPBAoHtMR82frcy8oR28EHv5,5753.699512051999590767,921,0.000006,JTO
CE5LEtuuSpoRZHqb67QaHzEShE7KZ2T1ZFTGBcNqDYV5,5750.000000001999978849,922,0.000006,JTO
GuTAbAWzMbF9nqzr3rqNCbyFrPgopWZSwFjzj6CkMENY,5712.468627049999668088,923,0.000006,JTO
EnrQLzV4PUguECfZPYRgmBeW2Y2C8i8GKNFPftSsGJNv,5691.618120000000089931,924,0.000006,JTO
9f1McBacd6pJUCM2TQ982qQ9noY3rWEU5mhcGiDydbyo,5690.000000000000000000,925,0.000006,JTO
4rEcVsZSKhKy7W9csvFB3P8HTi7vKK7TRACCgmZyvwj1,5688.249940341999717930,926,0.000006,JTO
GzM7BbzDPoCnjyTBAiPXgUTGVfDTNCb3eqzmFAG3mxBS,5680.157010019000153989,927,0.000006,JTO
8agG7qgzefnCAQRFQLEQbGHa29UBXtMNJftS5iRj97uW,5674.005050406000009389,928,0.000006,JTO
CbQ9LbqGw93Mjp8sVBNvwDkWjqEf91rtsQY6vYH1D9j,5595.850000000000363798,929,0.000006,JTO
A3DpBFksJWHTWhG1a1z5SqsW4AZkqSX1mhQd71sUNdsn,5540.599504583000452840,930,0.000006,JTO
JD2b1Tn8B6VRzyv6MJ7nKdZ2sTazUz5LrKc9auUTRUaN,5540.000000000000000000,931,0.000006,JTO
91Vs2DoGLr2n4vQ5rmZbHsEV7gEges59NpLJf3RYoUAY,5502.319999999999708962,932,0.000006,JTO
5M3kawrQqmry6eEDpFU1GqP8ybAuPcPzPxgpdYR24xt9,5500.000000000000000000,933,0.000006,JTO
4by7amqVJfZfvRAdRvfYFj7UfU9qPPcTTHdPr2o6uVWm,5497.660000003000277502,934,0.000006,JTO
6hqoASCKYtDUNfXgWCo5VwHUUeBCyoSS7SioZWKjohdX,5494.495183279999764636,935,0.000006,JTO
9WhPTotuenPRNkng72FEWz9UGchVZC1qSEzbNrV1TXeC,5487.954142515999592433,936,0.000006,JTO
AJ3RgwLZ9wWVCVEcThkfUutMaSKJ653cixaf4wDbtRRH,5429.291204672000276332,937,0.000006,JTO
HUSiTK2eVQZLQuB3KjJUtys4xwth8snBpNW48zT3VasC,5419.706225347999861697,938,0.000006,JTO
GNheym4bbkaZBQeFTEVLDNgzb5hBYdA4BW66KZcmDCDF,5394.864759889999731968,939,0.000006,JTO
DBsE8SzTdmyXttfSPKoV3FQ8ExbR3MFA6emnmTiwkMzT,5387.002309999999852153,940,0.000005,JTO
9qyXm64bU2aBEu4Lxfoqjjivufb1iyprxPnaqbjK2Bpw,5376.208773274000122910,941,0.000005,JTO
Es6nAzaiDGxM6ZA1RJbnxSoUQmGZwod9ro66R8HFcetc,5351.232079389000318770,942,0.000005,JTO
8wRNqWbb8Tw1vZdN5vZ5aqTwjZaUPrwNdv3UUTQXfjhk,5342.870935799999642768,943,0.000005,JTO
FL1jfDh3eqEavuRGWLnkcVLZEQdF1FgrnueyRjDg8FZ5,5333.289061796999703802,944,0.000005,JTO
LMioBmj2xudP2nE9Lu2DsRYoCVy3iHaDMHvmhe9HXmT,5308.903075326999896788,945,0.000005,JTO
C4FowdEMPqxJ7sW2wR2ySQwPRY8LLdj7QMDPWU6ryGmC,5304.689370246999715164,946,0.000005,JTO
7R8989Z2ubW1gaCAB81geTp34wKjR2AZqLDDNnbG3v3b,5294.267799999999624561,947,0.000005,JTO
FwkLodYCyxvmnsUTzbfokN5j1djXbbaYK2vS7KFvvqCX,5288.391659726000398223,948,0.000005,JTO
7ZmxrWexEgyEoaCNeEk4xgKrsxqB29VBvzjk4RvX49Ao,5260.355629613000019162,949,0.000005,JTO
FPRDFdPAhfDRJ6JwVWvxyUvbPGVVNRce42pDQaxYgUju,5250.964306969000062963,950,0.000005,JTO
BQMsVi8y4LZSVzUKz2HWyxNiKdDmdHYbScLThWtiTB35,5241.511226055999941309,951,0.000005,JTO
3g9B8CMD5TSh7JjJvA2ghY2ECBvMJQP4TKW797SQBro3,5238.420000000000072760,952,0.000005,JTO
8QLjF8BgcvAvBPiYAs8BcRNKJsy4F6qjGLd3sFKYZg85,5236.825134472999707214,953,0.000005,JTO
3XxCwopDTGTu2hTmxPMxsLGbzoF4tn5n2SSpYMhJQSmu,5222.220000000000254659,954,0.000005,JTO
EgVWS1gs6j7VsFcsJEeSs3TUhRZogJdYhgmbXiYzPPSM,5214.170662354000342020,955,0.000005,JTO
DeN8ZqsTfhhZv8DPsvHAQ95hCEYRFrkkrtpnkWBMJUsp,5191.600897158999941894,956,0.000005,JTO
D9tnx1BsZtjnJQKSPfY88tWrLkPeukCnUnzoG1GNmp4i,5188.501500000000305590,957,0.000005,JTO
JCwopdqxPFEfiKVEKMvRqyXyR1nCZeNmd5LrMgFs39v9,5183.578417714999886812,958,0.000005,JTO
9cbY3gDdRqV4vMTFChdLCpGcGx4mVGxqKTv54iqV4yQt,5181.167493259999901056,959,0.000005,JTO
6L51WeUhTTAS79g48c5pL77uaqBHMjw6N2BSgKLXyUwK,5164.247055175000241434,960,0.000005,JTO
B5xhe51anfnRFutTu453pM9RGTKLfTgJV1CUmDP7pskn,5156.693122767999739153,961,0.000005,JTO
5PSambvyJp1gYq8T3ut2dWmtRHuRmKzQdEBcJdEgjd37,5149.200427208000292012,962,0.000005,JTO
6csJHaV2xPLASFK7YV9cqP411Vkh8MN7mxo4bD4UydbA,5144.252088225000079547,963,0.000005,JTO
DSUn3yv57hRS2pmhEX17oQLZV5tK4re1LsSmPZdBeNXm,5137.077564743000039016,964,0.000005,JTO
Did1rhwuwsqvBzRRn9nYK1K785NxLsdRs9fG9tPeQtLp,5114.453978180000376597,965,0.000005,JTO
E9ZRdpvaD1bxdK9atUhmuarq6QnfEr1ERkD9CA2LURmr,5110.891034557000239147,966,0.000005,JTO
MK6NJvZAofsL8RvNiEUsSNnT2TYeEJS7BWeJszQMU42,5075.553403507000439276,967,0.000005,JTO
26Z4xSG9BDHtV3T7xS6T97pngo6zeZR8ZqYSry3YaSXj,5067.486710316000426246,968,0.000005,JTO
2H7UnjsegyWCWQDCCaF2epNLLRLvp2xHeQWuUwM21YYw,5044.419231687999854330,969,0.000005,JTO
6G4ANbHZbiv9rbEywCUn8yWfn6ZFdM1QMsrThCAF3o3M,5012.722864803000447864,970,0.000005,JTO
4TtFSyjd3K7puypp5mocHV3hZfFNY9phULg8s8wRXJHR,5009.649764675000369607,971,0.000005,JTO
6qFMiiCtMW625FfPAZd44tDpnQS4wRCZJohm8QkhT5Eb,5005.155318744000396691,972,0.000005,JTO
7LcRA4NbkAAgezxEFCNsaQHJgYjWvzoGqZ83ELZVpCjj,5003.769380249999812804,973,0.000005,JTO
5E1NhVri1ccBLcqRJDXBxEEzLLyfFvwAYbBByoS26tZY,5001.937244388000181061,974,0.000005,JTO
HTjuoLrdozoA8JB6UNBsC1LoM7ErPMkuBKgJpgUKvTuq,5001.906750875000398082,975,0.000005,JTO
5pTn4VbCH5Jj4ZvYfXnxv9M1ftGd4ngxCExFjoMRbEqw,5000.754727137000372750,976,0.000005,JTO
CV8eHmJ8U7aAFPJZayPw2o9iMStJQRj4kKchB9BM3Qid,5000.183100158999877749,977,0.000005,JTO
8ARoFmVpUYuw3BQFEf2PyQFnXsPEseD49xRyzNAPAs9r,5000.064281957999810402,978,0.000005,JTO
J9aFRKC21TFZ2QDQvf587ViaxLCmAkspRoLJJcYbUXai,5000.007953889999953390,979,0.000005,JTO
HaTC9u5NMfcsnwjhNaXSwYanKVFq5Bjw3tCTp6pXZVy6,5000.000000000000000000,980,0.000005,JTO
9VJTq8aEUzjCC2UtDG3wzUwzTnoJRd8WmKZeEVL5efX7,5000.000000000000000000,981,0.000005,JTO
93KT94uivk9egZVPReW27pmUpiBsHhSV11AmUuSExUVU,5000.000000000000000000,982,0.000005,JTO
6rRmVkcJWVYUG9cqPeqZTYRMBeu9F4xgjMEhaX5BeGPp,5000.000000000000000000,983,0.000005,JTO
DiMVnHtS9BGZwSjXiGo5LsLkkxrd4g3PJhPBiHDyE7ZJ,4999.250000000000000000,984,0.000005,JTO
8u6aLtoehQi7R7TLpucG62rEFGGyCJdXYTVqeNCkvdbE,4997.000000000000000000,985,0.000005,JTO
FWBYRV1awWjxLKFUqofDuqTBRow56BbdwTUHwL25mxx,4996.579999999999927240,986,0.000005,JTO
C92eC2GnaPwB3ccaHjocjEreRArqd2tuWhHeqK6K8u4F,4990.000000000000000000,987,0.000005,JTO
BPiCEdhujbMgQQDTajXUsYWSSzpnfeDrLWiafF9pmovw,4981.855043597000076261,988,0.000005,JTO
cMhp4KsUQgSuGhJxNjmzdDGSo6mNSMryoEJL4aoLH7e,4974.539999999999963620,989,0.000005,JTO
8PdAWLTub3MpNwKVxHpd1juZ6wi9phaXVCA67pNrHDGu,4966.155741747000320174,990,0.000005,JTO
6qWCLV7mP5W5nwFhB3R2gi3xUH12k1VM3u1ZpWeaU2RC,4964.000000000000000000,991,0.000005,JTO
AkA9D7MyJcE81V8xjrBdhmn3Kg4XKzfe2odMsmmH86Qw,4964.000000000000000000,992,0.000005,JTO
FG3SxwRtxpS5n7dkko3mqj4924gyPkYXtgQEcZWHy5ez,4958.451022670000384096,993,0.000005,JTO
5WEutvGMWNEddYGWS2HbrtGZ45dK5zf3T5Qu1XLjModA,4956.088732788999550394,994,0.000005,JTO
4Fw6Eh23iwciG22kjEGLbcBwYQhWaHBQbTjgUYdV68qn,4955.556209862999821780,995,0.000005,JTO
CTfQuAFsgQBjRd4XPwxBbcnaapXS8WhYKtrPKTSwAgUJ,4952.820814280999911716,996,0.000005,JTO
ARbNnFqeKvZVvx8En8Xyg7mU1Hxpgcu4ZhhUchyeGhEQ,4941.006615385000259266,997,0.000005,JTO
A4a5FYZNAXBxKeGnbJhVYEC4cHzUD2dZfCqQ256xGfD5,4941.000000000000000000,998,0.000005,JTO
79eoJjFW4MGNjHRG5t7ujqNiKYq3bE1cRksS5DSGNTUh,4941.000000000000000000,999,0.000005,JTO
2uiaQdQpjDyzQZ9kzdfJYQZqFUndkzKKDTdshLrz61i7,4941.000000000000000000,1000,0.000005,JTO
