token,address,balance,rank,share
MOR,0x18b68344a9d235185ee3ec53d28e83260cc0282f,2358802.5594891077,1,0.3119825243168437
MOR,0x42bb446eae6dca7723a9ebdb81ea88afe77ef4b9,1525991.772720126,2,0.2018323930609414
MOR,0xc0ed68f163d44b6e9985f0041fdf6f67c6bcff3f,432194.3143126494,3,0.057163357158579675
MOR,0xe5cf22ee4988d54141b77050967e1052bd9c7f7a,340977.8354037446,4,0.045098783447307306
MOR,0xbd5d3a6d2ced315dbded2a434164a268b122694a,275439.4108581138,5,0.03643046865036073
MOR,0x000000000000000000000000000000000000dead,249053.92067893973,6,0.03294064208631845
MOR,0xb1972e86b3380fd69dcb395f98d39fbf1a5f305a,249053.92066794395,7,0.032940642084864115
MOR,0xb19b3b7b23fa14f6a5fcfd1b9a03a4105e242169,211752.32251054328,8,0.028007017306739854
MOR,0xadd08936c6439a8a3f4eb4c1cad35a7cf234df0b,90781.67343488177,9,0.012007064994051932
MOR,0x1206b182d26da31c01c7110c2672ea479f8b7daf,84683.63806774405,10,0.011200519969942296
MOR,0x51d25291a5fe3281c65e46f1c2cb1738f3db12da,83632.70973922244,11,0.011061520937789613
MOR,0x858da48232ea6731f22573dc711c0cc415c334c5,71869.88337760638,12,0.00950573313069459
MOR,0xc794ba3d6462be04d250976c4bbf9b4ac7b60710,59010.4848642482,13,0.0078049092981722565
MOR,0xbf5f204b6f3b48441314aed3d57530a99f1309a6,58708.382812979966,14,0.007764952346210844
MOR,0x95377b5712dfa0258a5db0d34d9e02218b6de8be,53543.046544076584,15,0.007081768990471711
MOR,0xe1121ccfaa8d454cb77beb38001451b4ebe52445,51689.15765243272,16,0.00683656790999498
MOR,0x839f654749f493f5407bde26556e5052376f144e,49999.99837105785,17,0.006613154477422355
MOR,0x6abe1d282f72b474e54527d93b979a4f64d3030a,35927.08090552315,18,0.004751826873830534
MOR,0xda8fb3b0c709b259b40493c5111e9d817eb2d032,30322.660890447238,19,0.004010568943360113
MOR,0x33d96e330cb39545b988ea3d6b1f63de57e4c97b,30082.31226000053,20,0.003978779689892836
MOR,0x000000000004444c5dc75cb358380d2e3de08a90,30018.793658493734,21,0.0039703785231400505
MOR,0xa023397d2470ebeb7115d7076ff917281da88b3a,28419.435232677526,22,0.003758842429554657
MOR,0xc599884acb421bd548d6fae444cd075dfb012fbf,28219.722225811332,23,0.0037324277693829653
MOR,0x67760bad63cc00294764ef7d1f6570e864c196c1,25417.363268856934,24,0.003361779103637108
MOR,0x667d7b03958543a03c4018310093722f33353fd8,25006.099418954967,25,0.003307384074457358
MOR,0x80be23a5e7188460ef7802db7e1c74d247667aad,23007.7844026283,26,0.0030430807478962407
MOR,0x1eb79b7111fc98bbcbe79dd8043c2c98bc5698bd,21368.077489603544,27,0.002826208038560178
MOR,0xa81fdfcbc1a5ef40df68f32b80a818abb18f68ff,20602.791095620065,28,0.00272498889240493
MOR,0xc94e0c8b70741c65a6f7f2390d23325d5989875b,20377.54127866797,29,0.002695196654724027
MOR,0x5846f9a299e78b78b9e4104b5a10e3915a0fae3d,19280,30,0.0025500324495711666
MOR,0x65485deeceaf608c8304978ca0fca1c49f5308ae,18868.886228296105,31,0.002495657270198214
MOR,0x37ecd41f5a01b23a3d9bb3b4ddfef4ed455d6fd3,18397.418784623384,32,0.0024332995274450086
MOR,0x9eba628581896ce086cb8f1a513ea6097a8fc561,17897.077181246597,33,0.00236712279899681
MOR,0x3c55bab838b2ab826382e32cc0343d1451ea9ffa,17819.186757519346,34,0.002356820770572778
MOR,0x22fa883f3ffc3bee638187c330ef3da81652c6cc,17667.028949708132,35,0.002336695908157103
MOR,0xde01051a9f9343252e7a74219296c4387378fa68,17619.510533116365,36,0.00233041097536347
MOR,0xaa3b1fdc3aa57bf24418e397f8c80e7385aaa594,16356.684303736887,37,0.002163385671261433
MOR,0x151c2b49cdec10b150b2763df3d1c00d70c90956,16271.781045002746,38,0.002152156103582678
MOR,0x1002155825193612e972920338cf7c7bfcc15625,15981.59686289136,39,0.0021137754458681393
MOR,0x3684262d576ed6101d2809a0d0abbd2132ec2d9d,15298.501787912886,40,0.0020234271778527164
MOR,0xf0f6477422a346378458f73cf02f05a7492e0c25,15280.648715612264,41,0.0020210658752753755
MOR,0xa0f75491720835b36edc92d06ddc468d201e9b73,13725.64594695542,42,0.0018153963981359586
MOR,0xa06ad2e0339375124d255f1fab201964ef707e18,13439.662126019046,43,0.0017775712931857458
MOR,0x8ce686e91e991ae31de2394360c4bbc618896520,11679.619330375292,44,0.0015447825877124301
MOR,0x13d9dbfaf26c40eccc5559a1f931de7eb6f56e8e,11216.615595096166,45,0.0014835442812168684
MOR,0x6759bad2e7a59f6f5098f3d5decd209fcce4f114,11029.404999999999,46,0.0014587832287065597
MOR,0x1571d332d7caa60d6ee6de4456438f506570e069,10844.424588152382,47,0.0014343171471325731
MOR,0x240ed9fe4f9bac21ce4fd9233ba077ab3fbf2cd1,10742.283849801817,48,0.0014208076970694456
MOR,0xc4ba2bb098aa3bdf9e7b78b66e84dbd99eb9b000,10680.918743044524,49,0.0014126913581948347
MOR,0x3f00e40824d69079d7cf64c2e138c81f867f4bd0,10496.068909231604,50,0.001388242547275707
MOR,0x498581ff718922c3f8e6a244956af099b2652b2b,10423.831751947117,51,0.0013786882373617952
MOR,0xc4f31b5f09ddce80d94b160c21671b63d366aa38,9729.907000000676,52,0.0012869076027651122
MOR,0x3f8d4407b4624222c500e826f4fae277016958ec,9618.43345984496,53,0.0012721637674608774
MOR,0x728e35d0f40c32d734ab6ca7aa391888c204a561,9593.632067250594,54,0.0012688834585443739
MOR,0xf432ce1eae375d68d139c367881d3c67af331aef,9560.472133870513,55,0.0012644976231634183
MOR,0x221ae1b1d85eba2f7cbe3b30180dc54db8accbea,9512.215634059432,56,0.0012581150691996744
MOR,0xc2c8e1dd4c4a0f3b9d7f8790c04d562364f788e2,9484.30066293846,57,0.001254422948754274
MOR,0x5160c0311a95e0a1072fa85df23712a7ba1cd4b1,9209.916946332269,58,0.0012181321094918399
MOR,0x0862ce52bbe3b4c5489fe57255e9dfd2ddc61f42,8863.752490825087,59,0.0011723473276229889
MOR,0x3c73f2e4b153f1d48d9388b68244f1344b38ab81,8622.591375972434,60,0.001140450612454471
MOR,0x42774b349b0b9796d8da97f547fcbd88d2347071,8554.326632384465,61,0.0011314217062661424
MOR,0xb2880e1939b88741e9f4929f65b1cd01dfce67a8,8464.734569882377,62,0.0011195719828945485
MOR,0x70305f11944ba4622ce0ae2e4d9d8023f54cea85,8415.406002473417,63,0.0011130476339534848
MOR,0x401dcfcc22dcf6a14fbe79a9b0ead6c879711ae6,8000.079999999998,64,0.0010581153319069135
MOR,0x63da1c6b40cc9d7dcdac9a19f1a818443f452139,7925.04538440199,65,0.0010481910215015184
MOR,0x859bc5fe903dfe749fe3331512ff7297d2e924f3,7571.984014133608,66,0.00100149403234828
MOR,0xe09a52faf64db20c2c8a478bc15071b29e1ff879,7115.028264921511,67,0.0009410556512015503
MOR,0x7f3cd8043a7362372f3ddd326a0213a9a2af6849,6964.553158364175,68,0.0009211533480597511
MOR,0x3666f9a79647c81b3b0aab98b9834f5020e762e0,6685.472999378033,69,0.0008842413427980218
MOR,0xc8af7076de5634497e10ebf21325da49cd5de464,6404.150392966887,70,0.0008470327445020487
MOR,0x1b89a08d82079337740e1cef68c571069725306e,6347.238999973172,71,0.0008395054675889642
MOR,0x6820250308b5ea5044672a297b2529e627787f5f,6312.126961503536,72,0.0008348614407493292
MOR,0x7929a629ba65491d02756c742f9f7b611e891c16,5812.093166714955,73,0.0007687254240173224
MOR,0x42e1020cd0f45c5c5b5a393989a7fe4ff23c4820,5778.268706293142,74,0.0007642516962338753
MOR,0x6fe93c7f6cd1dc394e71591e3c42715be7180a6a,5764.69976851856,75,0.0007624570265434502
MOR,0x9ac558d434f6cb87576bfa4a03decc41bf35e533,5700,76,0.0007538996349873262
MOR,0xd6f14caf5db98820628e0acd3e3a7009b96c8861,5585.446994905906,77,0.0007387485001229159
MOR,0xecc9ecb755b6f061b5a8f4e298dbe9d44aec4de0,5414.143973274495,78,0.00071609143249482
MOR,0x2ceeb13b4ad93a9de766975a084d6121412bed22,5378.106299075818,79,0.0007113249782098771
MOR,0x410bf0edfa88470d52e129b676d58e1de02edec8,5324.115727000892,80,0.000704184018108115
MOR,0x2d9727a21357a7119894c7020fec65fba9cb5532,5000.700000000001,81,0.0006614080534528286
MOR,0xb58a0017950127d1a46bde0dcd5634b2e5beef74,5000.510291697765,82,0.0006613829620458444
MOR,0xc429a279dd69159b791e7eaa89c9d1419788c1e2,5000,83,0.0006613154692871282
MOR,0x37eb787bc9ad03d6d792c830691ca525cfe30ba7,4982.051137804478,84,0.0006589414972419279
MOR,0x2ed6d479c15272438c38c7c47994e3e8df3138c8,4856.741637043389,85,0.0006423676749815369
MOR,0xd370f7281147d6f12314ca89c6265c6ddce2aebc,4730.716503303234,86,0.0006256992008892682
MOR,0x7bbb7a90ca1db2539401a3d423aacd7f4614ffca,4290.736257342826,87,0.0005675060523223936
MOR,0x54eb9b9b4ae5febaea277d93d11fc1b93eb503df,4263.4736361831165,88,0.0005639002137011474
MOR,0x1806574eb77c66d80ea7dd1e81416db7f55168c0,4043.488199143336,89,0.000534804259194688
MOR,0xd7a20ebb8f5817128f0451ddb7e0abf64b456bab,4032.620808814405,90,0.0005333669045276273
MOR,0x59238f0f0a04f4a9028aca329d3dfcedbe60fd00,4024.668674851715,91,0.0005323151306869533
MOR,0x89bda51f2b3940abddfc864073e38d138c686f28,3997.73762064537,92,0.0005287531461367801
MOR,0x3cd48a0cb9c82608e743086b1ffda59741beef3f,3946.51559752363,93,0.0005219783628850622
MOR,0xb801bd1f8777fe349578c7fb293aa7b056abd673,3936.9631711894203,94,0.0005207149294242545
MOR,0xe4fa469c988f2993a9bef0d17f771f25480faa1b,3843.5929828724175,95,0.0005083654994433972
MOR,0x4f58a210ff205c58370ed8597fb3436ea4e48781,3829.656221237823,96,0.0005065221802312523
MOR,0xb3f4b6f9e3d987e2b7f9a341bcf295216b17334f,3770.3480025215313,97,0.0004986778917326626
MOR,0xc72453636b7794b1e9491c742bda082071f84643,3734.2911459982624,98,0.0004939089003341218
MOR,0x931a833e7a699163907bfe8e36cbfbf2e6fa5fd1,3718.3834967049097,99,0.0004918049054225841
MOR,0x1b82dca4d87ce173563f5b524770bd3c71365fa3,3572.7963515657652,100,0.0004725490991806108
MOR,0xa963e3c22bbce591e8520ae545205389cb0e2590,3554.978772195344,101,0.0004701924910080286
MOR,0x26534092908eac2e6a7b14bcf6238e343842be16,3536.6193246051225,102,0.00046776421366823265
MOR,0xf3d1e7c8d865213fc95b3d8ddce19b1234bfafad,3500.6473267895017,103,0.0004630064459449061
MOR,0xa1c9d41719c4ffd99463f1cfa579d9b6a96b50c6,3423.4722167887594,104,0.00045279902712742074
MOR,0x81039d59cd0fccd972262682c3711ddb5c69f907,3362.001435816308,105,0.00044466871145417217
MOR,0x8c39b7cb82b9d791adcc9387098944b635c17b32,3313.664589669521,106,0.0004382755306354877
MOR,0xa13f86dbc19c914160635d3272abb2581fce732a,3232.460261874159,107,0.0004275351950066606
MOR,0xa2bae9feefa90f4f45d5c6bb9b787b5181515386,3206.758346977561,108,0.0004241357802243763
MOR,0xcbe3d2c3ade62cf7aa396e8ca93d2a8bff96e257,3106.460103004356,109,0.00041087002416801327
MOR,0xd8e88c4aebc535bed56b16a9ece39e119711ba6d,2910.958522843135,110,0.00038501238032187475
MOR,0x1fe04bc15cf2c5a2d41a0b3a96725596676eba1e,2894.0071496044984,111,0.00038277033925220066
MOR,0x0e718a26af979ca6d6c22721aa32af35f9ade558,2794.323723298831,112,0.0003695859008827044
MOR,0x630d437244ac8adacdce41cef69d1fb5934c14a2,2745.747794074939,113,0.00036316109819655313
MOR,0x84f76eb14cabdfc8f02c93b074a0de655767ab3f,2717.007946682127,114,0.00035935987706338954
MOR,0x9b7bea8d920e0549a5b681be9418d0b41c07ca42,2704.389158912095,115,0.0003576908771521948
MOR,0x586b0b8152952451a58525624f233aa4bfd47d8a,2694.885886652646,116,0.0003564339449613907
MOR,0x2e04084ff9f262fbfe848e9717c47671acd7681d,2632.044713038472,117,0.00034812237691754836
MOR,0x691c415200dc6bb0200856e9ed7c146411077fc0,2620.420532076159,118,0.0003465849267799143
MOR,0x87cf87ec5de33deb4a88787065373563ba85ee72,2552.888260394502,119,0.00033765289959207816
MOR,0x7de783132ffa70419e3866d9960d53d3a0b7a965,2529.43105548615,120,0.0003345503770976519
MOR,0xdf0ab4c7f8586c1437d65392f3195c9d2288802d,2414.4848432951662,121,0.00031934723544608027
MOR,0x6de167ad317d0569c41482ad52404e3fdc8db9e4,2409.128843279016,122,0.0003186388343132438
MOR,0xb6242ebd641c54b548cc2f3e00b298be1bda0c45,2369.7240824463283,123,0.0003134270387328006
MOR,0x38ec622b6f3101bc6e3190926a2c2e5134b025f9,2367.847996453967,124,0.0003131789017951083
MOR,0xd455712e43582134f101a0c686d26548b5438a3b,2354.672944434219,125,0.00031143632865324395
MOR,0x860f2a548a113111d625a734b860e8d3a087677d,2303.945265553907,126,0.00030472692890032787
MOR,0x360e68faccca8ca495c1b759fd9eee466db9fb32,2271.357540492965,127,0.0003004167755619926
MOR,0x7c802e969a11c6f772096a0f79171596d4b70cd7,2262.8422973475826,128,0.000299290523158636
MOR,0x1a3ce4bc25020f511915b2215057b2512f7e31fc,2258.434990347766,129,0.00029870759909926076
MOR,0xb77d1c34c99a3db22314f512acc3058e550b9bb9,2214.9268112588775,130,0.00029295307272486144
MOR,0x73b858fac30b95f2c5ecf7babc3a2047b51bd0a9,2191.95614393966,131,0.000289914901197252
MOR,0xb1ff8bf9c3a55877b5ee38e769e7a78cd000848e,2125.5492842051535,132,0.0002811317244754101
MOR,0xf3d9b8f6af674e82943b4685728b00d13a62fc9e,2125.330892532431,133,0.00028110283931710316
MOR,0xbd80f95e9cff143991126ea242849d55b44e6be7,2049.4958085167664,134,0.00027107265648225356
MOR,0xeda4b0cb9507d69b3ce45c86d199a62cb474514b,2036.666660390445,135,0.0002693758336595111
MOR,0x83ec85709bf01a932452b4fe26c47f2e550c7a5d,2017.133464810911,136,0.0002667923127792397
MOR,0x3b438cc593d579627089f0d99bc5f0bb5151c6ce,2010.2044875951833,137,0.00026587586481541996
MOR,0x1ce17ec5fe114457a3867b33c0117c15f04ad56d,2000.352898767056,138,0.0002645728631976006
MOR,0x5020616a96dbfaa2b6aac8db3889ee16b04d2a28,2000,139,0.0002645261877148513
MOR,0x9b88ea6a185feba943c46189cee9af00b892eca1,1968.1717646275015,140,0.00026031648683246233
MOR,0xb0242792abbcdc23d84a9dea39f3f6b65a528382,1925,141,0.0002546064556755444
MOR,0xb9ad9cdc93742cec018dc5be9963d0d16cf0a6e3,1916.9333937577514,142,0.000253539541377015
MOR,0x68700f67eb19722f8051f072264e979ae4c03c3f,1883.5031017691183,143,0.0002491179475300412
MOR,0x1ebf7d99e1e268636283cc42a9c4eff25092b4b5,1827.5851851851803,144,0.00024172207088058814
MOR,0xe5eab28551c82b6b1bb4ab1cad141e8989f9d503,1819.7928686266,145,0.00024069143498423387
MOR,0x5e395c998487d6447ab8242ed93abe89ec7d2a49,1815.7802834741904,146,0.0002401607180576098
MOR,0x740b13adbc9efd06ae283f59ce06915ff582b977,1810,147,0.00023939619988194044
MOR,0x4de7d1744f74344f83aa515e6334c3f73d6c2494,1715.3777557057595,148,0.00022688116910385105
MOR,0x69386df7fa2aafd3b090482b9f372a6fa76b8a88,1677.796902639924,149,0.00022191060920756232
MOR,0xa6ed1de6a3599ef2e8d1600102341da2a856c7ff,1673.7736499999999,150,0.0002213784813660359
MOR,0x7ace6f0466aee748b9fca50259670dfee1ecb8cb,1631.9761355982955,151,0.00021585021279571618
MOR,0x9b378d17f539bf85dd777cc1dfbbee62945f4bee,1628.2647314595129,152,0.00021535933100176553
MOR,0x1bf83156acf506b667e59b6d1335570453ea00f9,1624.7208137006996,153,0.00021489060147460861
MOR,0x063e2575eb717cc4031a39726cfeb38096c9fa8a,1614.1017061118619,154,0.00021348608545090407
MOR,0x1b72bac3772050fdcaf468cce7e20deb3cb02d89,1591.5037398235293,155,0.0002104972085147234
MOR,0x0c071221d65fb51eaef264c3a66415566aff7ac8,1583.5672528593518,156,0.00020944750419448215
MOR,0xb17e419217097ff8f6b7bc8f6489d1d61217bf50,1580,157,0.00020897568829473254
MOR,0xd45ea29e0c7896f4e348f662abffce13d00cc972,1567.062065840048,158,0.00020726447709461363
MOR,0xeef6aad7f7b0bbbfa59c2c17f74a4f34ff1a4441,1548.36951044722,159,0.00020479214188625687
MOR,0xb2ee96ec0584aaa30c35d9069dc5187f64437fb2,1544.2318655968377,160,0.00020424488417706207
MOR,0x382f84802fd6d9b8cd1c296fc32a50c326b42231,1529.2168116702767,161,0.00020225894669029902
MOR,0x4d088dc118fff0869a29988e86e9874737599a1b,1527.0916277995884,162,0.0002019778632965459
MOR,0x14c466480ee6d3388885ffaa850262b3984f76e1,1523.0384903859667,163,0.000201441782802391
MOR,0xeb113fec2084068c1be69b8cc299c594d09793aa,1447.0930019753434,164,0.0001913969975406887
MOR,0x98eff980c57c9d333340b3856481bf7b8698987c,1445.1993836683655,165,0.00019114654172482274
MOR,0x2acfd4afeb70e2b09096914d0f858dc69d66ea8f,1382.4814853930043,166,0.00018285127845868817
MOR,0xec72705688ca47f5622a859c119ed9728b2ac56b,1368.6333110906307,167,0.00018101967608117933
MOR,0xc30ccece5596dafd30faaff3c0c2797af37a2284,1365.9913146750769,168,0.00018067023746129796
MOR,0xb56bed300f084e308c7eab17c175fdc40ef3885f,1351.690431864465,169,0.00017877875845587394
MOR,0x9b55b3d5c8bfdad9c1e693cf74c722845b337f71,1334.766401542764,170,0.00017654033384498889
MOR,0xf68d2bfcecd7895bba05a7451dd09a1749026454,1329.2337101563749,171,0.00017580856296486673
MOR,0x2ca1b43f7f856c98f83cd3cd2f24650af8b8f802,1266.3917996630544,172,0.00016749689745910873
MOR,0xe0d65a4a530d1b0e3957ad3193a262bf849a5aec,1260.9085023273178,173,0.00016677165958894406
MOR,0xb3d5521be87de21db5cbcdd6752339a2caa17b8c,1255.9445326090863,174,0.00016611510959619618
MOR,0x0f40f9e957ac75a163395208590b4704e943901e,1252.8105031438447,175,0.00016570059316288298
MOR,0x100632eb5692e11c26fdbceefcf86c636a7cd70c,1234.56,176,0.00016328672515262342
MOR,0x593c427d8c7bf5c555ed41cd7cb7cce8c9f15bb5,1224.7276937368908,177,0.00016198627390651087
MOR,0x6fb00863a5e6b309f68dafc5cb9789bd318d932e,1221.5232055249423,178,0.0001615624383813689
MOR,0x49fd124556530d3208a78ebd32d6bab54e246e0b,1221.1112310643648,179,0.00016150794936462267
MOR,0xb3a95131cb594d26bde2f5cac4b8545dd86b7653,1207.4423574493032,180,0.0001597000618507485
MOR,0x54e2e75c5bc98937581de8cf8a4658fefb5b322e,1170.2200437847723,181,0.0001547769234849461
MOR,0xad8ec2e18caae35e9ab3293ef71292e5ec4faba9,1164.2736290956896,182,0.00015399043228080879
MOR,0x062afd4070dff2c9d0eb5559093b0e265a7374e2,1153.9202366668978,183,0.00015262106056625674
MOR,0x07c09996ef9d5418105cbb328261457d64e2fe1a,1141.8210953969915,184,0.00015102079070888086
MOR,0x06360de2558fe5d4ba6c8a0561cba703463eec2a,1137.8906372287202,185,0.0001505009361512681
MOR,0x6b9e4f287d44cea39cd8ccedaa42488617aa21a7,1135.1348252521448,186,0.0001501364439331569
MOR,0xf14d89cd2dce4dcbc22e2c1ec2debd2522cdd7eb,1116.5054005279285,187,0.00014767245858234802
MOR,0xda0dd4bf5221fced9ecb3096a55f6c0d40d1f732,1115.661977757125,188,0.00014756090487725175
MOR,0x9d9685546a87c4bb559bcb0162cb097bd5ff491e,1111.6042603897122,189,0.00014702421862423874
MOR,0xf4d83b1f0323e463e4c04768e9719ae6c752e133,1085.3914026377265,190,0.00014355722495911651
MOR,0xce5a2af2bf61629819eccf07b1229c72b1da7baf,1085.3689273694627,191,0.00014355425231060064
MOR,0xbd63f75f15a07d1e4ac52d5d416fb4171b263053,1075.2002564238478,192,0.00014220931243091552
MOR,0xf85ce443d3f031728e0e97503c06322c2f51a0c7,1070.1836271911807,193,0.00014154579752786737
MOR,0x262e9f877df31a927f7509451c0e291749927f88,1068.0684286599362,194,0.00014126603482600227
MOR,0xc4b8dfc9c4ce3fa65eb7044b3302d20d84585531,1056.1835409012165,195,0.00013969410280088577
MOR,0xd9cfab54f1234aeea22b2818ab919866a2809c1c,1040.570583042043,196,0.00013762908469016586
MOR,0x28e5632a329905ad5b6c66e5c849c2ac8f3fed46,1036.6904830666554,197,0.00013711589066294497
MOR,0x4ad9b1ebc5e5ec0ee8344156f6772c67328fe14b,1031.8866993097608,198,0.00013648052736103607
MOR,0xa36c87d7a997a8b60abba24d4c73fa89c6cd8ec5,1022.0988152421091,199,0.00013518595153193066
MOR,0xf94a4df43a85f7fe60eec2489df50e5f768b8fd4,1020.7914904800382,200,0.00013501304071422273
MOR,0xafbe9e6dddb7f44434be3acd403468005e5b096a,1017.8673777416914,201,0.00013462628851666105
MOR,0x3bd31591a187e7299bb9a859b3cde1a752dc91fc,1008.0009027245397,202,0.0001333213180054256
MOR,0xb50f30e4363feb8a0c6bd533b8e840e9c4e2e515,1004.6912714285695,203,0.0001328835759306932
MOR,0x80b790068078c28c165d3458523866f0cc74d5ce,1004.2116901299111,204,0.00013282014502437648
MOR,0x4e30792ed92b5f87de546659277eb36b64a7f7fb,1001.814667162525,205,0.0001325031073506627
MOR,0xbe97d54cfd1ff86e21f2aeb02aa5219bc00486e0,1000.1033257071067,206,0.00013227676003512258
MOR,0x94f38b9523d46a0f77c3d1a07cd572e47a8496cf,998.0076330042547,207,0.00013199957723446896
MOR,0x7461bbe7faf82f8716d09c453c063af0ce620815,984.8634841747878,208,0.0001302610914441612
MOR,0xb399e0009784bf0eb871e946643c92dc1055e362,976.6000000001989,209,0.0001291681374611882
MOR,0x659bbcec4758a3c270ef09561f213bb38f6db604,971.9439213398772,210,0.00012855231009233051
MOR,0xd8737632121d4c50b76fa3349b3c197c4574170a,964.1479222733885,211,0.00012752118713608713
MOR,0x25574c831a1942d5f68ed1c98e6584e174513ad5,933.7253048457353,212,0.00012349739763186488
MOR,0x16ce1b15ed1278921d7cae34bf60a81227cfc295,922.1369225811004,213,0.00012196468234074174
MOR,0x510b0068c0756bbefcbaffb6567e467d661291fe,910.1357239279987,214,0.00012037736667688493
MOR,0x152c7692fa846528ed22502bed310268555b97ec,903.067860293211,215,0.00011944254916558552
MOR,0xab9f4d19f6f22b152153a1d701a1492255d79387,878.4708946386132,216,0.00011618927838860359
MOR,0xde819aaee474626e3f34ef0263373357e5a6c71b,861.1090447796887,217,0.00011389294641117412
MOR,0xc55a8b10c83c0e298f2611bf7709074d4c68b546,853.0559800487712,218,0.00011282782315482885
MOR,0xec4a6f59960fb55a7fa49262e2628687b322cf62,850.4279403710274,219,0.00011248023049627038
MOR,0x7709e87772c3df04a4a3e4b608bac7f4d61ce64c,845.330918525817,220,0.00011180608261756397
MOR,0x91ff7d0e533f3abdb28b1a43cab11f3911582616,838.1751517331728,221,0.00011085963876264662
MOR,0x72a1d3af7f78edc33201abc42dc52231c2cbad44,816.7795497585402,222,0.00010802979025053967
MOR,0x8cc3ad52ffbb99de08e01100b728faf38dccc2d5,807.6560202478566,223,0.00010682308401055714
MOR,0xebe2a63d8c69b16e58f75b6f221b8ea16745383e,797.6555838023196,224,0.00010550039534634585
MOR,0xc356d5ffa25e63ef56004efe27480096e44ff5a8,796.1778437750249,225,0.00010530494487841891
MOR,0x47456afa210784e1878c2473669fd693d41a238c,791.5206561041196,226,0.0001046889708283903
MOR,0x1c288938e31508a0e5fac74f8352fc05c4a81304,775.0062499999999,227,0.00010250472438384148
MOR,0x4fca7ea8770ea56d3e5eb1ce0f35ffe44f198c7d,772.7712544846345,228,0.00010220911696222178
MOR,0xd71e3fd44ed0988289fd53addd2cb36f78833bf1,765.8999547421308,229,0.00010130029759945651
MOR,0x81dee592809adb737f6ac880a4f02f6d7438fc14,765.4180455295,230,0.00010123655879603556
MOR,0xb7b4f3c3b4f90b70cbf0d0bdc92c19e4bd9f4944,763.7774837301746,231,0.00010101957301679248
MOR,0xc22377c1a7d5d8f065400e9920b213f059d114b7,754.1073357918276,232,9.97405693324077e-05
MOR,0x2bfb184425fa1e700a5a4c313dc5e25cd1b71556,751.9964754100897,233,9.946138040761798e-05
MOR,0x467dd615163be8686600cfc04c74dc94980b874c,748.8833238173323,234,9.904962534631272e-05
MOR,0x9e6152192ec62f75acab7202d9c8dd71a15e9ff6,744.2309635696874,235,9.843428978621991e-05
MOR,0x26c39c73787aa50dc8b3e33383073a685681b796,738.6892853210702,236,9.770133027589538e-05
MOR,0x3caac83717157d7e9b14545803f36ff1650b467f,734.5533422601457,237,9.715429765063935e-05
MOR,0x8157cd851aba16c91ee53b5b2e09869db8f7961d,722.5584484435863,238,9.556781588396991e-05
MOR,0x7222c5d0e37f4ad7b72cf6e6f193db2d8489e15b,721.0129970123485,239,9.536340969626802e-05
MOR,0x8d7d04b3679074ff3fbe64f92b24adb31a602b35,713.2473683083081,240,9.433630361812359e-05
MOR,0x93e97d795c7b7510a96b941416a32704f49b0b30,709.9747475835197,241,9.390345667604115e-05
MOR,0xd06cfbb59d2e8918f84d99d981039d7706dca288,701.5608370180947,242,9.279060683321837e-05
MOR,0x36b4e49b662082c159508e0683c6ffe7b225016b,700,243,9.258416570019795e-05
MOR,0x4ade5d59bd6d6f2f3466ded4ba6506cc6a6ce2ed,694.6726496003545,244,9.187955385427824e-05
MOR,0x641b1516c25711571f6552601f080ae237d333b6,692.0209731694194,245,9.152883492561397e-05
MOR,0xa5a2b9218a323e23717cdf1d25f83d6a0278108f,686.6183662555329,246,9.081426942028781e-05
MOR,0xee38b06ac19d29b47a3aca324bca51c3d36f922c,685.7934480152859,247,9.070516318165332e-05
MOR,0xceb017bd128567511f829b8b3db288e9a09d4a3e,683.4557270354769,248,9.039596897228837e-05
MOR,0xba26035b9cd76cda5b767a966b8a3392e476fc0f,682.1725209019619,249,9.022624815901286e-05
MOR,0x52277c28a4e60e6a164d78f3cb4ab0285b15c430,671.4742730624027,250,8.881126480089924e-05
MOR,0xc0e7826e43a668bd36f7574221843d4cc1df6bcc,660.1999999999998,251,8.732009456467239e-05
MOR,0x5f7f3e256ab61566db3a8047b4405a52aa3517b2,652.4049847930482,252,8.62891017367353e-05
MOR,0x9d009f705477435f2a9c6bd9396abd8c60b1ddba,648.8,253,8.581229529469776e-05
MOR,0x134c68bd218dc484522138a68719770fe827c63e,648.1754578577523,254,8.572969141871974e-05
MOR,0x18920c3ea53072781d5c7600608d793ba65a14c7,645.543185690713,255,8.538153895803234e-05
MOR,0xa850947631cf6f9179646606608eeedc6a846f7d,640.6422152944624,256,8.473332145052057e-05
MOR,0x92f3825bf770d0f1be1ffa48dd4a94b3ccf97c08,632.827993583689,257,8.369978831096582e-05
MOR,0x01974549c9b9a30d47c548a16b120b1caa7b586c,616.0007089000501,258,8.147415957748806e-05
MOR,0x2ed503b1009e4f17bb271dbbe2110827a224f48c,615.7912211258351,259,8.144645207634509e-05
MOR,0xff3246c7756faebf2c947db67baa00ec22b0ca2f,606.6819887347337,260,8.024163681763174e-05
MOR,0xcb7f5fa6700dc7723c5b8e2c71444b7f32c4517e,605.586920646451,261,8.009679972429093e-05
MOR,0x1c004734960b9c02030540764eb0ff0e256a1f2a,604.0433235047403,262,7.98926387906588e-05
MOR,0x5813d0fe423fe60c05da85d7038988b2cceb967b,601.6225206927647,263,7.957245592112815e-05
MOR,0x85442a37e4c94612df6ab996ca90828c8bd07075,600.7356056011631,264,7.945514978712407e-05
MOR,0xe93441503b573a69c4ae54b8cc9e9ad882dca194,600.6837104640147,265,7.944828597572867e-05
MOR,0xd1eac5ffda1f2d3270fe38d64983ab234393eee1,596.6202190452183,266,7.891083602881555e-05
MOR,0x538ded4d0d461206ae8e0c021d5179d3a31d2b12,592.1882617074385,267,7.832465163947669e-05
MOR,0x63304075ebbefb6d59c5af84f83ab8a8d8932dbb,585.6327464366257,268,7.745759890792938e-05
MOR,0x28278e1dfff99f8afc86abd9dd86899a16d09839,579.8125787922303,269,7.668780552851277e-05
MOR,0xcd6b2f67abc1f1a78941c486d319228c8ee2c8f2,577.5669116783638,270,7.639078664825891e-05
MOR,0xd57efc55e7de190f5cc5438c853b2dd950940455,569.6912536054106,271,7.53491277453669e-05
MOR,0x2df6f3c3d9b0c301f218962a1a39d7966c98ac0d,559.5276905313523,272,7.400486344857686e-05
MOR,0x949666ee5d1be779801e4a02e90f1a2d9cb1835b,554.1477773431379,273,7.329329948561926e-05
MOR,0xfc09f3c2e7a0b55ca1e564838011ce23240d96de,550.4662880913042,274,7.280637432716888e-05
MOR,0x1b32fc9b7fb1d32cb48d93a3ff22b8850acf33b1,544.8919212786307,275,7.206909132622853e-05
MOR,0xf3880ab4ab7eb3c8331b319d8f4fc510af8d1427,542.5328217514189,276,7.175706952404189e-05
MOR,0x6f3473a6b1d89a325bf33d592ba3e4c2b90e4014,540.2460724876298,277,7.145461699153696e-05
MOR,0xabd9faa94384595ea304ddce2ac8e097970ed5b3,540.1250645080202,278,7.143861210177236e-05
MOR,0xe29d54e8d24660e829c91e75e9e6f8f92879a7e9,536.0204972202514,279,7.089572933334608e-05
MOR,0x2512c4b9943af918eb53ab7bc14348fc9b96c2ac,530.3996292997042,280,7.015229595201055e-05
MOR,0xbbe098543646f6ecdfa78ac86c59b2ae33061fae,526.9799999999996,281,6.970000520098611e-05
MOR,0x1058d1ff0f5cefd620d4fba19e3359ecc484ccde,523.6218151371045,282,6.925584128127443e-05
MOR,0xcd8f007aae316b15baa10c650edeb3fe08a75999,523.4070681697763,283,6.922743818297911e-05
MOR,0xef93ccf233a6c6a0f3ce78e30ca3a06c06942133,518.7090372856942,284,6.860606208321268e-05
MOR,0xd266d61ac22c2a2ac2dd832e79c14ea152c998d6,518.5576521093461,285,6.858603941142472e-05
MOR,0x0c8ff1a94dddd4c9e989db3451e05661a29a03c8,516.5277129207306,286,6.8317553373996e-05
MOR,0xd1e9c250a542211ce27956f0e163868c6fe258b9,514.6599841324146,287,6.807052178596675e-05
MOR,0x3471532bba810e477a8cc314e929d92d668a2474,505.5661282622121,288,6.686774027348026e-05
MOR,0x553e0cb1132ee1de92bf4b1025aad70b04708914,505.4385612644215,289,6.685086786767837e-05
MOR,0x083d1ff23e698d5926b35f552f9bed418b29de1b,505.2563480248172,290,6.682676778086653e-05
MOR,0xe4a290cf157b80d47ba96e67989964cedf4168ea,504.56168277564825,291,6.67348892058162e-05
MOR,0x3e04f61a589210dbdfcdaa77ede41bac9af137bd,500,292,6.613154692871283e-05
MOR,0xf3199e9e17c703fc8f6b226d5a3ad25c5588a370,498.94423426509456,293,6.599190808622557e-05
MOR,0xa18d1d57b2026d667f9af71fc089e120633fce37,489.3441457391139,294,6.47221706764742e-05
MOR,0xea9429d5d074e5a8f17c32a9e991c806fa747583,486.6987937517909,295,6.437228823828898e-05
MOR,0xd14c28ff2befb1ea121ea01a8d4fb65992d898d6,482.1628241832309,296,6.377234686950809e-05
MOR,0x905591eda020c98e13fb3b52bccb9277dd559fe8,480.81937122927206,297,6.35946576253656e-05
MOR,0xe6c88ae63ce20ae66e30436b24e719bae7a50125,480.0461859185207,298,6.34923937440405e-05
MOR,0x7bb36e5970bd3b8e6b376a0873610171991478b1,474.8419592138381,299,6.280406661894375e-05
MOR,0xc5f26bedec4bb4e977ce87cc8148bd8f82c855b3,473.33374633339884,300,6.260458571718123e-05
MOR,0x875bc4617dd691c16914e4414360ad428bd069ab,469.50436271559727,301,6.209809959232386e-05
MOR,0xc92d76e01bd4e7ce25819c94fc6c3aea7b2cd155,468.2520427762659,302,6.193246388264855e-05
MOR,0xb1b04a27cb98c343fbbface59c8a5eb7fb350fb6,467.9480333662501,303,6.189225465751809e-05
MOR,0x9577d70b1903477ca494ab278da9bfab40c5754f,465.9234763293617,304,6.16244804801284e-05
MOR,0x2482e08ac03a21ec137382f23c9eae89972ef3d0,463.8421795006815,305,6.134920172233152e-05
MOR,0xc9d1cbea144397883814161929c00c3679ffcdfa,462.7830046966433,306,6.120911198581358e-05
MOR,0x86d884026becf714e6fd7086c80fd95a095dc75f,459.4628870670575,307,6.076998295615399e-05
MOR,0x1ec7491bf1a803e5455cad2263a15f91d6b8b5f0,457.5450255833665,308,6.051632066273103e-05
MOR,0x54a164c026906e1c68255f08db9ee02ddbd289ec,457.4876775602585,309,6.050873563576815e-05
MOR,0xcdcb8067347e911b120b5f05d57c6168e57fa257,457.30796875297756,310,6.048496679292375e-05
MOR,0x95a95e68d69c1acb988b278b86258b5032cf6cd2,457.2096874702287,311,6.0471967806399106e-05
MOR,0xd4b0d63e4beaa0852d1ee0e6e2a2a9e013dbef46,455.17903756292736,312,6.020338776711814e-05
MOR,0xccdd2d276e38b722ccb622f603da4c79d32768cd,454.89008594517964,313,6.016517013217972e-05
MOR,0x30098661d993294413bf0fa9e3358825b6fcfebe,452.81824914781794,314,5.9891142587392997e-05
MOR,0x2d3966170d7ff2a997e9803e2b5f2b957fe76f61,448.03327653409866,315,5.9258267305479435e-05
MOR,0xf2331263d4bc2e68ce16f135005a208d213222c4,447.1673450758391,316,5.914373653174155e-05
MOR,0x4bfecafbbdec47643cf923de461519564e3cfce4,445.9494816896664,317,5.898265815239067e-05
MOR,0x23311eca1ee03d48ddd8d8d8f70346f865c2d104,444.5221148247947,318,5.8793870194773164e-05
MOR,0x6cf7538744dc6a1416eb2a9dfd2daf2c9a829832,438.4464932514686,319,5.7990289688378136e-05
MOR,0x34c504f5168eb18cf6c4d07e7ef22be7ab379007,438.1292944898286,320,5.7948335998795886e-05
MOR,0xf27f4c5c9beb8cd04eb3105998e2b659ff8e7ab4,437.3186356791747,321,5.7841115756436016e-05
MOR,0x1182e330b061ce1fb9e11ed1011176b0e8238741,433.24111316107155,322,5.730181001291838e-05
MOR,0x270422dce2a0774aa26fb2d13cdcdf902da44444,432.63873878584525,323,5.722213811439051e-05
MOR,0x1a3401714a749306478b5aff34acedf2dcc44835,430.04075456626754,324,5.687852068371639e-05
MOR,0x8b5403d1ea157a6c4ab956ee89a96e43dbc06860,428.3130571,325,5.665001007157821e-05
MOR,0xc61347d30beba89f0d2f34e41323ac8cdb36ef59,428.24461127146157,326,5.6640957214534083e-05
MOR,0x42c23bca83d010353b91bd1912c55da7895faa7d,427.567752541578,327,5.655143378481528e-05
MOR,0x0104c0710f90f811475cd8693cf4933349b6e8b7,426.17590670391644,328,5.636734394815358e-05
MOR,0x3d8bbf1fae74db45436d1cfbc513267acb03da7a,426.11065255743176,329,5.635871323285249e-05
MOR,0x9cf8991f4d7b3221e1c23c9c4dad099a5c00d9a0,425.20641218892536,330,5.623911560412306e-05
MOR,0x96061b6d18f2a1ad8b8564ba62d33e8a994a8e1b,423.19700562748443,331,5.597334527548947e-05
MOR,0xaf76f6c2fdd20fde32af02f33373cafba10dea4d,421.83497143669774,332,5.5793198419476426e-05
MOR,0x8df839cb3a3d0dc329c1e4132d45e081f3edb869,416.8858760705415,333,5.513861575455315e-05
MOR,0xceebaf584e8b9eaf6f9da7cec4b4fbf1767946fa,416.2002806302935,334,5.5047936780491405e-05
MOR,0x0eba5a12ecd1d548d47c3a1e9e95ed1fd1d9f8ac,414.6837392800729,335,5.4847354329548516e-05
MOR,0x5ae426d938fde32ac9268d253f1fe3bb6ab9d5dd,411.46951995559357,336,5.442223173735655e-05
MOR,0x6b92603e8bcd1c004e50f083f50f8838dc0f9d62,409.0098619827922,337,5.409690976404276e-05
MOR,0x262a08a0c13a5d7a5ca917cebb0dcd67341786f3,402.3424445038785,338,5.321505650024255e-05
MOR,0x8f5fca1662c80046717dcdd2d86cbf300f37b6a8,400.69524384575175,339,5.2997192644994725e-05
MOR,0x7d0c4020c06ae97cb44e9d81cb389c4fd06b66df,400.45255959362476,340,5.296509447497793e-05
MOR,0xc8fc0f5056ddb43de7713b39895a45f47cde2c1b,400.0000028147042,341,5.2905237915251745e-05
MOR,0x79d42abdcf29a290efeb6d8c80258bbeed3fab34,400,342,5.290523754297026e-05
MOR,0xc6a2f8197f846285b0d5563ea29b14a67d88b89f,396.81509151767114,343,5.248399169344469e-05
MOR,0xa4f4386fbe5fce6abf3f165a1ab74cf12447ff9b,391.753019950214,344,5.1814466446605105e-05
MOR,0x7e3c7aeda356f53e0e4abb94aa86f73b8fcfd5f1,389.62312218554194,345,5.153275957864956e-05
MOR,0x81761d0a1028b139bf0d2e12ed52fa84a5b81b24,388.2427622089988,346,5.1350188897514995e-05
MOR,0x8d631ca86c3fc9967a7d9245c0e28dee1c68dd37,385.91294807541783,347,5.104204047209482e-05
MOR,0x2f119a4ceb67cfcb2188f0700bbb6347572330f8,383.4317587825379,348,5.0713870699772604e-05
MOR,0x66344e88ed8a3da63c3e093e739d202f2c2c7a19,381.0327189908435,349,5.0396566274636025e-05
MOR,0xf8739664676bf97d16c7d1f0033132317b9b3485,380.68204594528015,350,5.035018517269741e-05
MOR,0x045661eb6e0f8e3b3708e9e653ed15ddc0ef6e9d,378.9916960894129,351,5.012661427105896e-05
MOR,0xcbe1a9509293d94ecb1036b42f556bded37c8e67,378.4837506594224,352,5.005943183697768e-05
MOR,0xfbabcdb3724f3b9978058652101cae98bf60d436,378.0234418474659,353,4.9998549969378474e-05
MOR,0x3a9c49b185c420f981d43c0f5bee2e2d3c62cfde,375.3468416537876,354,4.9644534546743195e-05
MOR,0xdd8e1542f3e8cc7bc3a8a1ef3faca01f475c65ca,374.5818107611851,355,4.954334919399108e-05
MOR,0x31bc74806e7d7ab8571d94b2dafa5d6734a6d1e9,373.4353653960421,356,4.939171678305876e-05
MOR,0x861d8e1b8cc40becf94f6fc6f3e6e7a0f42fd5a5,371.9455075079135,357,4.919466356936698e-05
MOR,0xa101400102f4f76634339097efcd23d88fffbfa5,365.8513157730415,358,4.838862691595246e-05
MOR,0x31e985b4f7af6b479148d260309b7bcecef0fa7b,364.7983329159414,359,4.824935614549357e-05
MOR,0x386da3dfff661e9924e50261c6953db1e5f29107,361.8545067695429,360,4.7859996591592525e-05
MOR,0x7431931094e8bae1ecaa7d0b57d2284e121f760e,359.19069561934026,361,4.750767268741481e-05
MOR,0xaa0f5f0c4d0ace407922e052c04f490590cdedf9,358.9748663343141,362,4.747912643843221e-05
MOR,0x5694baaeaca2c419306c9bf5dbfdac7f92c7704c,358.66475913833983,363,4.743811070126521e-05
MOR,0xa501f26f7deea8228252dd9fdfa14f9f3afb2886,358.5548085272401,364,4.742356829326964e-05
MOR,0x3de52fc645a215d841c6891b9cbf193ebc728814,349.47031936818667,365,4.622202565097899e-05
MOR,0x859f6438e2bece26178a90b9889ca199994fa801,345.5645998900867,366,4.570544310906628e-05
MOR,0x38b94ddfbab57e7bb83b655d6d727e0ad304033a,342.6262037331079,367,4.5316801742365495e-05
MOR,0x6a4136c1c782b02bea260b18cb6f6e063fb587dc,341.37293209190415,368,4.515104015765611e-05
MOR,0x12e3b0a1446d040a520991cd21c119f0d23163bf,340.5531431734216,369,4.5042612338987574e-05
MOR,0x3a494a82543f6905f1df59b410fa21d661c07149,338.81164378185673,370,4.4812276241508384e-05
MOR,0x92eb290ca35047dcb9d86fac7f68750d9128abe5,337.6234639743723,371,4.465512390411158e-05
MOR,0x8ba8c0476cb58d08c907bd0082e79ede7b37513f,335.9375022393164,372,4.443213338890785e-05
MOR,0xde5a93a70f01e064aeb665fa4a1e54a72d637544,334.62397715193896,373,4.425840249699196e-05
MOR,0x7cb475a70697c0754e8c9a47aef5fe7630920166,332.67919037934786,374,4.4001178981556065e-05
MOR,0x030c864ec3855cbca71873b67166199999beeda2,330.85877637531985,375,4.376040539328193e-05
MOR,0xd08c954abff134409e489fefbf4db4cd851492a2,330.8584474696678,376,4.376036189120281e-05
MOR,0xf15639c9ce887c4d214f5f5f995ede634b1c0661,329.82249052143413,377,4.362334302012633e-05
MOR,0xf4bd0fdd9f5178603787122a61f88ab5102ea8c0,322.76132719442654,378,4.268941171226371e-05
MOR,0x8cc7def81efb5de9c877272b6aaaf48b6d34940d,321.791212683646,379,4.256110136567189e-05
MOR,0x510ba8a19bcd5e5729aad6f683044341f356b8b3,320.52751609286213,380,4.239396094487773e-05
MOR,0x1d17c1030ed567b1836194e82d16f681a6e0fb20,317.7365874857141,381,4.202482409256114e-05
MOR,0x969369b12d536bf78ae044e5680fd154d8603c8b,314.4659232929773,382,4.159223592746108e-05
MOR,0x287b03f2b5164c1f7ef35fd166cbdeb632035df3,313.0357136936831,383,4.140307198099383e-05
MOR,0xf69280d085839e753cdd4a759d75a7f4cc64774c,312.064631776264,384,4.127463368220698e-05
MOR,0x17b8cca4227d6d6ee60851e823d02c864eaaebed,307.40635218007316,385,4.065851521076186e-05
MOR,0xe6cf807e4b2a640dfe03ff06fa6ab32c334c7df4,306.4377803294659,386,4.0530408901177336e-05
MOR,0xa4e5b5708ed32a5cc09745aa5fe8a45e8b0272b0,304.3313849613851,387,4.0251810532908014e-05
MOR,0x160c601eee48e683a3b695ee81caecfd8181bea0,301.8946285010284,388,3.992951758448417e-05
MOR,0x087d69e062c4c318de3f4bdb6eea2d6be5d783b9,301.356994088584,389,3.985840839373005e-05
MOR,0x69471066140252f1a7529b71b56cd06b6f390eb2,300.9263295067669,390,3.980144736372411e-05
MOR,0x19c1600f947a60d76a531194b6e4d8d43ee22cad,300.8302396672111,391,3.97887382242562e-05
MOR,0x3301b57b1413fa982c1e6d5de6c0cc7c0d29d2bf,300.6357033591361,392,3.976300825028259e-05
MOR,0x7aebdb8e330f419b9dbcc77bf6202271a000610f,300.57051345251153,393,3.975438603154415e-05
MOR,0xd2744ba6ee61334d8b862659a64e11010dc5fe10,298.19311866909624,394,3.9439944442169144e-05
MOR,0x1b523256a502dd1c53ba30879f90966b93771b66,298.0288641941753,395,3.941821963713617e-05
MOR,0xf0e3dfee09afc682ed5bdc8018be516142005c6e,295.2941924889104,396,3.905652349671348e-05
MOR,0xbff5053e870e5b0124aeb8d93fb0afbbe4e2ddeb,293.59786130699825,397,3.883216148638695e-05
MOR,0xf63f2c5254d22b17355fcba3a85f0fcd312b1f34,293.04900224839713,398,3.875956768920469e-05
MOR,0xbb579a7972d87e0574fda9632fb98c092f381c34,292.37079380130126,399,3.8669865741711554e-05
MOR,0x27efbea95a2fb3f5c973a9418d832f2487022687,288.06909128776226,400,3.810090925841662e-05
MOR,0xb7eae503a0885dc6c5757cc0fbfd46bc40c862dc,284.5505436949969,401,3.763553526791288e-05
MOR,0x27ebc0bc819b958e58baa0487d44cbe9f365cbfc,284.02472719301556,402,3.756598915055953e-05
MOR,0xeef2c48947f9f6807cdd83455299481b3a76c967,283.7059298580507,403,3.752382402872358e-05
MOR,0x939e49b0dc3a0cdff46cd5fdebbd0e8f7647fb5e,283.2783076185075,404,3.746726538831935e-05
MOR,0x61d9aec5f2e0b08d7f2fde5f6856770a24401342,279.93951077259806,405,3.702566578771796e-05
MOR,0x080dc7769c8a673d82b60cb2763696ae578f117b,278.7947808043196,406,3.687426026048214e-05
MOR,0x6b890d5a5556c77eb607fdfd03a10605f5f3021c,277.0727363869004,407,3.6646497338074364e-05
MOR,0xbbe5ca4148feeef7a68898211074caaa242fe0c5,275.5845100511675,408,3.6449659918550235e-05
MOR,0x449b9e29fdb0edea54476170a86b2a7c81d9c1f2,274.0197787492208,409,3.62427037154992e-05
MOR,0x139d602458a7aaf3243bc9ac9d09cc9b18da5fcd,273.9518788182231,410,3.623372306055275e-05
MOR,0x10c4f3f0260fcf457deabd2201ee1cdbc13e0f9f,272.5278763016763,411,3.60453800820535e-05
MOR,0x981e7512e87d2f7228d3f03b65950eb6a1b21bac,270.9639293376029,412,3.583852761795623e-05
MOR,0xf68a8b2221f566183a3210ad63b8f2e252976edf,270.941859963989,413,3.583560865432255e-05
MOR,0xbd4e6d322e501326f43026b270805adea10a5769,269.87030636391717,414,3.5693881659942995e-05
MOR,0x088b12b371c5d15fe4cc9d13ee3037052f9bee01,268.91201244776164,415,3.5567134741767514e-05
MOR,0x54a7a53d98b66938da57a1d6e28989a195de1344,264.96413810606657,416,3.5044976667174576e-05
MOR,0x7455adabcd743d72dc5d756fe01a3312e7a8cf96,263.76670431793997,417,3.488660036966753e-05
MOR,0x1cb2bc7ef28b2e127a2026fcdd2bf2fc27750525,263.30340736002836,418,3.482532328063941e-05
MOR,0xc7f15443f408dc525a7335052a8d17208224f922,262.7708571314975,419,3.475488653977944e-05
MOR,0x35e04cbb7b211d1a9e777285f2a2c409b4fc9630,260.18680869850783,420,3.4413112299354797e-05
MOR,0xeff1df7eb8b1ff2663461d90d5b9594050b53424,258.8456968759709,421,3.4235732700497287e-05
MOR,0x3cd07d2bda38c491ee60fd578d5f13a397d506aa,258.40075769456723,422,3.417688366778645e-05
MOR,0x367659a2aa94ddbdba081aeb6acbcc9d20e1521a,257.725555457044,423,3.408757933087217e-05
MOR,0xbf891e7efcc98a8239385d3172ba10ad593c7886,256.39390759294224,424,3.391145146443744e-05
MOR,0xcc1efc73bb7f03f17e1470753b2ab3a31f7b1731,255.27565927414125,425,3.3763548482091954e-05
MOR,0x3e3cedb6203f4467d035151ff247def8c305deb8,254.8463540526941,426,3.3706767245294206e-05
MOR,0x8dc77ed40e9cab6e2e5996fe0cb2de510b49664a,254.62679759923805,427,3.367772802948375e-05
MOR,0xa02b3603baf16227b19766ec7b25908e25a6993a,252.80281179872358,428,3.343648202435569e-05
MOR,0x1f84c918ca7aba53a62031048a6b5fe4c7931e61,251.0537843642319,429,3.32051502446283e-05
MOR,0x5440a66f1d6d4e79287351dd55aa01214df55ebe,250.9742546759201,430,3.3194631401998666e-05
MOR,0x4ad47fdabe98fdda481818a334b70bfcd51482f5,250.4241085709773,431,3.312186737608532e-05
MOR,0xf5c299316699131d29adcb7ef87af8e97bbc7ead,249.77403826185036,432,3.303588706577534e-05
MOR,0x5ea784c163405cf3b72c5954de7435439862c91b,249.07993686310186,433,3.29440830673261e-05
MOR,0xde03315fabb9ef8b402084373d8144c947c6ab7a,247.79378492896078,434,3.2773972633345886e-05
MOR,0x2e634db5e33b28352d8cd2636e262cc8feadc770,247.1440225846968,435,3.268803305542148e-05
MOR,0x1e742285cc17bad26a307b4c781c96d29f0b3c21,247.07712181198423,436,3.267918455224106e-05
MOR,0x28bfe7a0fc7d541aa8ee1240f1551d65dca19291,246.7178207961717,437,3.2631662288263585e-05
MOR,0xc6c380c5ce5e95d7774cf31bfb744c478d4751fe,245.44454228401517,438,3.246325453290358e-05
MOR,0x51fa0d129b4610e636377a3c1d3a17b4b9a03ef9,244.80698097588783,439,3.237892870176687e-05
MOR,0xa0d100bb432416246884273ccf0fe822b3d29cd6,241.91878355165971,440,3.199692677476741e-05
MOR,0x4965dd974ea550d16cf694651ab4459396d72975,241.78167536926807,441,3.197879242237113e-05
MOR,0x557545c39cc8cddc6f8faea1590124cd236b9907,241.67288569781434,442,3.196440356384492e-05
MOR,0x8dcd0a829ea772c0b9994b25cab1fd03ed20b3dd,241.54695785666445,443,3.194774795797165e-05
MOR,0x9162bf550720f58c7c564653a7d1ed8b7d9d805d,240.16671428,444,3.1765192672245175e-05
MOR,0x77d0ef51ed979d62d2f98346724754f4ec03ac54,240.1322031690132,445,3.17606281259336e-05
MOR,0x9b9019d7faf9857d9643e65a15327a755042884b,240,446,3.1743142525782156e-05
MOR,0xdf380d9c651afdae5c97618e45cfd284d3e3c8bc,239.5772685242125,447,3.168723075292359e-05
MOR,0x2ff08cc1f3d8f58d1bb302497c2776ab31a60c3b,237.16567280643153,448,3.1368265642156555e-05
MOR,0xfc0908db2e92a7c3d1f8bc2ed88c77d2d07d0d5f,236.36499570637838,449,3.1262365611722734e-05
MOR,0xec361e91bbe8fc2a19b9e88416537729fb9cd8c9,236.12484115807607,450,3.123060202816034e-05
MOR,0x15616b42f3a3a833ef516cc7325b8bbfc732cf7c,235.9399339736741,451,3.120614563187487e-05
MOR,0x1c42949f6f326fc53e6faade1a4ccb9b5b209a80,235.75766634908507,452,3.118203835193668e-05
MOR,0x83ba1fc7e11448d8508adae000f0945731f8531a,233.5583977149967,453,3.0891156278168554e-05
MOR,0xa4b427af1952374b3527cebcfdcc9d063dfe802c,231.9243948914791,454,3.067503800935835e-05
MOR,0xf1d17ad375ab50ef2d3638ba1e1ccb6f284edb33,231.28997833789978,455,3.0591128113187585e-05
MOR,0xf4e9d705236307ca11a15212d27d5e9ad68cdffb,230.65530163109472,456,3.0507183808346305e-05
MOR,0x59708a095fb44a9054f9ba3b2fb82fce07b182c1,229.92021658830026,457,3.0409959186337992e-05
MOR,0x6cc3a15e11f7c3af621b1af89c39a9608b5a5065,228.43193491334046,458,3.0213114447476497e-05
MOR,0x6205473922f80379fb699f97e93a8cece7959b77,228.11654097022645,459,3.0171399468776345e-05
MOR,0xcae262f96e1872e01d09c7b3f90690f5ff14cd07,228.11536442097884,460,3.017124385473278e-05
MOR,0x22bb43c9ce4e2ee630291530f6ee1a890c3f42c2,226.2789237017687,461,2.992835052352429e-05
MOR,0xc774e4076c474a7d2a4b630478bdfaf71bd72473,225.9426314066827,462,2.9883871464135804e-05
MOR,0x89402c643085f72165d7eeb1c81bf3eeb3e81680,225.64353219365057,463,2.9844311676849854e-05
MOR,0x72de661e8fd0fd2aa7b9d3fe0eb43c5c6fce33bb,225,464,2.9759196117920773e-05
MOR,0x6a298cfc248495ab1b4f5e813f2e9d80b911f539,224.5381993499182,465,2.9698116935195582e-05
MOR,0xe29f5a28b46a390e917930b3b0be6dab20eceeb4,223.73004609852887,466,2.9591228085855892e-05
MOR,0xc71f8aca00df0d2e0a519cf94f04ae1de080a94b,223.2590481587025,467,2.9528932441133985e-05
MOR,0x02c22712f0312b20c9b56e6a0f23ee788a9f9733,223.15323003067758,468,2.9514936608135205e-05
MOR,0x552004acfad109602b7e1630bc576021adf12632,222.53867911697424,469,2.9433654202955894e-05
MOR,0x689b633a00ab3ea72a791ce2599dbb02cca25a6f,221.6662061981362,470,2.9318258235403557e-05
MOR,0x9f853ac79013b932dc2e45140270ab7a47e65fbf,221.55688158185288,471,2.930379862341915e-05
MOR,0x457688d9c75b13c9b2af02ee7e29ba682dffaf1d,221.43063870855346,472,2.9287101350419118e-05
MOR,0x847575924bece35381bfaf03647582dc30962801,220.13923989382067,473,2.9116296947778745e-05
MOR,0xa94b40c53432f0576e64873ce1cead1aae62fc90,220.03163848749736,474,2.9102065252875013e-05
MOR,0xa0a8e1304550c3663b2018e5c3b6f06370770752,219.86759397323414,475,2.908036821788822e-05
MOR,0xd7f9277613367eaa422e206ab9617a7057b7cd47,219.86205496011922,476,2.9079635610876727e-05
MOR,0xbfaf250221f80aff5942d4f718896f1a5fc1e12a,218.11924210010793,477,2.8849125789997123e-05
MOR,0xd0e98dc13793fa0f90acb9f6e2dd5d048ff383f8,217.1245198302372,478,2.8717560745055142e-05
MOR,0x8be95f048da8b234f8173d75834bbec3ed35c34f,217.01020221761962,479,2.8702440743927944e-05
MOR,0xb04b996738f69ddad9099acb040e500c2492446d,216.96936866567677,480,2.8697039972014796e-05
MOR,0x253d1e7b5dcfcc19eba037a675bbc3c4d60e129a,216.77002628930757,481,2.8670674332579313e-05
MOR,0x0b1e2e71de642d4bf4c41bc6e0de0235a3d54b56,215.9768627505772,482,2.856576806901193e-05
MOR,0x94b89f5805ee4addc3e86e00634cbdadbd9938b6,215.97595171043508,483,2.8565647572024106e-05
MOR,0x92a61e8d06be47088b3ee83ce3013003e4288892,214.402499025,484,2.8357537851810188e-05
MOR,0x171b55fe63996ea4237c5182bdcf0cb2fd71819f,213.98918192211417,485,2.830287125303832e-05
MOR,0x08c47249b96dab3b45a4a239fa80fa6628bd845e,213.28263183431986,486,2.820942075246141e-05
MOR,0x42708be861834dbc6e096f5938038cf3abe8933a,213.11589396594638,487,2.818736748612714e-05
MOR,0xc2ad45dd06b7371ff4c718f501bab9ed20a4e713,212.88051387244835,488,2.815623538672864e-05
MOR,0x49d3b2e263c165e0897e7033d8b8a710f1e8b1e1,212.2112567967713,489,2.806771737531362e-05
MOR,0x9baef3d21eb857808b4755efa604e5bbe0ee21ee,211.82309743069663,490,2.8016378216646848e-05
MOR,0x8e6f1d2e39cbd5d7a2c7ff23c4e1f87e28bfa9a5,211.75806813274315,491,2.8007777240508145e-05
MOR,0x506f573ca950483a593c14af72eb735becf04d69,209.6102925610306,492,2.7723705798482042e-05
MOR,0x1a7f022637ffabc8991ed47ea78de5df31e3d265,209.0400706944543,493,2.7648286490223502e-05
MOR,0x598f2ff6be73ffcf8f18e244f5fbe1bbfb0a4349,205.0899318949831,494,2.7125828911439185e-05
MOR,0xb45cb904860866bd64fed2d0cb4ee6508e50b46d,204.5966429129054,495,2.706058498450381e-05
MOR,0x517607b611b3ee03535cb3066dbfd05501e979d3,204.30675058974134,496,2.7022242928956614e-05
MOR,0x5687a5eeeb9f3df3a09d10d0c9db312f24ac6181,203.9974558994959,497,2.6981334656311077e-05
MOR,0x99afced0abe742c37f97ff63fe85bc21453308f3,203.29965685,498,2.6889041595133977e-05
MOR,0xc3407f2cac9371c3ad49b6ad8e284142e1ebdd24,202.4250006749926,499,2.6773356863365995e-05
MOR,0x6c9e9df61d4613627ffc6b72132892b607d0a4dc,202.16529216038418,500,2.6739007011722772e-05
MOR,0x1d65a0086c8bf3face76b75a0523db672d0d1867,201.47645033195283,501,2.6647898660316037e-05
MOR,0x53ff75c044d201bd89ad716aa11882e7c2037a44,201,502,2.6584881865342555e-05
MOR,0x89e5d7af5022ea32282361c0856c89d4ede29a64,200.89582537557922,503,2.6571103407215228e-05
MOR,0xcb04bf08d7b3825ae8ab4755807c6fefa656f0cd,200.7775380189239,504,2.655545835545978e-05
MOR,0xfbac9b7753fda06ecd04d9ba01945e386f8f7ebb,200.76577152401126,505,2.6553902082438775e-05
MOR,0x1a45852d319702765d9469ad3e9e3bfc6d50c081,200,506,2.645261877148513e-05
MOR,0x77e2ace1263611dd0d9472790bb8880abe4324c3,199.8582045588853,507,2.643386446774842e-05
MOR,0xe36b28c72c1f7f8a4d87ca5d64b63233875173a4,199.2896277022494,508,2.6358662733594028e-05
MOR,0x7ead08aed7d49d785e2c19e062d01cbc26ffa84b,199,509,2.6320355677627706e-05
MOR,0xbda55e51af4a7cc5a8a4595ac410c5d11b0abe01,198.84435096474306,510,2.62997690546687e-05
MOR,0x4a2957796317fc6f4b682c620ea74c01c4f44992,198.81630220556175,511,2.629605923900052e-05
MOR,0x0e098632c947f7158d9dd3349a824c5e0402b8df,198.0896933887632,512,2.6199955708866658e-05
MOR,0x57447072d5fe4c5e740e6e2bfce3f41a1ce047b5,196.80185835689738,513,2.6029622663174108e-05
MOR,0xc7c1b169a8d3c5f2d6b25642c4d10da94ffcd3c9,196.2234302317414,514,2.5953117969766826e-05
MOR,0x4ab1fa93a85fd1b421072c5d6ff25cd88e1807b6,196.11979106136354,515,2.5939410332447836e-05
MOR,0x0b5c33102af77b557f37efc7bfcfa56ee075aafa,195.48342573242428,516,2.585524268521873e-05
MOR,0xbcd7bf3417e08ccf3630d26bed9673acd3384326,195.09227401652805,517,2.5803507749106655e-05
MOR,0x1723a88158118ad1ae03a873b2df1e8de4fb921e,194.75985343997266,518,2.575954077518957e-05
MOR,0x1bd3af984a4a2337b3c24a3eaf8fac24652e974c,193.6827262355578,519,2.561707659865566e-05
MOR,0x74eb390c06a7cc1158a0895fb289e5037633e38b,192.84484110947858,520,2.5506255319583302e-05
MOR,0x621ebe0a9c289667c35a8a3b35959b563b0fb48a,192.369637787146,521,2.5443403457960268e-05
MOR,0xd5d3cbb5bef7a34681f2a5074e3f8f04359c8f5c,192.2450320406453,522,2.542692271641567e-05
MOR,0x77a9354e9a4c2b861624634bd67b1a9d231e1e75,190.93693860279447,523,2.5253910231270924e-05
MOR,0x5360a123e8e734f795c4a3691f126d136611cff8,188.97078493525655,524,2.4993860664203236e-05
MOR,0x00917c372fa5e0c7fe8ecc04ceea2670e18d3786,188.13835298777374,525,2.4883760639403397e-05
MOR,0x5ec801cee40ebd497062c928ed0982ada25bf538,187.96392181258827,526,2.486068983250818e-05
MOR,0x34d75e70bb0704c666a5d29485e29af4a84e08da,187.58996547543535,527,2.4811229210388744e-05
MOR,0x15bcacfb56d0daaa5260b0078584c89f957f4db2,187.5007369517744,528,2.4799427569789017e-05
MOR,0xb39a1c8933e67ed4dc65ba37035ef477b3423374,187.03520437754662,529,2.4737854791230237e-05
MOR,0x813409ffa15f320825ab8cba6043a8d31f28ac17,186,530,2.4600935457481173e-05
MOR,0x1d4560fe02cb1a75aed4c8dd36aebdef641c1965,185.59565967877495,531,2.4547456155624643e-05
MOR,0xdb477316a8afe8266420737069b836d177f90f8f,185.35805676969883,532,2.451603005976071e-05
MOR,0x9734ac85abeb0b262459ca06fbef7b39ebb886b1,184.23058626351292,533,2.4366907322379562e-05
MOR,0x3be48a77238713fd6206647e73910c5a2766e1b4,183.87114850447668,534,2.431936697232025e-05
MOR,0x5cd4c60f0e566dca1ae8456c36a63bc7a8d803de,183.77886103850904,535,2.430716074654711e-05
MOR,0xee119265c9db4ec1873906d3fd6feed80af65291,182.95911901557758,536,2.419873913042925e-05
MOR,0xd88859e5cb24d8c16cbb9da008fff81b87c7bfb2,182.5878797246661,537,2.4149637873251857e-05
MOR,0x9a74346449621a2334c1560e381142e61cdb4832,180.49411498436012,538,2.38727100708894e-05
MOR,0x9731b0c8436c63cb018a9d81465ede49ecb0390e,178.31631742060495,539,2.3584667827311978e-05
MOR,0xa8b9fe1afb82dde306471b83fb4aff0e190f0626,178.0422264532303,540,2.3548415707968634e-05
MOR,0x2e0973dc46eeeff6866cf7326859a0778c165aee,177.56571897255964,541,2.348539135432892e-05
MOR,0xa63a3c29fc916e6808a20463e035bb97fe5b4f6d,177.1297198144761,542,2.342772475676156e-05
MOR,0x47861b58446ebe79fe86d91cf7609921394068a4,176.6549197614696,543,2.3364926232787254e-05
MOR,0x7d1080c17f42a8bee86f1939b274b81d5bcda53a,176.5881927255136,544,2.3356100708567775e-05
MOR,0xb350df1592bc3ba7f7c0d0a8372d9a8fe4424e4d,175.93065093498058,545,2.3269132197011327e-05
MOR,0x0b5657a1e78c53bc46f0a6c8b0ba2d8bf8cffda7,175.62906478684897,546,2.3229243479994898e-05
MOR,0xfcd7df3b297b6686a19ac8ad9e1e42a5aed43c66,175.6273659825254,547,2.3229018790879203e-05
MOR,0x05df97d6654574cc65afb55427eb7f4ccf06414c,175.34535151911177,548,2.3191718685435574e-05
MOR,0x0abc2b53dcb577936ea82846fc2c752a1bfa35c9,174.46629134473602,549,2.307545146708579e-05
MOR,0x68692f488384ffcade91894fef85e4345401c0fa,172.93667545241118,550,2.2873139736753418e-05
MOR,0x53b517968dbd242de0348a2f0d70d55c1bf7bcd3,172.03970036244888,551,2.2754503036241963e-05
MOR,0xbae6772af42f46f63faca681faa2d91fcad0274f,171.8532344739421,552,2.2729840480929183e-05
MOR,0xb539a809c1624967056c1ad06afa6f8b5dfcc956,171.71190169969134,553,2.2711147370943323e-05
MOR,0xf93e3626687fc99a905704684f4cbf6a58c76005,171.3415043859639,554,2.2662157476273254e-05
MOR,0x2b8bbd44124ba68add0027bee04067b2fa1b390f,170.5,555,2.2550857502691073e-05
MOR,0x377be1eef645bda89f702442a0255be5c1580ce6,170.0973596926388,556,2.249760304992778e-05
MOR,0xec8b5dd57645e74f85e1077ce85898d11c53cc7c,169.32913170948467,557,2.2395994840087962e-05
MOR,0x251372dad8c8f8e76b3f9e227816af2a52ecf90d,167.9275221372506,558,2.22106136216841e-05
MOR,0xc70c470c86d88492bb3b8a0b3c40ad945dcd9e55,166.43865970380227,559,2.201369206990813e-05
MOR,0x52da06443dcbbf727095877fd6bddc2e49eb7d90,166.32373807865363,560,2.1998492180214846e-05
MOR,0x5c14ca9a541e35dfb9a301ad4dccf75e4657dcb6,164.63126777708965,561,2.1774640821868184e-05
MOR,0xa2c014a531048684d3066cc4b17fefb005c593d3,163.73479361664968,562,2.1656070375845157e-05
MOR,0xb78a4d1f47a23e0e4723c6499e1a07253d4ee23d,162.55663071358248,563,2.1500242905217442e-05
MOR,0x66b007d71e9d8868887deef22982ae5ba164b63d,162.3547676564483,564,2.1473543872745355e-05
MOR,0x653d63e4f2d7112a19f5eb993890a3f27b48ada5,162.23011809157663,565,2.1457057335647448e-05
MOR,0x63760135d5114a18c66358cf393ec26a5bb40b55,161.24839764335314,566,2.1327211951862312e-05
MOR,0x4e05ce9e31f17635d3bf5cdca3bb5bc09b1b0dde,160.46648371,567,2.1223793595906797e-05
MOR,0xbb25cf709219aa5523e6f9b44c84e61c4f792daa,160.32605289875625,568,2.1205219782338787e-05
MOR,0x110e671c8eb766afa911c4f147c4f4851b16569a,159.15878823065265,569,2.1050833745984944e-05
MOR,0xd65fe9db69044f97609aff0810f9c86652db6452,158.5225622050027,570,2.096668452343987e-05
MOR,0x9e1f5bb655f9b3c7de035762a532d6beb39323e6,157.6440526816968,571,2.0850490135904216e-05
MOR,0x250e1a623d3684b5c3d2ea7732bdf7ef7af3eeb4,157.28720021963477,572,2.0803291725221254e-05
MOR,0x16406804da2d31502e901f5750c1d74ea3a62056,156.89474574954033,573,2.075138448280839e-05
MOR,0x883f7577914124e75768ce31ff4f994491c9e813,156.76153113416805,574,2.0733765105632224e-05
MOR,0xcc0fb2db546eb57a49d7ed15d00604c9b87e7a44,156.32295202040294,575,2.06757572751444e-05
MOR,0x8814ea23509fec5573c935f2bc38ca0858032421,155.72634911523346,576,2.0596848729102356e-05
MOR,0x16ceae56dee51bd560d38e862dd680c318de531d,155.49171588553008,577,2.056581541222003e-05
MOR,0x591703ff1559f97546f23eba4b94db3f6397650f,155.43551509344323,578,2.0558382121581385e-05
MOR,0xd699f1d4918218d199ec725df9f123d99d622b98,154.1025210717626,579,2.038207620818045e-05
MOR,0x0eec3a9241262821c403d9325ba81397227a382a,153.83966192267823,580,2.034730964387382e-05
MOR,0x204225854cca02b8420f531b8d246bf483200156,153.42635167697108,581,2.0292643952053622e-05
MOR,0x52f6db84af4312547a452c77f8e5fa0e3709fbfc,153.02967775440254,582,2.0240178631802146e-05
MOR,0x867ebcffc8b5357346b8054b1cea7c44c2594e4a,152.8513109263713,583,2.02165872832852e-05
MOR,0x6b8e8924d1ccdbca5efaddaea60534cc510e299b,152.34658779387246,584,2.0149831040239492e-05
MOR,0xab97056368ec8ef3539f4ab43752d6b0f5be900c,152.19199805118865,585,2.0129384522593508e-05
MOR,0xff3fc772434505abff38eecde3c689d4b0254528,151.8676498414951,586,2.0086485224892323e-05
MOR,0x38915d68ccea4cb9d2d27755c36dc515d11a5b94,151.71687627869116,587,2.0066543447003965e-05
MOR,0x494a9379f2f02e67629a663c14ec8df5540c943e,150.36206461751993,588,1.988735186510334e-05
MOR,0x573ecec8fa431cdf40ac0a0e7a811de3abb7db50,150.1950122705338,589,1.986525700485481e-05
MOR,0x35903c9f8c8968e00f332269e667622f3c844e5c,150.0516913335552,590,1.9846300934315474e-05
MOR,0x746164eef43f58f11f6e86f6e4b08f3d3d4d2721,150.04335865966027,591,1.9845198829086026e-05
MOR,0x66ffcf33be4552d2f772357c6fc85f5e4eaa6b34,149.7450591142504,592,1.9805744808313854e-05
MOR,0xe37017666748458a095e42cfb58b36f1f93453ce,149.23985206113213,593,1.9738924560429836e-05
MOR,0x9b76b669b17420e665a36eb6519ac4e8d6d8bebf,149.21230250465246,594,1.9735280770855438e-05
MOR,0x7246a274656e797fab4b02eb1e0581d46f0358e2,148.87550574368328,595,1.9690734989248492e-05
MOR,0x4e7380524432283b88f29b95d2be8b316e920194,148.63256183166587,596,1.9658602475811245e-05
MOR,0x3ddd051c59a340fd108c8c96bd86098a38e60a18,148.43772351864325,597,1.9632832557728912e-05
MOR,0x298a247d7a265bf9e904545209254e4777e531c3,148.24990247565256,598,1.9607990765491435e-05
MOR,0xab99badb6c5293dde7ff3c81a64083c5581702c7,148.21160232302464,599,1.9602925068809653e-05
MOR,0x4e779926cf83b9d2d6f206b1a77fe52b3a391b45,147.45005514118998,600,1.95022004824218e-05
MOR,0x8de5a7727d613caebdac05c6a900ca6d60cf6bd4,146.88289034269192,601,1.942718551144542e-05
MOR,0x5eb45aeb63a99158ff8e0e3fb32dec27d1feb6b1,146.670329880013,602,1.9399071607019744e-05
MOR,0x49f3ca2b8251a59e8656c29539e87bb3d757565c,146.59863991084325,603,1.9389589669898807e-05
MOR,0xabb92012f985b5b7cadfa46cac0abc43ac30757c,146.26183261871503,604,1.934504249540819e-05
MOR,0x297133e5605332617974d5d06855f6340a32f009,145.87002181544995,605,1.9293220386361585e-05
MOR,0x76405775eb54767f1f95a9fd1ea5492b0204d87a,145.24721610233274,606,1.9210846175872624e-05
MOR,0x8ec3fe45a7ad49afe411edb4f835b274d3e94054,144.91851510269993,607,1.916737116470716e-05
MOR,0x995932f23bfe408cfcca16dff4ed84824dba4986,143.97476398819467,608,1.90425477224713e-05
MOR,0xbeb08de7778139fa4e0f1f2b8b0da88d997a1636,143.02870065142633,609,1.891741845856524e-05
MOR,0xc6db935a6074c44dcb29d4929a8fa5891900d339,142.6237505286992,610,1.8863858502475404e-05
MOR,0x0d9434373adc6e07385d17e2cf74371c86fcbae3,142.0330953961498,611,1.8785736627241654e-05
MOR,0xdafe5aab84fa37ffbac7859c4e08a828ae3ae20f,140.67485626219775,612,1.8606091717186923e-05
MOR,0xab6e5f6e16575f6763aa1c469b2312886b530bf7,140.53957469879683,613,1.858819895906965e-05
MOR,0xdb1ed3c680ed6b7cbfb8e733659f507935dff0ce,140.42790224515147,614,1.8573428814851862e-05
MOR,0x5ae32209b76ef1fc73ca17dbb5b5167aa41a415c,140.34765008232353,615,1.856281441550749e-05
MOR,0x50c7455004f331258e1acb0a8d526176a1e60980,139.97498314254807,616,1.851352433307441e-05
MOR,0xfb08f96dc7eb9298a082dcaf9f986f6a296a257d,139.8374811165564,617,1.849533788970509e-05
MOR,0xe3d1b42ad7e65e7d4b92f2d3a1e06ee00072051f,139.31987994429227,618,1.84268783572772e-05
MOR,0x7177af36dafbbb29f8d02a2785c2c32e913e08d1,139.042761518992,619,1.839022581698209e-05
MOR,0x5f8af800e9a343521a49dd93010510a6ce9660b1,138.79376044,620,1.8357292163900773e-05
MOR,0x4ef861298b42ce7d505c799eced534c5f86779ad,138.76923619625506,621,1.8354048511548552e-05
MOR,0xb7d788b545920320bba350bfafef519bdb503a5a,138.51424715199084,622,1.8320322871654418e-05
MOR,0x08a56c7f13bd87d8a90d5eb7c56b1242023d98a9,138.4363713430888,623,1.8310022776232387e-05
MOR,0x51a1e6616dd05947353069eb464b4661a87d19c7,138.23320256355316,624,1.8283151044875766e-05
MOR,0x17c15b868cfba65110103419e048d09d3a4c20df,137.9094550168246,625,1.8240331192716696e-05
MOR,0xa6959d79b493b7a0faad1b089bd14ab91fee262f,137.47869822373028,626,1.8183357966561936e-05
MOR,0x8b59ec5da5e5ce83abb3bd9079472f7b25666302,137.17554641212058,627,1.8143262170049954e-05
MOR,0xc952eed6c51873ac16a1597402e44f97643882a8,136.6524047632324,628,1.8074069837042328e-05
MOR,0x1f22b27f0b4faf651dbaea215b32988f658008a3,135.9958383058625,629,1.7987230326067574e-05
MOR,0xd422f1e2f20550395df05ed895621d31b0bd8dad,135,630,1.7855517670752464e-05
MOR,0xcd74e61cf4c7719876423d898859d4894af3bd93,133.88014632011158,631,1.77074023583828e-05
MOR,0xe21a95e6403360d6487f6777a79c8fc8688f2d78,133.37979425782618,632,1.7641224246606987e-05
MOR,0xa47b1fc5ed4b296dea37806120d9bcefccd80ba6,133.30269622475066,633,1.7631027022222097e-05
MOR,0x2f7c2a84046f52dc5b4643b8703239a9a540b20d,132.83317471105812,634,1.75689266541885e-05
MOR,0xeb3d5c67a580b31fc1640b4f3302e8601e633e71,132.69659895556825,635,1.7550862722221495e-05
MOR,0x3681e3f30b7283e0f4f61af358a858bf3e086dc2,132.6216817382484,636,1.7540953939275582e-05
MOR,0x173a983df287a48b93e84940a0dfa37daea38153,132.17746779703342,637,1.7482200829075886e-05
MOR,0x3f861a59dfed1e2e5f9f4b081db20a4929a4b131,131.78898304608254,638,1.7430818633998694e-05
MOR,0x8bdc371bc128745fb905e530a64a7a246f4c3965,131.3,639,1.736614422347999e-05
MOR,0xb4b02952d8bcd82f2900aabe34a79ba95aa8c75c,130.96288496615443,640,1.7321556346117723e-05
MOR,0xee75cb763c31350bc85ac6b39c3b617bc591e73c,130.22393319639477,641,1.722382029883789e-05
MOR,0x55711c7fa99280d02d94b0e0a560cca008772c08,130,642,1.7194202201465334e-05
MOR,0x3815adf5cb9a92aa6bd7605191f4de3f6500fa5c,129.87954526880605,643,1.717827048604786e-05
MOR,0x4b74b88def74e7ac741d56753b014c917531e813,129.2698936371687,644,1.7097636075072275e-05
MOR,0x092baadb7def4c3981454dd9c0a0d7ff07bcfc86,129.25837312077843,645,1.7096112335931664e-05
MOR,0x4b502a08bc54c05772b2c63469e366c2e78459ed,129.08472378099202,646,1.7073144937005212e-05
MOR,0x2b0ac32a0016f9776e77ff5d26b6b4acf070a076,129.00379720428023,647,1.706244133759402e-05
MOR,0x607d9a111fa0b0929e1a201c8a1be738c6ad6e86,128.96930607482818,648,1.7057879434102055e-05
MOR,0x720ee847e27a400a03f429abf5b82fa99fe09296,128.94977766241144,649,1.7055296545857692e-05
MOR,0x8bb809d3128b8949c364622858181a65d1e5190d,128.85123048195328,650,1.7042262390879373e-05
MOR,0x661cee7ba809bbd76e5339a69022d58d2a89da48,128.47909298442073,651,1.6993042334115358e-05
MOR,0x8ef4116e6675b5576530bf7f31d84ed238eee9e7,127.39675484383083,652,1.6849888943041045e-05
MOR,0x76945df4c99a97606d375c1c2e5aa7586ea44c68,127.35411022834967,653,1.6844248634261146e-05
MOR,0x419ed2bd207934efe2f21c85dd05cd010dec0dc7,127.33037546688917,654,1.684110940127841e-05
MOR,0xc55c3b583bf37b2f2ea4ca5f26c43603574e3e38,125.89323,655,1.6651028095504476e-05
MOR,0x2d53907e55ce00d5c69d3312352c0fe35ba09a23,125.72730165013206,656,1.6629081898592284e-05
MOR,0x2529986a6a0f23945f8ac7a0f4ab14048c8338e5,125.10828522114844,657,1.6547208870546333e-05
MOR,0xaf450f154305d52bb428513c38e4999cd98565b1,125.10122685846879,658,1.6546275309660757e-05
MOR,0x286835f2b2360efd06ae2f7ac92165c7a9f803ee,123.60763998880573,659,1.6348728889334292e-05
MOR,0x780384e0842a29e43d7f8769dfc265893eb8ea9c,123.01330027838405,660,1.6270119680431596e-05
MOR,0xb9a749f2aca76192da1dcba28261c53bdc0fdad8,122.94799043881999,661,1.626148159899152e-05
MOR,0x3df6eb5a6e58775467790de39eed5292e80c20a0,122.88893228252303,662,1.6253670384522168e-05
MOR,0xc2ff7040233afb5c117f9fb128d1d08d1bf351ba,121.86276177094442,663,1.6117945897835524e-05
MOR,0xae0f77c239f72da36d4da20a4bbdaae4ca48e03f,121.47451314884496,664,1.606659493389077e-05
MOR,0xb3dbd7152c559198c53cd17f06688abecb1ac201,121.39895747201376,665,1.6056601706314582e-05
MOR,0xd58a544df281896391ae98c8fba03b06816e2241,121.32840426946315,666,1.6047270121463687e-05
MOR,0x8c858931b85233a79d602d63bc7c053a3d4e63b4,120.87322789152995,667,1.5987067085467425e-05
MOR,0xbf87c635f57e5e94ecbe6effa484f1eafe33c7ef,120.78410017745442,668,1.5975278778255355e-05
MOR,0xbd4672f2f283a081926b8b150b31022d2eecac8f,120.63081169108436,669,1.595500436879533e-05
MOR,0x1ded22147f5fcdc7ee3e65983360a814be20f806,120.32842427583138,670,1.591500967371042e-05
MOR,0x04cad2bb992062edf047c493a90b4a1ed3c92c1a,119.67404314994774,671,1.5828459201439147e-05
MOR,0xb7e22b5f10b5cc663216c69c6d78dd642ce99655,119.5210583910951,672,1.5808224963920263e-05
MOR,0x86cce8ac791d2fbee8e4edf7b924c1828fd2cea5,119.38130331838711,673,1.5789740525621635e-05
MOR,0x4e9c04bbf66c012fe6516eaf80c3cb2187d869c0,118.66295538306072,674,1.5694729605229273e-05
MOR,0xab360ba8243ef14f56abf5ca334c6fd2c117b265,118.31535000000001,675,1.564875424182417e-05
MOR,0x6c1049f7f03bf1a9c89bf48e27902e4037cb835b,118.18944430019961,676,1.5632101564434284e-05
MOR,0xf775228e4895ab2f4d217fa8176f35f7724a7d19,117.78291692702413,677,1.5578332996320363e-05
MOR,0x8d6a6faaba1b376f2d9ff24545d1c38431a8a4ba,117.59020173651479,678,1.5552843888990273e-05
MOR,0x223686619788a68d58431f826a4fc457dd24039a,117.4734866043865,679,1.5537406784515005e-05
MOR,0xd7b56747935111c90440d7327f261c63e7b9f9c3,116.71579031757992,680,1.5437191529417687e-05
MOR,0x481c7823e54f000aa278bab4c001971177737aec,116.3494389456924,681,1.538873676353293e-05
MOR,0x3f13fb95091f0f212efc422941c2dc79556e7ab7,115.87214201441267,682,1.532560799471322e-05
MOR,0x9b8b190d827d85fc916f6307eca627da527417e1,115.25407204779104,683,1.5243860148707485e-05
MOR,0x22ef6a7e080f7e27272615db13eb15ee7814bfb4,115.19245790533199,684,1.5235710871600478e-05
MOR,0x815612815d7fb01b1e8a97fe4a0996e77245a3aa,115.01235005495312,685,1.5211889250081359e-05
MOR,0x98aacf5893431f1769f42ddbe0370ae4efb177fc,115,686,1.521025579360395e-05
MOR,0x010e00d695f2df8853df45a9048b9b000919d49c,114.85669152733101,687,1.5191301371632767e-05
MOR,0xeb00935c67e2cf852f590f3661c0f7ed711ff18b,114.79230003706212,688,1.5182784753911713e-05
MOR,0x49391f8ed8b6cefa8680966496ef0eb8675f38c6,114.38169409777745,689,1.512847674202569e-05
MOR,0xe44d5d29edda42a44c3e853427ec7bd74d68422b,114.18024331906228,690,1.5101832238772834e-05
MOR,0x82b9fbf524f2f20202b7a3953d179348a7ff3e60,113.83094101906266,691,1.505563243588337e-05
MOR,0x7cced5769b2a8cf6557a88e031b3d5a8f03153d0,113.34423983603558,692,1.4991259831632138e-05
MOR,0xdf9f6510bcce264402c8fd7271055257f3b06c38,113.24118051869476,693,1.4977628887469808e-05
MOR,0x6accfba19e00773ec4c8700096e5c0e84a40c2fa,112.70616576047675,694,1.490686618028851e-05
MOR,0x87614dd195611845211be88ae4cb6c334c23f9b0,112.61421272548246,695,1.4894704187390585e-05
MOR,0x20d46c6b82c3deddeb2630400053f08087c2b5bf,112.53231876013261,696,1.4883872638165161e-05
MOR,0x7f985b1764f79faa42a4622bb605b23c8eb5abea,112.37963717700782,697,1.4863678499606027e-05
MOR,0xe5f78c19e76177d01a68d5b22cadbacd7578d5bb,112.29802854562074,698,1.48528846895333e-05
MOR,0x32eb8c8010607670e3e793e3426b1ada4685cf32,111.78822486562841,699,1.4785456477557615e-05
MOR,0x146f372e7f781223e4ad62a6ce12e8f78b02875e,111.7703277654519,700,1.4783089351717193e-05
MOR,0x3b12bfc36931155a8dc26c6636d0c888e9a3f55c,111.69383141225363,701,1.477297170737438e-05
MOR,0x5b9f4a45002fea1cc0f4e11930b0c0915b088894,111.51214309349398,702,1.4748941048217473e-05
MOR,0xe78cbac1dec870d32aa84d636a32c22491938268,111.42489882233053,703,1.473740185099206e-05
MOR,0xe027f1e4db2697b4c0497fc8d7b3fd0bab004b47,111.10041758504354,704,1.4694484958649798e-05
MOR,0x00d613c329115d830b27dc99fb5ff9c51375ada2,111.01330389349191,705,1.4682963032287837e-05
MOR,0x2eb534fdfef874f989034cbefd75fbe4fda0acf4,110.92125662382051,706,1.467078857561997e-05
MOR,0xb1d640bb9bb986085e75be2ec424e9522d8f0b85,110.32235651,707,1.4591576193654505e-05
MOR,0xa7255773acc951850348e4885e8e6433d8101980,110.17165040720101,708,1.4571643338235115e-05
MOR,0xa025b308bc838d902c9977b0119500d3eb8f4cc6,110.15522124096562,709,1.4569470365879324e-05
MOR,0x336337f01b1f7fa60fb56ca403712d5b41bda90e,110,710,1.4548940324316822e-05
MOR,0x51c58d73d219ed56a7b0014db1d48f6958d26170,109.84977624433452,711,1.4529071265621625e-05
MOR,0x3b4252cde8e962d5f2f561744cf6e37240ad8f7f,109.21378496634308,712,1.4444953091528139e-05
MOR,0xaa61a58830996a2b54902bac0913641ccd362828,108.88798783305924,713,1.4401862154710137e-05
MOR,0xdbd981250f1f19344d992984355d96798b4f09b1,108.14259992809163,714,1.4303274844275216e-05
MOR,0x1e12398ddabf2c296ca565585a41fbe5f8844e7d,107,715,1.4152151042744544e-05
MOR,0x6eee58451c335188000000000000000000000000,106.72581,716,1.4115885825039776e-05
MOR,0x3e207b9ccc02f92c7dbceffa9b6e3fef9a053182,106.69272677448168,717,1.4111510135277942e-05
MOR,0x85c6e53dbe9d578fe22ebb31832390766975ac14,106.58320899251835,718,1.4097024974603068e-05
MOR,0x1e9638bbaeff7ceb8f4e94395b1f26aef5fd2590,106.21186438533331,719,1.4047909787969505e-05
MOR,0x4bdcc451b28d5739fb2696085d3d3ccedc11c01c,105.97303736486043,720,1.4016321787345011e-05
MOR,0xc18d25c8d45c4aed7260bdab78bd4927b2880cd1,105.96771542812814,721,1.4015617891527485e-05
MOR,0x210828b39fa710f47f5afb7f53ba43b5c3defdd1,105.75529962808028,722,1.3987523120628954e-05
MOR,0xa670f68a1432b501b598d0c2062187c78edbbc77,105.60905922954419,723,1.3968180913071629e-05
MOR,0x8f08ee5e3e44bdc28127e050fcb13f5e4671433d,105.34419198045714,724,1.3933148751245869e-05
MOR,0x28a84f1c00b1b6bb09928cc4005d3fdebd413457,105.03803534135363,725,1.3892655526953049e-05
MOR,0x75a37df2c2c03bad5f2d478687ed7c962f967df7,104.823653935528,726,1.3864300778953046e-05
MOR,0x60b8bc140a6dea3e2a3389bdd956814ea2b4a3e6,104.33969083248915,727,1.3800290321632288e-05
MOR,0xd4c084da76e0ac734709c9247fc3bc72106b2c77,104.1964511103397,728,1.3781344992817523e-05
MOR,0x75885163a68ca215ab85ecab1f2e6fc8520668bb,103.93164581477706,729,1.3746321025156579e-05
MOR,0x22c8a2117ae6c0099ae701fbe74d5447ba9ae189,103.931152387625,730,1.3746255762954854e-05
MOR,0x1462f0c35a3e48027ad72bef4e3925aa4fb4a14d,103.68967346916128,731,1.3714317014097496e-05
MOR,0xc428abd2b67e6a5e8347a74cafb72403b414d485,103.30269695028673,732,1.3663134302460972e-05
MOR,0x9797cc4e82c0fd57690bf48f0d1e52cf03c3131d,103.21475578494007,733,1.3651502931854796e-05
MOR,0x31e71918acfb95feb32a34ab03f26c01e4d6a966,103.10345345436538,734,1.3636781741259445e-05
MOR,0x53027051b908a8a137c5f637d1bf365707ea4433,102.9436834094,735,1.3615650060806583e-05
MOR,0xdc6766733b9a5fe98fee108b7e0fa34b3102e3e0,102.54894689540342,736,1.3563440988206901e-05
MOR,0x6300d6e5e1a4edb4405eb3632aad534000409d41,102.34945737918679,737,1.3537055887599969e-05
MOR,0x86cd568a42ef8f1ba2bebd84724895c1b92cb37e,102.13215435133921,738,1.3508314716832263e-05
MOR,0x872a2586a0679e0f7fe1bef855e1a87f727cd5d1,101.86753442308199,739,1.3473315266424632e-05
MOR,0xbdc1526a7b36cd93dc6d47716a2ad3d0f3696395,101.68178879045229,740,1.3448747974382522e-05
MOR,0x9d8c8cbda7a6d82c8cad2d428023e677a3abb1b5,101.06031469,741,1.3366549887104442e-05
MOR,0x4a8353a0ea7ed71802c36284248a4507b644107e,101.0532084969995,742,1.3365610000032648e-05
MOR,0x874753a791b969eca00128ec231c1b7abf17666b,100.99999999999989,743,1.3358572479599976e-05
MOR,0x777394a03b62c802edac4168501a96c357e9750c,100.90196509561939,744,1.3345606079840595e-05
MOR,0x4cd697697ea9de7fd2cb5998029dceb42ba135c5,100.86580416487291,745,1.3340823323263301e-05
MOR,0xf3635f37f49637f76087cea867874314e98ea03a,100.7684970074316,746,1.3327953177565643e-05
MOR,0x9c348f2295c3ae9455857cc76c107d85e25aca02,100.67371136071873,747,1.331541653467812e-05
MOR,0x031b1df98c2ecee10f7d3a1a08ac2ff8931b5f8c,100.4760915382002,748,1.3289278725544263e-05
MOR,0xa4954878c3b04fda9b6e642e0938dcc6c8dd81d2,100.26347821722977,749,1.3261157829917415e-05
MOR,0xfb482de648a341b8a8e415f21f8ac041cec5d1a0,100.22747975034845,750,1.3256396561313567e-05
MOR,0xe12fb12ad3954156ed002c135cf72d10294c2c13,100.08641372207008,751,1.323773873197529e-05
MOR,0x938732b883c5b021c29eb5e6438402df8be82562,100.0092420385248,752,1.3227531766351405e-05
MOR,0xa5a80059f39646043d1fc76ce31bf26905fb25d0,100,753,1.3226309385742565e-05
MOR,0x9317304708a13a8f5b5599509ccd0f2e8a96bb32,100,754,1.3226309385742565e-05
MOR,0xc06b2a60cc839a674fc39dbf67a40324ec5f022f,100,755,1.3226309385742565e-05
MOR,0x1ad646a10a777ba7a4b0632c049ef9a6d0dc8f12,100,756,1.3226309385742565e-05
MOR,0x915ab39de4bb670bd2632e360075073de0c5c8b9,100,757,1.3226309385742565e-05
MOR,0xc87522d09433efa134bf2ab3ed021f7a60d07633,100,758,1.3226309385742565e-05
MOR,0x805526ca0fdf810e3dd4ad2bbf202368a5d45120,99.9870870031997,759,1.3224601472834787e-05
MOR,0x07839a77b84c503a50c11874dd00a2d172e3ecfb,99.95741309371833,760,1.3220676709759936e-05
MOR,0x325409632bccffac706d378a2eca57cafa21ab11,99.9446752742721,761,1.321899196635098e-05
MOR,0xb6711ee6e27cdb0c9f6447a078086d3df1f707ef,99.71141266355379,762,1.3188139931776115e-05
MOR,0x00f5dd77900386ea4c2a010449606e2e37c77501,99.7,763,1.3186630457585339e-05
MOR,0x13ef05b5483e5bb25929409a95cb587871b902c4,99.5356125891177,764,1.3164888070030833e-05
MOR,0xc21293240a5836a9ec621d6836d8a88ce3a9a737,98,765,1.2961783198027714e-05
MOR,0x2de9aac45ede79f3397ffefe9d7872ba5e70f153,97.99655611863481,766,1.2961327699623476e-05
MOR,0x3040846e23e3577e1af29d9cb84886466b3e81fd,97.60859474029614,767,1.2910014727427213e-05
MOR,0x2c977d9dd0cf1e0155e835afc6af2b2216756399,97.59037323755686,768,1.2907604695100184e-05
MOR,0xc5381bebbd02e744a3b8451d09e9e72543f90872,97.1021916752047,769,1.2843036291299334e-05
MOR,0x1257ea1bd7483cd8f63c60bd2c341a57e8795a02,96.92550096010237,770,1.281966663066402e-05
MOR,0xcfe4a26e978d998acb24b1b52d937578728aa32b,96.86300238409927,771,1.2811400375640168e-05
MOR,0xe4cbfbbd7f3c0d4ecdc1ea384daa5f73bb65c2e6,96.43265973364299,772,1.2754481925272014e-05
MOR,0xb2eb5849e2606f99fc492e9add0103c667f806d3,96.21491507810424,773,1.272568234345954e-05
MOR,0x20d03aa18eab74d06c51cdb04336fe0a507e2562,96.02319150639651,774,1.270032439070008e-05
MOR,0xc9211a0e4cfab4974fe15a77a90682079b53722b,96.02013627928969,775,1.2699920296910494e-05
MOR,0x892739a585d1fa3acbeee7f7f5d97986722ac696,95.66726842688936,776,1.2653248903029202e-05
MOR,0x12cda82faf33ad85d2cec943e71934247bc3390b,95.61734355726695,777,1.2646645685312513e-05
MOR,0x21a01f63b263d93e124471e456578024121a6b78,95.56190175219194,778,1.2639312780644252e-05
MOR,0x4a7120c37c3b95a250fc913a4c66a507a21ed278,95.51151002135305,779,1.2632647814418669e-05
MOR,0xd0dc623ef20c159e684e81990993744901cde974,95.1,780,1.2578220225841178e-05
MOR,0x6d1133eb11d8e3249f6f3c5aa0c9c2f7dc003ff9,95.00729034640425,781,1.2565958160226155e-05
MOR,0x4e3cda01a86922586326b84e6d156097aaa94043,94.87441069065414,782,1.2548383085845937e-05
MOR,0x357365a2f29d57fc58741833528ddc07771d63f8,94.86099531386051,783,1.2546608726605948e-05
MOR,0xdf5769be8115c856d8a05a42ecad40a6f5cd1a89,94.63409514680602,784,1.2516598208514554e-05
MOR,0x58ce69c0bb1de5722653ce241213bd1586f7e03f,94.48644756543436,785,1.2497069882601773e-05
MOR,0xf4661947397a89da77a5f6717967b7543473dcc7,94.41545667383173,786,1.2487680407642711e-05
MOR,0xb655859324c858988aa8d69692dc4f1faf9edc17,94.36928756483093,787,1.2481573938445624e-05
MOR,0x6194623eb05f6a9fc8a2b90ae99580564bc7ae1b,94.00782530323673,788,1.2433765821414473e-05
MOR,0x0085b7f7d58cb7f9097d09f2979817c35217e07f,93.9916403615437,789,1.2431625150952252e-05
MOR,0xa572aa08a9b6827e4d748594a2b6718e6bfee202,93.97018162044792,790,1.2428786951464637e-05
MOR,0x6e483fa9d2b343bbc61ecefd183b28a92adbb0b0,93.42810482323326,791,1.2357090197156703e-05
MOR,0xb8ca808597b0811ece0da34374a117c5c1e7ff4a,93.00911694393082,792,1.2301673563951401e-05
MOR,0x9bddad727c462dab49ff90048f7e41d8bbedcb73,92.4792562511984,793,1.2231592549417172e-05
MOR,0x6e1840a8504b94f00792925673fded8b8a72dc39,92.17381350444926,794,1.219119374673582e-05
MOR,0x854929f597f718af81d4c14098fe9874b8570379,92.1336268088562,795,1.2185878530044776e-05
MOR,0x00487db5555b89a5c6837a393c9022de64a44a70,91.43627855903966,796,1.209364509302798e-05
MOR,0xfece56f4deab3d25ce560e97bbb5b5aeeb64127f,91.27625457403656,797,1.2072479825680074e-05
MOR,0x022e7f9c554e6b16c541963371de350fe448fdc3,91.26709310898782,798,1.2071268101968462e-05
MOR,0xdbc0fdd466a37a7aba0c60c4bdeafb5ad19c8a23,90.02103542533285,799,1.190646065760344e-05
MOR,0xd2234c9514108c6d561ba87a25adfe263f9cebac,89.77147614019322,800,1.1873453174450022e-05
MOR,0xd910abb8bffb50493dbaedecbe6dc44109b97ebb,89.61307336953054,801,1.185250233392659e-05
MOR,0x450d0a2b5f0968442bc137f2f7798d55f218b827,89.25985277896208,802,1.1805784285803859e-05
MOR,0x5789d242a2f72f8509ed7344d1bc9dc4a3daa9a9,89,803,1.1771415353310883e-05
MOR,0x7500ec00ad5ff1eb3c346de8df8deb1ed25f6cf4,88.93760107100384,804,1.1763162277908461e-05
MOR,0x8ee21663f8b6bb0f5dabb70f21098cdc4a47e061,88.90942559091272,805,1.1759435701740692e-05
MOR,0x444e20f50f7a3a6d6d36ae136d971ed5768c2b78,88.83510184575572,806,1.1749605413259156e-05
MOR,0xe8eae5ccf14fe4d22d7a93308e3af94a9ded2996,88.48943175383229,807,1.1703886017447383e-05
MOR,0x2167283aa2b5f05923566769d4eaa3495c40920d,88.21290046721123,808,1.1667311133930506e-05
MOR,0x181eebf932f231a4f7119b728998487b2ef56594,88.15069205153975,809,1.1659083256409828e-05
MOR,0x4e2c01326d3a0871c46d748b10aab030cf851274,87.78983530333933,810,1.161135522645351e-05
MOR,0x723948b0828b95cd96d81ed13ce9fc9b79667cb7,87.75188173,811,1.1606335369420704e-05
MOR,0xd1dce74d179dedb16b38c204c9f375798a7b7747,87.64480685404637,812,1.1592173315052678e-05
MOR,0xff0d69776991607a34bde5a4ec44dd7e901e3bb9,87.63200301010163,813,1.1590479839039278e-05
MOR,0x039e8026f52b867871e97bb457592c5f73014aaa,87.62668280841147,814,1.1589776172703794e-05
MOR,0x93be00a2bf247d34130c640aae54915622bb4d92,87.62300099686345,815,1.1589289204917452e-05
MOR,0xad8ada7ca550e9af8e8770d6c0cc3e31618451a7,87.5923963726151,816,1.1585241342628021e-05
MOR,0x8678f58ac6c4748b5289d0db70e627eef395dead,87.42921949223455,817,1.1563659063582888e-05
MOR,0x69456abedb79fdb814db148e82ef18881ad50403,87.01995821240543,818,1.1509528900516637e-05
MOR,0x7b8c1ecf594802377b0c9113720b631d814de2db,86.7357919291267,819,1.1471944188720228e-05
MOR,0x2a6e39a8a060c8e6617a20f01ed015b9d957ac77,86.56770206535376,820,1.1449712103291544e-05
MOR,0x0ef335ca652e12a48c85908bb11a8e53565de6ed,86.52062902802393,821,1.1443486077737036e-05
MOR,0x49605978c3392b5d3e98c24a1c9bf6db10aa7af4,86.22331688812791,822,1.1404162654273017e-05
MOR,0x060f846d68ede897cf664fa655fb48d3a17eb2fa,86,823,1.1374626071738606e-05
MOR,0x2fa6a8862695a6babf5045ed64970af51028ee90,85.15511824486028,824,1.1262879396860134e-05
MOR,0x847ec41f719b9557700befe212526ff3331e9095,84.81062375733629,825,1.1217315490123383e-05
MOR,0xdc7d3c75c6f189d1f3c7570b4831ea9b6dbf1556,84.5549457233897,826,1.1183498722322223e-05
MOR,0x427fca383325937272fd78b5aeed62b0ad7c202e,84.37863645624567,827,1.116017951317402e-05
MOR,0x26508f4aef1912ec5d256e23c101125ff53e49e4,84.3248332519613,828,1.1153063334915925e-05
MOR,0xe0e90b8620f185d9361ecee73800432e283a7086,84.03099904580999,829,1.1114199913729213e-05
MOR,0x6b1715cdd6b7c36dfe969fc26a7137e070fd58a9,83.94958144389794,830,1.1103431369805873e-05
MOR,0x64cb19106e84d6729eaf9225ad8f2ece128b0050,83.92194481062381,831,1.1099776063185234e-05
MOR,0xb5c8bf033387ca2ac3db99d487cd46fa5aab251a,83.827065502131,832,1.1087227032300922e-05
MOR,0x65335d283da80ac3d6486aaea0a160887b3647cb,83.69951766896727,833,1.1070357161271875e-05
MOR,0x372663a3629cbfd377c94d5962bd0b62c824bd4a,83.60329668706346,834,1.1057630676511277e-05
MOR,0xd2e6cfabdc25711a4c422b9f19360d8646b9fd87,83.36311973317379,835,1.1025864129516578e-05
MOR,0xaa5b8c9593c6ccee859331228947ceba53ee0275,83.34569177624368,836,1.1023559054013387e-05
MOR,0x89e30cab2e4b0daa7e169abcfb19c9467f6f466b,83.14592988733145,837,1.0997137928551052e-05
MOR,0x253ae3eca6d3b83c86b4ee217297bb7ef1a36ccc,83.04726779894483,838,1.0984088575494604e-05
MOR,0x98fcb41cc865d6874b48b8df35d5a67deb2efbf7,82.92704904350828,839,1.0968188070960876e-05
MOR,0xc4c44cf584bb3079f8fbe1ddcd09ae1003781184,82.4842005064863,840,1.0909615553344114e-05
MOR,0xe64005ffbfbea1d2fd656936a0b711791a7446fc,82.42981639300513,841,1.0902422542238401e-05
MOR,0x495e1e36e46a2dd5012770fe3cee48ac80b6a584,82.14345245863935,842,1.0864547162309998e-05
MOR,0x7e59f75e178ff082585f91557cf8ce16923f6246,81.72454961029973,843,1.0809141775562913e-05
MOR,0x9a2091ef9194670d595dd9b0a6782119f5253fbc,81.7047552797665,844,1.080652371616575e-05
MOR,0xe64eb6ee7dada315f8f6c2bebc73963e12c7d804,81.64734857516106,845,1.0798930927806476e-05
MOR,0x9e872ab3a64188dbc02c69059ea7113899da4b90,81.58673657160561,846,1.0790914196691335e-05
MOR,0x10613869ed934a2f75859991fce4510191cb2cf5,81.32355992986817,847,1.0756105639824133e-05
MOR,0x6c85cbca4908f9e1fc045098e307e9d9d4e26da7,81.28662108951413,848,1.0751219994515403e-05
MOR,0x3ff43816e42ce8ca04e0abce9a79f5e689793d3d,81.00143289203827,849,1.0713500121185622e-05
MOR,0xecfc543856e74bcac7e162ae6217a2d3793f9132,80.77863010042975,850,1.068403153464741e-05
MOR,0xdf81c82cc38dee339e0c30d72c584e59de35607a,80.74530404525864,851,1.0679623727484414e-05
MOR,0x75331ebbe0b00b97cab532384f13c9b479f074ec,80.63981421372765,852,1.0665671315995627e-05
MOR,0xc686d10c51b59dcb123547f2a3762e3ad43dd777,80.42645655900535,853,1.063745197248389e-05
MOR,0xbd14b4122ae93497db639a247bf77032cfbc0bc9,80.31502104325352,854,1.0622713166404957e-05
MOR,0xbf648e27f5e72fb042be3ca8cca5e447362e0795,80.15076051473586,855,1.0600987560704556e-05
MOR,0x7b279117475407520d83f41dba1c6e14b12d33fb,80,856,1.0581047508594053e-05
MOR,0xfaa8269da53d42369bb2fae759f0f0c8f094fdd3,79.74375562685093,857,1.05471558350178e-05
MOR,0x3df9e23c1e069702d86736be5c2f425b9e528835,79.51278281411228,858,1.0516606656208035e-05
MOR,0x02c4a7fb58817d995d2696cdfb20bda4614c8a06,79.4978944745798,859,1.0514637478359067e-05
MOR,0xcf2e8b33a76dfeee90dc20aa5495e8b5b768913d,79.2569662176552,860,1.0482771561700544e-05
MOR,0x499b5c49f5f3a4f96d1f4be65b5e8b9056a521a3,79.10454789703684,861,1.0462612243055006e-05
MOR,0x6a63bb66d9019edb31cc46aa205d0b1ccfacb1eb,78.52543092830842,862,1.0386016441065652e-05
MOR,0x43b6bf2ee5d85fdfa65ce16ffcb6721b7c4a13d2,78.38326143867984,863,1.0367212664515244e-05
MOR,0x00334c42779932236b1fd259e867ae326de0111e,78.35733429196776,864,1.0363783459876209e-05
MOR,0x9420f97d76fbf500e9610542f65ae05ce445a6a1,78.262825618621,865,1.0351283450343005e-05
MOR,0x6cc9b2db62d4da073b5d057f411c7650a429bbfc,78.24764061661443,866,1.0349275034997386e-05
MOR,0xdc7434d709bdbf483ed74989eae91c17b7ce1a33,77.43882541635475,867,1.0242298634252128e-05
MOR,0x7ecb6307ef1537ad71ea892ff00d6c51835ec0b4,77.42534493257364,868,1.0240515663760543e-05
MOR,0x040417adcd51783b26b6044c1d20a6ffad1537db,77.13795987008335,869,1.0202505226267167e-05
MOR,0xbb1bf1f210df57abed7f2490aa0a06f06e639359,77.04255171345464,870,1.0189886248292222e-05
MOR,0xd612cf5c1f7a4859b5bc5b5f521eb5ebe66faa22,76.99813777786969,871,1.018401192376137e-05
MOR,0xbbc43973f5ea90fe5ad0bc62b072c62450706cd2,76.50360232745885,872,1.0118603135067858e-05
MOR,0xa84471c5babc4edd9f59cb4ec180a178aadcedac,76.07000372588129,873,1.0061254042530956e-05
MOR,0xff8a3662c0ff1d1d82c5d8fd0abc49696bf9cbe4,75.9247243838578,874,1.0042038947281357e-05
MOR,0x9fc4001133d3825b7ce4b05bcfbe227fb3cd5fdf,75.6527759428561,875,1.000607020510477e-05
MOR,0x7e7260e9987e803e91b3751697a2b765035d094d,75.44112665789609,876,9.978076815863247e-06
MOR,0x7532a096be1a39a87af68e3b27e06dde7065e87f,75.4212050234423,877,9.975441918855691e-06
MOR,0x8558f502887a9a52c4b265d72327e0e529ff790d,75.38058236186392,878,9.970069039954612e-06
MOR,0x51055b74f7867e56bed076026b32ff79d31a23be,74.85877805812636,879,9.901053588354163e-06
MOR,0x442a329d3cf55bc65d9bdf385b4f94db320fd17c,74.6645361186901,880,9.875362548487455e-06
MOR,0x34940c3f11485eae09e649cb9ae80b8c5fda055f,74.63437447242387,881,9.871373275836452e-06
MOR,0x776b3032449b0a0c8201e0175f8b694a9db364f9,74.61080483793769,882,9.868255883058221e-06
MOR,0xaf803c6264a4fe51c44c90adf42998a506f57102,73.93840734562089,883,9.779322510422427e-06
MOR,0x5fe518e6f0cc287a91460f15889d43edddc224f8,73.66663142581811,884,9.743376586433363e-06
MOR,0x46aed5c74c5a7fd7b573edc7bd5e2a615614d4df,73.41443745946162,885,9.710020632190879e-06
MOR,0x62c464e71e61a9bab112da06415ebe1ecb860b4e,72.80139360236903,886,9.628937554981523e-06
MOR,0xa0efda8e8055270cde427b6aa5aa333f84042676,72.775426670684,887,9.625503088258876e-06
MOR,0xc614ddd3f6a2d08cafefbc8347b7d4a2d5ec08dd,72.15715170599826,888,9.54372812857495e-06
MOR,0x6f078bc80c290526fd8c4f4bca41b6b9b82c35a1,72.06272209157184,889,9.531238575619147e-06
MOR,0x6c3199bf5cce7a0dce35f768c1cd0e8498920247,70.96340677098428,890,9.385839730193369e-06
MOR,0x73026f430309503bb4b1ccff60281feaa4ea697b,70.94184518475626,891,9.382987928090378e-06
MOR,0xe1def7d252fa1396193a3f59ff1a5eecfb0571fc,70.8286295690153,892,9.368013680479505e-06
MOR,0x2adbc08196be0eb5bae7e69d45f6aa89aa0b116c,70.50873261065037,893,9.325703119050578e-06
MOR,0xdd86f570af51d9f401a6b3407a9fd52c7300728e,70.24270410393922,894,9.29051736569869e-06
MOR,0xc2a02cc92db660d5276e0ab9d42a4d8547df0d25,70,895,9.258416570019795e-06
MOR,0x8f1049649f32646f08967f1057265763da6d7df7,70,896,9.258416570019795e-06
MOR,0x5aafc1f252d544f744d17a4e734afd6efc47ede4,69.8769110337268,897,9.24213644252079e-06
MOR,0x7fc7416d2eef1f449731a71e86cf6189a98af615,69.6613033668364,898,9.213619505438486e-06
MOR,0xf9bf2f503596f1bf362843ce4c073af0a8e76c42,69.49524266202906,899,9.191655802852521e-06
MOR,0x163a0f0721c2c3c79b6a02b21382e35d6246c0d3,68.81881836321108,900,9.102189832330516e-06
MOR,0x17258ffbd53de354486f36b2b9316e427601b67e,68.31031768766653,901,9.034933959754402e-06
MOR,0x0cc7cedb0935ceab0b4a6b38ee7dcfd403b19a7b,68.13403962365189,902,9.011618877628629e-06
MOR,0x6c1ed23c071243879cbcc70dfda211c1f2ddb214,68.05026057789041,903,9.000538001835793e-06
MOR,0xb7e23fef6c9da5e9ef48b5af7d20ab691971f717,67.98196071554548,904,8.991504450732016e-06
MOR,0x6e1a2965496ac08aec4c4d1de3c994b8cc26b525,67.9172924533004,905,8.982951226293098e-06
MOR,0x948db16fc409feac9399dcdff9346aa5d22e15cb,67.764115,906,8.962691502410386e-06
MOR,0x6cc37e13ced30689b86a10819282027ca6bd1cdd,67.45850341114703,907,8.92227036815001e-06
MOR,0x0f9708c86909affd721ed603ce5a38a0d6decec3,67.32605706519152,908,8.904752604663821e-06
MOR,0x16fc17db218416563d979c8d6a9f75ddb301ce73,67.14534220575489,909,8.880850698248723e-06
MOR,0x9b38d345886af17caab02fd41499987ac5aaa4e1,67.09421942579296,910,8.874089041204365e-06
MOR,0x97bbb7b1bc1f8b14e584e1dbc7824ecd84784bae,67.02706844432556,911,8.865207444639926e-06
MOR,0xba885b391075f2609acbd12bf6759422d1f0e380,67,912,8.86162728844752e-06
MOR,0xed8b0d766c43a0c9fe4c8616dd3cfc2fa33510ca,66.89564544406755,913,8.847825032021776e-06
MOR,0xbb8695d8bfb2dbc870477f0d6c90464835d28d32,66.47510104753647,914,8.79220252903217e-06
MOR,0x2ded6c7c0ea1b413c0fd3ef3e5a255a8d080dca0,65.98553430791128,915,8.727450917399651e-06
MOR,0x733cbd0ec861a35e92eb6bc90d7aca5764e62137,65.90351632134148,916,8.716602964743972e-06
MOR,0xb473a2b4ef84613faa016093056d341841c1b89c,65.65910418335709,917,8.684276259197849e-06
MOR,0x25da597b95f452ad008f567ba8f50db99b5da920,65.58671649392461,918,8.674702039436318e-06
MOR,0x1b110f826052422b853bf87c22f00fc6ef9321ba,65.20732492745476,919,8.624522537071601e-06
MOR,0xf28e0d20c62ebe93a149e28a7de31c164483751c,65.0063992127746,920,8.597947480412488e-06
MOR,0xc6ca088d5acfe7795f3c7091acacedd2ae35744e,64.9527533057462,921,8.590852106776124e-06
MOR,0x0a094e2cb26578e688a28e7040199adc6cd490da,64.90173119662074,922,8.58410376476806e-06
MOR,0xcef7bc72b94425e5c651c1a8b3e361097adf4e97,64.53241325605258,923,8.535256631331461e-06
MOR,0x9020d6046a089f39b1dd35411f3750a1ed5ba79b,64.43560064371991,924,8.522451895699923e-06
MOR,0xc2e5329356eb06d97406260aea056891f8477c0a,64.29942841557589,925,8.504441335508136e-06
MOR,0xb502968976d156b1e0a4f2ef1a8c23984694177e,64.24851942331364,926,8.497707954686367e-06
MOR,0xecb9dcb808258a180c7af864a799c78722d1923b,64.2252582025241,927,8.494631353657843e-06
MOR,0x5878bab381b4398d85a3eaedacfb5cdefc057229,64.19154638361697,928,8.490172524189623e-06
MOR,0xcdd961b0099bbdcf50b490eea4cf7d58a2a1fd95,64.11886034451572,929,8.48055884377785e-06
MOR,0x93f5af632ce523286e033f0510e9b3c9710f4489,63.72663804912606,930,8.428682309509752e-06
MOR,0xe1706c86ba774ddfe64aef8037d69d047175de10,63.63930151460324,931,8.417130909246978e-06
MOR,0x29719635e1c7a728355b02c2152ddba96a96106a,63.63608345084398,932,8.416705278177948e-06
MOR,0x3ea176e0cda71ecbf7c2ae91936f36e81f6b9b43,63.57525271767222,933,8.408659617207036e-06
MOR,0x8d2de8d2f73f1f4cab472ac9a881c9b123c79627,63.40460645,934,8.386089413889486e-06
MOR,0x913e214afb2ed4cc6aae4335c15851bd7660179d,63.39751292800446,935,8.38515120272401e-06
MOR,0x8f15dc48b16a59de56739fd9c28ad93d841a61db,63.37756714823262,936,8.382513112181987e-06
MOR,0x28759ccbb54cdd4a801aa3eecdc202531bfb9c50,63.33223749643433,937,8.376517672191666e-06
MOR,0xab07908a4b21b2828cff2ef17a6d5878b91f02c3,63.20265034004146,938,8.359378073962959e-06
MOR,0x5d9a1077f5d0083d03c855736e7cdf6f1fbccb1d,62.86516597347396,939,8.314741347512228e-06
MOR,0x3bd57d796ab8030489093bdf2145346fe1f03149,62.828776848684676,940,8.309928409284834e-06
MOR,0xedddd1be950d5a4a63961ee4d1247ca67af89a24,62.32641339861242,941,8.243484265137385e-06
MOR,0x4eb00906d5d5dd67c316568d597f5dc89ace30ed,62.19863736549446,942,8.226584211676376e-06
MOR,0xedc53d1bbaa38e56d2c685e00df2a264cb005fa8,62.00303190522463,943,8.200712828325683e-06
MOR,0x149124822522a42e3587a0791f2fd02722f0f56c,62,944,8.20031181916039e-06
MOR,0x811d19c22a549e6fe8529716d23134e45922d9ff,61.75250143108352,945,8.167576892710213e-06
MOR,0x7ee1825866193ddd002179a8b645ad85878bac0c,61.73425757683566,946,8.165163904103506e-06
MOR,0xd68554d9407e9c770c06adbfd984ecd0a1f73e6f,61.730155516998536,947,8.164621352978259e-06
MOR,0x0556890aa67ea0de37ea13e90f64b53f4f45243c,61.520489999999995,948,8.136890343024816e-06
MOR,0x8d5de11450c371eff68db69939dc2e5d69da059c,61.35589669710835,949,8.115120723556155e-06
MOR,0xa91531e2b92265d071d60bbdc369612999b4dc2a,61.31626126701521,950,8.109878418945665e-06
MOR,0xa3530a4f1dc74cea9e35870fcaf22ad40ed11edb,61.159875452014525,951,8.08919434721826e-06
MOR,0x782504ec5fb58e6b0776b93535522ae1cb8d924e,61.06548560368614,952,8.076710053849616e-06
MOR,0xc2820f702ef0fbd8842c5ce8a4fcac5315593732,60.908810068610514,953,8.055987662848745e-06
MOR,0x6333d58be19b4d24101634a26e37259770e8bf91,60.2845522802256,954,7.973421396392362e-06
MOR,0xd8dc84be8ff5fbbd529e370e7df8b6abd5385ccf,60.00000087274073,955,7.935785746876927e-06
MOR,0xa2bd8a4253bec9348023e701ce7a864502797485,60,956,7.935785631445539e-06
MOR,0xca123d0032ea6e82da6216a9fedf686d99ceff36,59.851251124512984,957,7.916111644965813e-06
MOR,0x1426cf0333b43f94739f2bc783c35e3b67cd819c,59.754029973653545,958,7.903252874764765e-06
MOR,0xa6484628a3eb0d819c8978bbbf8658674b749f5a,59.560331357599324,959,7.877633696529532e-06
MOR,0x3c6e0a46a5f18ed05806d9d9f602b0f6e3eca1ae,59.51177194938687,960,7.871211078963468e-06
MOR,0xd66bb2d2935487fcef48bf4e26b3101fbeb7d744,59.508332151148736,961,7.870756120606245e-06
MOR,0xf3a19582d4d536a963cccd2eb7508fea01ffd642,59.462040425004254,962,7.864633433686376e-06
MOR,0x4f82e73edb06d29ff62c91ec8f5ff06571bdeb29,59.40730827564445,963,7.857394390278583e-06
MOR,0x1f4b31a03921359f669509aa7ad0cc73ce94083b,59.397024864263514,964,7.85603427447393e-06
MOR,0xe4141ae57f1b032fbb21a375c53b9f045789dd77,59.39106540800512,965,7.855246058351488e-06
MOR,0x2ca802c3d0c41e9723770a6b6df575ef670b4ccd,59.348931894525606,966,7.849673349503604e-06
MOR,0xb410877bc1ab4d3f623da6f25e6e6327f6e9b34e,59.22988701926184,967,7.833928105993345e-06
MOR,0xaf4290f15e3fc2b761139f28eabaa7b205fc0d28,59.21600663253555,968,7.83209224310099e-06
MOR,0x45c01f2981d1be98fa1eb8a1fe4bda7876feee2d,59.17575088207873,969,7.826767893000018e-06
MOR,0x507bce45bd425d6828fec4ba6b4ace47fbeab112,59.167468848237135,970,7.825672485580697e-06
MOR,0xc348ccc926c05789a142df3696450561d425da06,59.12355746643354,971,7.819864630367799e-06
MOR,0x92ba187e9042dcdccbb0cdc82964f3bfdc9504e5,58.9749509574567,972,7.80020947372317e-06
MOR,0x81bf76ec4cb37cdfb7ee26b1526fafd064c63417,58.96160524766662,973,7.798444328856612e-06
MOR,0x07ba25d30e3107eb890205eaa598d460388972ff,58.76316585455848,974,7.772198120780938e-06
MOR,0xd57fb8e2f9f1a2afb3e3b51f0ca75d6a8aabb20d,58.65776140008626,975,7.758257001526088e-06
MOR,0x2bc20964b5075da082806e18691c223e2a60825d,58.616827484323835,976,7.752842955183652e-06
MOR,0x51f70d637110a5faa9ce5805ce0e8394fddfab49,58.450090660644484,977,7.73078982702386e-06
MOR,0x397d718066ba00e4c63f8151609033f4d1dc4f34,58.30661261548719,978,7.71181297687074e-06
MOR,0x92401cbe75557b59aa9c7047dbe0cf7ade17895f,58.2871278004677,979,7.709235854953024e-06
MOR,0x9624db1479adacef6ff8ad63955b492a8c7430b5,58.22538836879926,980,7.701070006707557e-06
MOR,0x98fea14c527855898d645b5cffae949cccfd7a62,58.042793446777296,981,7.676919437398276e-06
MOR,0xaa5caacfd7a79a3a3b7d99d0c35db90af8c27676,57.99945102801247,982,7.671186834997177e-06
MOR,0x6dfd3b2a15173efc5a8d9b661f62c6993d2e3c76,57.94129807748682,983,7.663495345843717e-06
MOR,0x714ead519636b2ace5317c1d43a6afd5403b2aeb,57.74736343487309,984,7.63784495000549e-06
MOR,0x3b54f4fbfafd0e7167dcd70594e2d1b8bcbfe4e9,57.697978810326816,985,7.631313186774012e-06
MOR,0x1d5672260685d82c628426bc411d48205e9b4079,57.680654664122684,986,7.629021841598615e-06
MOR,0x6c5493d02096791c4d4a5ed666ed16897dc64770,57.61417997004202,987,7.62022969289628e-06
MOR,0xe69dd50b6d712a730e114e445dd442861c9fa07a,57.53544215887026,988,7.609815586387142e-06
MOR,0xffb10ca22f32bcb0054c0ae729e54d1d49b94d54,57.5,989,7.605127896801975e-06
MOR,0x29e8e0c7a0cfd97198cd4c56ec7e3c9da0194743,57.188561137285134,990,7.563936029271869e-06
MOR,0xeb1fb77be3bdd31dd7fcd72ea862caa15b2c407c,57.164817354742475,991,7.5607956031328985e-06
MOR,0x1aa110f09b8733c32ccf19788ef37266ba1540a3,57.08349438490815,992,7.550039575540937e-06
MOR,0xc0016bc35984a6f429ba9ed59434a7b79232c049,57.03983011599127,993,7.544264404242968e-06
MOR,0x380950b2bff410efc4bd8178be18ddc10194f023,56.81882432142565,994,7.5150334940933005e-06
MOR,0xb581bbfe41d5a5238a79c9dea4195c4b6dedbd57,56.7974138122936,995,7.5122016739144325e-06
MOR,0x203c2d809bc95a1514b96f74d7bc108d0ae37223,56.76842911750488,996,7.508368068507163e-06
MOR,0x513b6283d8883e1b923329ced6bbb23c8b666141,56.656979472016445,997,7.49362739358555e-06
MOR,0xe2b05f66089dd122b2c79f08973120734147e1b5,56.32761328099626,998,7.450064402149184e-06
MOR,0xa8aa0efe34e9e36d1bfb0a67425c8eb13ce4b20f,56.18175765275721,999,7.430773085501769e-06
MOR,0xe2c2edd0cb36408f2f69cca4dd8e249c36e5d9d1,56.12016141236863,1000,7.4226261761779895e-06
