symbol,address,ens,name,votes_count,delegators_count
AAVE,0x4da27a545c0c5B758a6BA100e3a049001de870f5,,,2747125319199463129610556,24
AAVE,0x25F2226B597E8F9514B3F68F00f494cF4f286491,,,984498999692264940686734,15
AAVE,0xC697051d1C6296C24aE3bceF39acA743861D9A81,,,968501512352076653382911,9
AAVE,0x4a49985B14bD0ce42c25eFde5d8c379a48AB02F3,,,841408152027473589504571,2
AAVE,0xA700b4eB416Be35b2911fd5Dee80678ff64fF6C9,,,678661002622511657889208,3
AAVE,0xF977814e90dA44bFA03b6295A0616a897441aceC,,,500000100000000000000000,1
AAVE,0x47ac0Fb4F2D84898e4D9E7b4DaB3C24507a6D503,,,500000000000000000000000,0
AAVE,0x8e74Ca5d096CD0f05B1beC21c3D1Ac94d5970F94,,,363995430000000000000000,1
AAVE,0x317625234562B1526Ea2FaC4030Ea499C5291de4,,,340130561303032076716466,2
AAVE,0x5a801a9418D036fD453078c3ADCB761fdc5Ae695,,,281183826350276532626608,0
AAVE,0x3555EF98046FAC600c0B6529E7018EBeCa176398,,,236779124269900000000000,0
AAVE,0x6E1A6728829BC0FcA82C1A39834c6212C250F1c1,,,233256395489265138929500,4
AAVE,0x40ec5B33f54e0E8A33A975908C5BA1c14e5BbbDf,,,231202884866953722779804,0
AAVE,0x6cC5F688a315f3dC28A7781717a9A798a59fDA7b,,,176442003814080194006251,0
AAVE,0xDA9dfA130Df4dE4673b89022EE50ff26f6EA73Cf,,,146196000000000000000000,0
AAVE,0x80845058350B8c3Df5c3015d8a717D64B3bF9267,,,130000000000000000000000,0
AAVE,0xFFC97d72E13E01096502Cb8Eb52dEe56f74DAD7B,,,129740374878895202774414,9
AAVE,0xf71fc92e2949ccF6A5Fd369a0b402ba80Bc61E02,bgdlabs.eth,bgdlabs.eth,121304979595136316893136,3
AAVE,0x26a78D5b6d7a7acEEDD1e6eE3229b372A624d8b7,,,117214910659807549462939,0
AAVE,0x2eFB50e952580f4ff32D8d2122853432bbF2E204,,,115309358192009743191525,0
AAVE,0x28C6c06298d514Db089934071355E5743bf21d60,,,105964573063626810639350,0
AAVE,0xcba0074a77A3aD623A80492Bb1D8d932C62a8bab,,,104491537188480000000000,0
AAVE,0x75590f473d2A7b377c1Ba991790900f28532f329,,,96553673075464869633800,0
AAVE,0xA7927364E94E162102E7cF2447e33E01fc629e68,,,96553673075464869633800,0
AAVE,0x683a4F9915D6216f73d6Df50151725036bD26C02,gauntletgov.eth,Gauntlet,84934838112172391631556,3
AAVE,0x706724b857714F9a34516A7e41a907947bc8f19a,,,83795940000000000000000,0
AAVE,0xAfB3Bfe1a1Fc2bdBDbB8AeB42ceC43434529Be0D,,,80906189918430067991922,0
AAVE,0x57ab7ee15cE5ECacB1aB84EE42D5A9d0d8112922,aci.eth,ACI,79447611127165980163516,444
AAVE,0x04e994f00322ff30F02E11C1753559c3dA85e50d,,,74250751153000000000000,0
AAVE,0x329c54289Ff5D6B7b7daE13592C6B1EDA1543eD4,aavechan.eth,aavechan.eth,72037137827024815797098,186
AAVE,0x5770815B0c2a09A43C9E5AEcb7e2f3886075B605,,,65989069501163331000950,0
AAVE,0xAFCD96e580138CFa2332C632E66308eACD45C5dA,,,64570000000000000000000,0
AAVE,0xD6216fC19DB775Df9774a6E33526131dA7D19a2c,,,64421417484942147258747,0
AAVE,0xf89d7b9c864f589bbF53a82105107622B35EaA40,,,59740949249141820559378,0
AAVE,0xcFBD46f1536EdC3D19C15Af362f7f7694BbAaF42,,,52511094000000000000000,0
AAVE,0x3879c38b670bE4Be0Eb1968a59686af5457056aE,,,48534831000000000000000,0
AAVE,0xe705b1D26B85c9F9f91A3690079D336295F14F08,,,44363167394526988894264,0
AAVE,0x732a4B05C31da514e30411d79E3E17624579B848,lucasvo.eth,lucasvo.eth,43485750000000000000000,2
AAVE,0xCFFAd3200574698b78f32232aa9D63eABD290703,,,39331249355917360905727,0
AAVE,0xd784927Ff2f95ba542BfC824c8a8a98F3495f6b5,,,38656654655134020613804,0
AAVE,0xb4F70F2F0f1A27276571a12e60c64E321f40d47C,,,38480245024567028182730,0
AAVE,0xc17cB209D5aBdb2d00f566a1E48F558DEBC264E1,aave.standard-crypto.eth,aave.standard-crypto.eth,33335792914880074834594,12
AAVE,0xDFd5293D8e347dFe59E90eFd55b2956a1343963d,,,32862554701200000000000,0
AAVE,0x0853C577A04B7d6E93580597A03Fd13A95879Be5,,,32848250673773242502869,0
AAVE,0x593aebEE9117EEA447279E5973F64C68D8e977a0,,,29935000000000000000000,0
AAVE,0xec51be70626d309522eF0b156cC02afCB407e7a8,,,29731308787925121882596,0
AAVE,0x0548F59fEE79f8832C299e01dCA5c76F034F558e,,,28816599160193964257474,0
AAVE,0x0fedA837ab01fB12329524645d57D88e1A8EF307,,,28331168347634846480053,0
AAVE,0x9b0c45d46D386cEdD98873168C36efd0DcBa8d46,,,27610092224850000000000,0
AAVE,0x070341aA5Ed571f0FB2c4a5641409B1A46b4961b,franklindao.eth,FranklinDAO,26668788434448723353445,48
AAVE,0xdC1F98682F4F8a5c6d54F345F448437b83f5E432,blockchaincolumbia.eth,Blockchain at Columbia,26666000758058330185511,3
AAVE,0x7AE109A63ff4DC852e063a673b40BED85D22E585,calblockchain.eth,CalBlockchain,26665999900000000000000,4
AAVE,0xA9D1e08C7793af67e9d92fe308d5697FB81d3E43,,,26445972879248506602966,0
AAVE,0xB12459b6BA9332eD643f718A4014aE82Bf5bc0Fc,,,26377332961344925920800,0
AAVE,0x8cEDEAf885e4dAd642727bA5D7Ebf918D0F8F3DC,,,25194049666889894993946,0
AAVE,0x3F08f17973aB4124C73200135e2B675aB2D263D9,,,24893573450880000000000,0
AAVE,0x42f9B3eFFF30960E620815284577342f73259342,,,24690901442707215216150,0
AAVE,0xd5c08a7c3C1E6545014d35aCC025A1b3160D0a4a,,,24641730252632951157950,0
AAVE,0x46f80018211D5cBBc988e853A8683501FCA4ee9b,,,24447276999348895500000,0
AAVE,0x85257f61Bcf59f7498007D8e08D6eFb7AC1EEf4c,,,24024594983947734117118,0
AAVE,0x49Ba29076322593d2D83BB4a738aBF7Db14D085e,,,23641236274233666882050,0
AAVE,0x314F2026C31585cEa1f279598019E9aa9781a97A,,,23641236274233666882050,0
AAVE,0x66a00690BAd92CC6bb02d52aE7eD3C2fB671A29a,,,23469503675893400000000,0
AAVE,0x4AeCE13af1beB2833b66BD26692835416e61f047,,,22917202339214389388950,0
AAVE,0x32a9d6A550C3D89284D5700F7d7758dBc6f0fB2C,,,22578948751294470455998,0
AAVE,0x085Eed651409f9fE79c32b7D98F15418143Bc043,,,22434544356187019955766,0
AAVE,0x2c624312FF4e3Cd874c4597e1Acb5fC8564F284E,,,22037308034983937702500,0
AAVE,0x18709E89BD403F470088aBDAcEbE86CC60dda12e,,,22002284441587020926346,0
AAVE,0xA420c64f2557c2219683AD14Ab6240D9D4857cDe,,,21776309492286089105012,0
AAVE,0x19183D5466d5D909eFCd8B168A2E8165fD877920,,,21478241141734685697600,0
AAVE,0x42dF8b3570657d2897C8c4b79a1194C2931D8355,,,21308276629873811537938,0
AAVE,0x28C5e0a96eC4e3123deF70181E4A3e0Fd6CBEBfD,,,21269000000000000000000,0
AAVE,0x5B46A7f44EEc378dBc3261871A8D57b23Cfd87B5,,,21102125446600000000000,0
AAVE,0x6d712f120bD65aD54a5F56670976788a044Cb987,,,20984408123165394097409,0
AAVE,0xCb0238d7240981e7fc54Cd5361A94ee3167E781c,,,20535812067440615123535,0
AAVE,0x742d35Cc6634C0532925a3b844Bc454e4438f44e,,,20204610380000000000000,0
AAVE,0x58926cA8f1585CCD9DF66cd38ed994a14c8ff33E,,,20178236030076097124350,0
AAVE,0xE4594A66d9507fFc0d4335CC240BD61C1173E666,,,20000000000000000000000,1
AAVE,0x855616429e4226cBA9F350873342A7427AEdaB0B,,,20000000000000000000000,2
AAVE,0xf3B0073E3a7F747C7A38B36B805247B222C302A3,,,19804498241308735330118,0
AAVE,0x38D9013A36D3df68a75369a27923E57b31Fcc3aC,,,19083791330000000000000,0
AAVE,0x2d615795a8bdb804541C69798F13331126BA0c09,,,18442589244276345537254,0
AAVE,0xFb52f9b1eA8e27E19A50Cb85DBfa16e28961363D,,,18280000000000000000000,0
AAVE,0x21a31Ee1afC51d94C2eFcCAa2092aD1028285549,,,18102008352990000000000,0
AAVE,0xd520E3662f2aF962DD6B42AD5b26d6FfCA561296,,,17447524000000000000000,0
AAVE,0x7F7EecaB89ED88b05a4b82d375aE20f6a41A3A08,,,16117764572432248881954,0
AAVE,0x19184aB45C40c2920B0E0e31413b9434ABD243eD,,,15938034196007740320000,0
AAVE,0x0F11640BF66e2D9352d9c41434A5C6E597c5e4c8,,,15863926115641641792000,0
AAVE,0x53821353FD9A71Ff0Af804337E78Eb620d661e21,,,15210165656989643687964,0
AAVE,0xE466d6Cf6E2C3F3f8345d39633d4A968EC879bD5,,,15000492046144427879521,0
AAVE,0x8EB8a3b98659Cce290402893d0123abb75E3ab28,,,14929540487137050175148,0
AAVE,0x2574278054127235779c19a148C5c0Be6B396023,,,13847861945069014163874,0
AAVE,0x0639556F03714A74a5fEEaF5736a4A64fF70D206,,,13568255065222667000000,0
AAVE,0x869A617AB8Cd4899ECD9de3B4d19dD4c423bce2d,,,13462948182811564520200,0
AAVE,0xC882b111A75C0c657fC507C04FbFcD2cC984F071,,,12985094208551539361099,0
AAVE,0x404De972e8138C4982ace8Bdd7fc0E755DE33AFd,,,12856841421216549016300,0
AAVE,0x3BFdEa17C92c933EB2C7d38AA503B249e7e6a6A4,,,12770101590540000000000,0
AAVE,0x6cCDA8C084ab14b40302A73dAf3B6827cE8b3275,,,12743910307863297088863,0
AAVE,0xc7977bf2FE0E8c5831467531BAef81823D7E6b0f,,,12742040552600000000000,0
AAVE,0xCD531Ae9EFCCE479654c4926dec5F6209531Ca7b,,,12523115599328315222500,0
COMP,0x3B6431fb5C71105cB3EaB2Cf058B135d4cCFc9C5,,,353988249373081048839048,2
COMP,0xb06DF4dD01a5c5782f360aDA9345C87E86ADAe3D,,Compound Foundation,319126955832863298221927,49
COMP,0x3FB19771947072629C8EEE7995a2eF23B72d4C8A,pgov.eth,PGov,104785745700000000000000,10
COMP,0x8169522c2C57883E8EF80C498aAB7820dA539806,,Geoffrey Hayes,101007831006566257041086,30
COMP,0x36cc7B13029B5DEe4034745FB4F24034f3F2ffc6,humpy.eth,Humpy,87607246671131343554531,10
COMP,0x683a4F9915D6216f73d6Df50151725036bD26C02,gauntletgov.eth,Gauntlet,85146330129563946531344,48
COMP,0x54A37d93E57c5DA659F508069Cf65A381b61E189,,blck,84986366967779400456176,78
COMP,0x66cD62c6F8A4BB0Cd8720488BCBd1A6221B765F9,allthecolors.eth,allthecolors,79992874062626087102961,15
COMP,0x7d1a02C0ebcF06E1A36231A54951E061673ab27f,,,64999000000000000000000,6
COMP,0xb35659cbac913D5E4119F2Af47fD490A45e2c826,eventhorizoncommunity.eth,Event Horizon DAO,60136923366636870384041,41
COMP,0xB49f8b8613bE240213C1827e2E576044fFEC7948,gov.avantgardefi.eth,Avantgarde,60000003259896173584016,11
COMP,0x0579A616689f7ed748dC07692A3F150D44b0CA09,aranadigital.eth,Arana Digital,60000000000006432993842,3
COMP,0x17296956b4E07Ff8931E4ff4eA06709FaB70b879,curia-delegates.eth,Curia Lab,60000000000000000000014,3
COMP,0xB79294D00848a3A4C00c22D9367F19B4280689D7,tanegov.eth,Tané - tanegov.eth,60000000000000000000000,2
COMP,0xd2A79F263eC55DBC7B724eCc20FC7448D4795a0C,,Woof,59999998057789663134486,3
COMP,0xB933AEe47C438f22DE0747D57fc239FE37878Dd1,wintermutegovernance.eth,Wintermute Governance,59999666649519416753556,72
COMP,0x8d07D225a769b7Af3A923481E1FdF49180e6A265,monetsupply.eth,MonetSupply,55000435058039692698731,42
COMP,0xd5C33e659d01893ae7bD939aC0E49b846C637373,,,52580723870920000000000,1
COMP,0xb3180769211598e172789e185067630dA2B7cE1B,,,51955591667000000000000,1
COMP,0x070341aA5Ed571f0FB2c4a5641409B1A46b4961b,franklindao.eth,FranklinDAO,51736960817130885113113,17
COMP,0x2B384212EDc04Ae8bB41738D05BA20E33277bf33,arr00.eth,Arr00,50257902355098424605954,16
COMP,0x4f894Bfc9481110278C356adE1473eBe2127Fd3C,,ReservoirDAO,50001000000000000000000,3
COMP,0x9d0361F5DA754994c1df011e86469416D6f1eC31,,,40012069815300000000000,1
COMP,0x93CB8Af7d9589f0AE34501391e8eA57850581a08,,,39188655555700000000000,1
COMP,0x4086E3e1e99a563989a9390faCff553A4f29b6eE,,,32189800000000000000000,1
COMP,0x6B510621944Ddf0Fe4a6730339a5bC0dC4FDF133,,,32107480367000000000000,1
COMP,0x13BDaE8c5F0fC40231F0E6A4ad70196F59138548,michiganblockchain.eth,Michigan Blockchain,30000002922918751533984,14
COMP,0x83e099D8BC7C50adA596d4c10515A38Bfd8Bbd8E,,,30000000000000000000000,1
COMP,0x4Ac0Dbce527bcb60787CEF10053348B146C6b5e3,,,30000000000000000000000,1
COMP,0x48804E458D7a779c5fd2ce757876daBDC9CE422c,,,29998915661810000000000,1
COMP,0x2f93524B327100Fba3dc685204f94c7A86C28A8B,,,29003483647000000000000,1
COMP,0xBbDdEa44e137F8C989De551Dfc2ce671920E9C09,,,24999820208870000000000,1
COMP,0xd9E8D24799fC9317513C0C0512F19cB60DB6B040,,,24999360422330000000000,1
COMP,0xcAD691b08b04f80291FBA2D45eA924266A3bb169,,,24999000000000000000000,1
COMP,0x36aB63d2C0b38641DE9B82fEE91104121c8D3e47,,,24998894367000000000000,1
COMP,0xc153a898808654584a2276BFE9e8bA62adED4137,,,24998363200000000000000,1
COMP,0xABaC6685Cf45973f834a93cb3c5F993c77736f68,,,24998000000000000000000,1
COMP,0xE89f1A18A17f0497aC2Bd8627d48339D4D99Bb56,,,24996680000000000000000,1
COMP,0x13691CFf1092D704ec20E16036491c8805f6d22C,,,24995469900000000000000,1
COMP,0x26762AF77774Dab2118E32784C9A612a8d15864A,,,24950773116910000000000,1
COMP,0x90Bd4645882E865A1d94ab643017bd5EC2AE73be,,,24930588621760000000000,1
COMP,0x3318552DeC1881Bfd43aDfAC65ADEE81cc6298BB,,,24925035700000000000000,1
COMP,0x55C03907C62cf2884b795f216e7cD1dcb5e560bf,,,24918997863820000000000,1
COMP,0xeff46d5C81846d9168A7F72AE32e02c28211a4C4,,,24910908867000000000000,1
COMP,0x4f3a2BfD91761AC0D82261b82bb5c8aCe4644a51,,,24900000000000000000000,1
COMP,0xCA4EDBa2Cf8D23Bc2ce8d62DdE8832a3fCeE7F02,,,24866243100000000000000,1
COMP,0x0b588Bd4B60Fb38Daa5dc089Ad3486B34f7700f8,,,24669214898800000000000,1
COMP,0x2A56233EBb6AE64bf14B8a4F37a79ED5916B8665,,,24435687367000000000000,1
COMP,0x17d6DD6B29c639efCa9D3EC2FE3848909c1b40d9,,,24412607300000000000000,1
COMP,0xbAa33cBbfaa44FbCD27028AffaE1ad52E0e189aC,,,24274207100000000000000,1
COMP,0xBA2402Ca08426F31f6f9d8bfb6b9742F22157ebd,,,24094246888340000000000,1
COMP,0x4C9861dc2f2C71db30C94bca990392b501BdeF82,,,24007802000000000000000,1
COMP,0x111DEe53590A012B3f5E635F3b4B264671dC9105,,,23963056667000000000000,1
COMP,0x811f6E1b7F3c453E563E424933a99A94df32b799,,,22168120997510000000000,1
COMP,0x53CC17885fb91385f0A4599A1133a7F592F84042,,,20998067973000000000000,1
COMP,0x0A7B24CcA8E5b9379535649493feE3c2b0F61dC5,,,20098527230600000000000,1
COMP,0x1E7267fA2628d66538822Fc44f0EDb62b07272A4,,,19000000000000000000000,1
COMP,0xE3c9eCe23316B6B06142Fa0CA915f02C323C6b21,dakeshi.eth,dakeshi,15000000110000000000000,9
COMP,0xe73EF2fEA22B420B9b53F164656C6E9F7584142c,,,9988894367000000000000,1
COMP,0xD7E7bCA98ab9fB25e17ad73429e89A40B55708BE,mel.eth,mel.eth,7974703971023778349243,2
COMP,0x4c9F7207be28278b9DCA129f2e211AcfFf48Fb01,holonaut.eth,holonaut.eth,5797681943094109407100,1
COMP,0xC3AaE58Ab81663872dd36d73613eb295b167F546,,TennisBowling,5001846829758905020985,13
COMP,0x62E5438c32e69872fE24922A9353DE6387682556,,,5000000000000000000000,1
COMP,0xc64C27791b2355b3080721197b89602aC6c92B7B,,,3335309528625466483616,3
COMP,0xC3ee6B2e8247007921e860b7aFfEC14393d82C27,,,2754510190648485179903,1
COMP,0x4D7463E0f038F0185E281337b7C65d0F9Ed25896,,hugo (scopelift),2685722533492252495079,1
COMP,0xFa4Ebcb83902Bb1106b85Bb3D4916Dfd72E06721,,,1908744736668145827984,1
COMP,0x1f84Ca2C0A406b32e083E4E41032FD148364Df48,,,1818537585080139245473,1
COMP,0x72C58877ef744b86F6ef416a3bE26Ec19d587708,,Sharp,1178700000000000000000,2
COMP,0xA5dcEc366b04a127d0F4eFeE183346F25434d648,,,542400000000000000000,2
COMP,0xCE8Ab0464957EAB5635344A62FAb9Bf5a3FF8cA3,,DonOfDAOs,500007409267323418812,1
COMP,0x1F3D3A7A9c548bE39539b39D7400302753E20591,gov.blockful.eth,gov.blockful.eth,440714309773772431836,1
COMP,0xB7A35196efa16C9e32D9F18aF6A01bD3C95Be2fE,b0x.eth,b0x.eth,352808611958063747307,1
COMP,0xea6C3Db2e7FCA00Ea9d7211a03e83f568Fc13BF7,,Polychain Capital,291372163588150189956,198
COMP,0xf2eb9cD233744f22039EB32CBe391513f009a52a,,,278000000000000000000,1
COMP,0x1B72Bac3772050FDCaF468CcE7e20deb3cB02d89,,,252377602751349522720,1
COMP,0x26607aC599266b21d13c7aCF7942c7701a8b699c,,,240847460511004461189,1
COMP,0xBE1d294FD9B71Ae2F6831Eb80777fF73fb73c953,mikelewellen.eth,Michael Lewellen,231026000000000000000,1
COMP,0xAC5720d6EE2d7872b88914C9c5Fa9BF38e72FaF6,,Robert Leshner,218861127000164411368,78
COMP,0xd5447A7aa223268398CF7c38c2c580622CC98772,,Polychain Capital,185160349352941339234,13
COMP,0x9af999595a08210FcaA705f0491A800551f73388,,,173714949029768565642,1
COMP,0xA509ce524095e54233074b485825ebB9641D00e2,,,124129486000000000000,1
COMP,0xB3b5F62472afEf5363E21a71d5bD17DA6E9761F6,,,114266676170361768432,1
COMP,0xe2a661ef35665A9617002d120B7AA3B0b60a325D,,OpenZeppelin Gov,100000000000000000000,1
COMP,0x50c1a709F810053F40763FBa99F5F11b9b486289,,,99972000000000000000,1
COMP,0x76334D378bEd3c68Eb60A6256F524A4f6AA7b696,,,99577108961201055018,1
COMP,0xeD409c9fF60f3020abF9012bcd45Fc294f5608fF,,Polychain Capital,87595589470851062138,250
COMP,0xbEFb4feCd83185D358B891f12eda1c20FdBa9c20,,,80286699368571858233,1
COMP,0xF8210EE33B710AC8B05E3cB9Ca6Eee22851a5Ab7,,,60245417734585595966,1
COMP,0x49ccA95dD672b7f931428337b1d7437319f38515,,,52166194774727870502,1
COMP,0xaF0958fD558f3e7550de4845b1086d620187BC1d,,,48501658408390294831,1
COMP,0x9AA835Bc7b8cE13B9B0C9764A52FbF71AC62cCF1,,a16z,44845528046387838866,366
COMP,0xeEB40d10cb86f569BB978A81a4eA178a9E1dfDdf,,,43477744184186288586,1
COMP,0x7E23c6ab8E21213f4a470DF979D8E7348d30f756,wiest.eth,wiest.eth,39525669751616119708,1
COMP,0x03f061F6357195DbB545820a6cd9a2eD2B087618,,,39124672606103311833,1
COMP,0xbbD13CA6aACE2a8ECcBDe88bc7849C3c6E4e172E,,Ric Burton,38951969631841920022,5
COMP,0x2210dc066aacB03C9676C4F1b36084Af14cCd02E,bryancolligan.eth,bryancolligan,35200553999120362232,14
COMP,0x0872dfA15E300496BadBB4c04c939F5E515DeedD,,,33542592105909477781,1
COMP,0x32a59b87352e980dD6aB1bAF462696D28e63525D,0x32a.eth,0x32a.eth,33533180360370849281,1
COMP,0xA7465978149d971f0073c686Ab0672bBc0272E66,,,33329332334386130810,1
UNI,0x11dA8Ae234EDd16b135EDC47e5d9beCC8717ECdC,,,15000002250692637600296876,66
UNI,0x465f39229c30D8171C540a9411d1B6Bd894F8aA3,,,14986062248955096970090290,4
UNI,0x19D373d0F95F00d368A8d57605Af746C4Ea9B1D0,,,9295469033969200000000000,1
UNI,0x53689948444CfD03d2Ad77266b05e61B8Eed3132,,,9003825422009728457633380,24
UNI,0x030d6830dc8FF125850390dA620Fa3E12DEcD437,,,9000000000100000000000000,1
UNI,0x6d714455D4B28595d4085AA7c8E4f499492875C3,,Ian Lapham,8007117746541906912131389,9
UNI,0xe7925D190aea9279400cD9a005E33CEB9389Cc2b,jessewldn.eth,jessewldn,8002091951365909661861479,78
UNI,0x1d8F369F05343F5A642a78BD65fF0da136016452,,,8000000905326101490800535,13
UNI,0x5F246D7D19aA612D6718D27c1dA1Ee66859586b0,,,7300000000100000000000000,1
UNI,0x88E15721936c6eBA757A27E54e7aE84b1EA34c05,,,7250000162063811489170084,9
UNI,0xcb70D1b61919daE81f5Ca620F1e5d37B2241e638,,,7000000000100000000000000,5
UNI,0x4421aec43B6157B210868bc687190a874150448D,,,5311814286200000000000000,2
UNI,0x42f9134E9d3Bf7eEE1f8A5Ac2a4328B059E7468c,kain.eth,Kain | Synthetix,5000000000100000000000000,1
UNI,0x2193c9a83D90fAb555A5D450aD6c2fEBa6924967,,,4999999900100000000000000,7
UNI,0xCFaaE1aE2C0AE4D498061aA798186ecB815Fc609,,,3999999910200000000000000,2
UNI,0x2fD0eB27494d7A336574919fc670c05ADbf65c80,,,3100000000100000000000000,1
UNI,0xaEbb1719d3a7d631702347Bc90c03511Fa0DdEbD,,,2900000050040000000000000,1
UNI,0xA7F63376169ccC087EB1160E62ceCcB146C1d555,bor4.eth,Boris Stanic (The Stable),2891294849453000000000000,5
UNI,0x069E40A2c06DA4925E3dc889032D10bDf88439F6,,,2749999900100000000000000,1
UNI,0x9c980d9E5C46eAf6C1E7dDd2dCD30C1FcD9875d7,,,2646496000121929820000000,1
UNI,0x7fd805E2852113E8167c701b43EAd86364e800b9,,,2531498000100000000000000,1
UNI,0xECC2a9240268BC7a26386ecB49E1Befca2706AC9,stablelab.eth,Anode,2504604473190854425812145,38
UNI,0x3FB19771947072629C8EEE7995a2eF23B72d4C8A,pgov.eth,PGov,2502451398236862308283105,41
UNI,0x77aD346eB003Ec94a54E23CB88A53146E9697668,,,2499999900100000000000000,1
UNI,0x7a6B2ef4903B28f924E9447c537f15115455143B,,,2499999900100000000000000,1
UNI,0x9251b961E67a8E900Aa719582bA269bd6241e4b6,,,2499999900100000000000000,1
UNI,0xB933AEe47C438f22DE0747D57fc239FE37878Dd1,wintermutegovernance.eth,Wintermute Governance,2499898435150193819524587,135
UNI,0x70954F0248cb5cD35042Ce7866754FC1437695A5,,,2418743000100000000000000,1
UNI,0x554BC0707a32f1fC55251D5907EAF1a7aB7c255C,,,2400000000100000000000000,1
UNI,0xED0E1B96fD38fa7A6175512C4AEc050e7b688140,,,2400000000100000000000000,1
UNI,0x8d07D225a769b7Af3A923481E1FdF49180e6A265,monetsupply.eth,MonetSupply,2301703801449782283308532,93
UNI,0x5C04E7808455ee0e22c2773328C151d0DD79dC62,scopelift.eth,scopelift.eth,2270288536645699599840481,5
UNI,0xE93D59CC0bcECFD4ac204827eF67c5266079E2b5,axianetwork.eth,Axia Network,2251813590759889870399210,28
UNI,0xb55a948763e0d386b6dEfcD8070a522216AE42b1,reveriegov.eth,hi_Reverie,2045690082071827046288987,48
UNI,0x683a4F9915D6216f73d6Df50151725036bD26C02,gauntletgov.eth,Gauntlet,2004984193256259910529694,98
UNI,0xa51632ab150336D77Ed8b3D4B107dFaeDd223B23,,,1855532000100000000000000,1
UNI,0x00f58119e84Ca2bBbb64AF698CfCF1BA123d8aeb,,,1850000000100000000000000,1
UNI,0x9dA4289d23DdFA7f94dBabEFfDC0C91196c0f7b9,,,1850000000100000000000000,1
UNI,0xb3b53cb7f5b69119A83d7E111446C687D1F33599,,,1800000150100000000000000,1
UNI,0xA7259cD5390C0E2383B63059245C91A2B3fA19ca,,,1800000000100000000000000,1
UNI,0xe2aDAe58FCaf494C3d2926D9aB1D5AD8F21dB371,,,1800000000100000000000000,1
UNI,0x0b840549702B66FFC31F110b162DE4b91F9D5409,,,1800000000100000000000000,1
UNI,0x7AC04fa3fe028a68E0b0c089113147d5d81aDD34,,,1800000000100000000000000,1
UNI,0x3e3Ae5b15c789e9e1a21c1E84E1A4AC75b35E348,,,1800000000100000000000000,1
UNI,0x513d57Ae1c32c2ff75f8d4b0319bdFcFDD6fAA5B,,,1800000000100000000000000,1
UNI,0xd268046Fe47254e3da0FB3f0221CF4A5aFb2E37C,,,1521000000100000000000000,1
UNI,0x3B41cba749e08E08348C979c7914Bdc8E5B6d851,,,1427212830297261292558824,4
UNI,0xB44265ed5A96071644D590Ff0c85A4A24DC499d6,,,1213603145983970000000000,2
UNI,0xae7559CcD15208C622E8313BBf650F395FC051c2,,,1050000000100000000000000,1
UNI,0x50EC05ADe8280758E2077fcBC08D878D4aef79C3,hayden.eth,hayden.eth,1005004100100000000000000,3
UNI,0xA37131410A76791f4A0210e91EDD554d85aFb4d4,,,1000001188070409999999999,2
UNI,0x927c7fD078FC406059957a691c21F6E0fC4A959C,,,1000001000007000000000000,1
UNI,0x490539F53dd0344287b8C8FD85D0Ecb8eEF44DD0,guillaume.lambert.eth,guillaume.lambert.eth,1000000064327421392478721,5
UNI,0x0459f41c5f09BF678D9C07331894dE31d8C22255,,,1000000000100000000000001,1
UNI,0x55Fc36e37ee5C04df5803a9A48b9134B26dd167c,,,1000000000100000000000000,1
UNI,0xDb305AEFd04fDD47CF9D6B88902714855684D531,,,999999000100000000000000,1
UNI,0x5B5616A016d19c21D67cf734E87e7e142FEefc97,,,719000162148300000000000,2
UNI,0xF1a0a51eF971db512aF8373f756DE1DdBEe995AA,,,719000161964690000000000,1
UNI,0xa83cE8fc1746eA151A767276B2f3d4EA4AD586CA,,,719000161559600000000000,2
UNI,0xEB308A044bdF6975b4b852A3fAA8607BcA5D6CF3,,,719000161559600000000000,1
UNI,0x9a8ae4ebbc18f54D72Fea5D4c8291a9e23aAA691,,,719000161559600000000000,2
UNI,0x7215eDf849f8002b61ddC78Ca60C315e34363202,,,719000161559600000000000,2
UNI,0x3da92CD0747736D88996709387F9e8B59dC03432,,,719000161104670000000000,1
UNI,0x92e1Fa598f281227Be86C1a67d6E512F2b4640b5,,,719000160698990000000000,1
UNI,0x2D7250c1aBCe54f9b5E32965B7E6404E5b95ed78,,,600011579348456096328236,3
UNI,0xbbf3f1421D886E9b2c5D716B5192aC998af2012c,,cUNI Multisig,530958505653029360840049,6
UNI,0x1855f41B8A86e701E33199DE7C25d3e3830698ba,0xkeyrock.eth,0xkeyrock.eth,505024121725907461701337,28
UNI,0x52Cb5F5D0F103dA5eEA832078740c417C30416af,,,500261163031232791700000,2
UNI,0x90A997E64BBE3221EE1EbB4e70E2d72c1EAc4A7F,,,500000000100000000000001,3
UNI,0xdeD8f02F0A81Fb6621114E4E8D748d02ecd080C2,,,500000000100000000000000,1
UNI,0x8100541B9905A6BDa7EBCB0A3d09bb3271e36a58,,,500000000100000000000000,1
UNI,0x9B0778452Bf0A731892D7c88594D9fBab2e64cdb,,,500000000100000000000000,1
UNI,0x9B35ced85735aBD7689dA8aa82A9405c9AD8fd53,,,500000000100000000000000,1
UNI,0x8A84Bbd3656FaFe8047a2bc2c8a09BC8661787D1,,,499999900100000000000000,1
UNI,0x8787FC2De4De95c53e5E3a4e5459247D9773ea52,governance.kpk.eth,governance.kpk.eth,474676624362702545944662,18
UNI,0xEA825351966110fA55934D57c719A4870F67e35d,,,400000000100000000000000,1
UNI,0x66C1CC05A00442eA69eD861B12B2C4ce311A9729,,,400000000100000000000000,1
UNI,0xc6F67831f7A355CE3BEeacc027486E1742FeD355,,,400000000100000000000000,1
UNI,0x13BDaE8c5F0fC40231F0E6A4ad70196F59138548,michiganblockchain.eth,Michigan Blockchain,355454541005937901037566,155
UNI,0x22aA1F4173b826451763EbfCE22cf54A0603163c,hiringdevs.eth,hiringdevs.eth,302673402952281840848276,0
UNI,0x159DDA55aB7b74C13Be4e1616c276d87B387D630,,mason.eth,300000000100000000000000,2
UNI,0xb61Bf2Ef798b9d011349a22Be79902Dfcafb2b9c,aggiedao.eth,aggiedao.eth,271838200100000000000000,1
UNI,0xA354eF4835570855A76c459565c3Fe56e94238C9,,,254440978237256575085389,1
UNI,0x40a3c8C160C3860dAb991821f50B123A97421c83,gammastrategies.eth,gammastrategies.eth,250001160200000000000125,3
UNI,0xD3e9D60e4E4De615124D5239219F32946d10151D,,AlexMasmej,250000002902031378244606,3
UNI,0x49E6F0B2cdBA6dC0FE4d6B7Ba5E85b87a31616DA,,,250000000100000000000000,1
UNI,0xf7aBaE4Ddba4EbB853CB825a88F4C272c5146780,,,250000000100000000000000,1
UNI,0xaB339ae6eab3C3CF4f5885E56F7B49391a01DDA6,state.eth,statelayer,250000000100000000000000,1
UNI,0xeD2A92B65b1A489db637a0cD9f2a4bb80367aeAF,,Dennison Bertram Personal,250000000100000000000000,2
UNI,0x0D444ef1A954C0E971276ddD62a42eA9E29455ee,,,249999900100000000000000,1
UNI,0x41B30289E8D78929CcBc78d525A1E715bb94DBf8,,,249999900100000000000000,1
UNI,0xC3aC586Ad91DBDdC8994dBd537a9409d0188f9f4,,,249999900100000000000000,1
UNI,0x1C582a2BeF5B724dd1e9d1b3437875D6Cb2157C5,,,249999900100000000000000,1
UNI,0x580722Fa3Ca0A6025F7029aadE959656e3e8C2bc,,,249999900100000000000000,1
UNI,0xAcc3DEbc3A8ad8EC9bf810bE342f816A1a1DC253,,,249999900100000000000000,1
UNI,0x5450c29d974DceA7b9c3d8EE9144cB47739ba677,,,249999900100000000000000,1
UNI,0x7dAED1FC77C010eE17Dd0194931F723f93999A6b,,,249999900100000000000000,1
UNI,0xf63Ec662753B88c3634AE276ba4eA28D681478C8,,DeFi Pulse Index,239382477657736599321146,2
UNI,0x274d9E726844AB52E351e8F1272e7fc3f58B7E5F,,,205721567560536236140373,1
UNI,0x88FB3D509fC49B515BFEb04e23f53ba339563981,,Robert Leshner,203670108762371188062614,57
ARB,0xb4c064f466931B8d0F637654c916E3F203c46f13,,Entropy Advisors,32356232635466191207258781,151
ARB,0xA5dF0cf3F95C6cd97d998b9D990a86864095d9b0,blockworksres.eth,Blockworks Advisory,16871650736825973945613016,3554
ARB,0xdb5781a835b60110298fF7205D8ef9678Ff1f800,yoav.eth,yoav.eth,14111765080858653634743601,1029
ARB,0xC7782d8bFBE4219A63Ed8773a7b67b1a9B645Cfa,,DZack23.eth ,13537858018645441373639325,12
ARB,0xb5B069370Ef24BC67F114e185D185063CE3479f8,0xfrisson.eth,Tyler Bench (Frisson),13352946507994778019844882,1211
ARB,0x2e3BEf6830Ae84bb4225D318F9f61B6b88C147bF,,Camelot,12164684287770606985458204,10333
ARB,0x186e505097BFA1f3cF45c2C9D7a79dE6632C3cdc,,,11381676747710059917101125,66
ARB,0x11cd09a0c5B1dc674615783b0772a9bFD53e3A8F,,Gauntlet - Arbitrum ,11148940307338342071251002,371
ARB,0x2ef27b114917dD53f8633440A7C0328fef132e2F,,MUX Protocol,10057098483469155599542322,788
ARB,0x56721131d21a170fBb084734DcC399A278234298,,Pantera Capital,10032458693839235094811944,19
ARB,0x1B686eE8E31c5959D9F5BBd8122a58682788eeaD,delegate.l2beat.eth,L2BEAT 💗,9868303728504708265935087,9356
ARB,0xF92F185AbD9E00F56cb11B0b709029633d1E37B4,,coinflipcanda,9831276284039393916435173,1789
ARB,0x839395e20bbB182fa440d08F850E6c7A8f6F0780,griff.eth,Griff Green,9622539304538411103098598,1578
ARB,0x7a45eE0be5C4BdC938A5F00A2AEF393f46502D26,,LobbyFi,9557200704249542491102922,148
ARB,0xF4B0556B9B6F53E00A1FDD2b0478Ce841991D8fA,olimpio.eth,olimpio,8243860068784338534148146,36097
ARB,0x183D275AC4A046d549aD4dc89c41bff49D632Fa3,,GMX 🫐,8002819284077090616317117,7
ARB,0xAbAbE91A907fAdff921720C43ABe4098e7245E99,cattin.seedlatam.eth,SEED Gov,7753453101373297810718398,838
ARB,0xB933AEe47C438f22DE0747D57fc239FE37878Dd1,wintermutegovernance.eth,Wintermute Governance,7657173341067620476545279,302
ARB,0x5663D01D8109DDFC8aACf09fBE51F2d341bb3643,,Reverie,7619648707698082171354438,16
ARB,0xa6e8772af29b29B9202a073f8E36f447689BEef6,gfxlabs.eth,GFX Labs,6839218851077305416327283,1380
ARB,0x8F73bE66CA8c79382f72139be03746343Bf5Faa0,mihal.eth,mihal.eth,4528457926586269069132912,2088
ARB,0x8A3e9846df0CDc723C06e4f0C642ffFF82b54610,,,4517948930772781687732681,93
ARB,0xd333Bc5c9670C9cEb18f9A2CF02C6E86807a8227,maxlomu.eth,MaxLomu,4507644823607336399219068,1120
ARB,0x0eB5B03c0303f2F47cD81d7BE4275AF8Ed347576,,Merlyn Labs,3817739710194483419176712,35850
ARB,0x4fD86a688F36ADA5D6B7eb76BB88e570C9DEec86,aranadigital-arb.eth,aranadigital-arb.eth,3683409560269312603067924,5
ARB,0x8b37a5Af68D315cf5A64097D96621F64b5502a22,aretagov.eth,Areta,3673013637215837419131409,21
ARB,0x3070FeEAfD678751c29171Bacd0042Fb370DEE00,cornellbc.eth,Cornell Blockchain,3085317132022423640954915,264
ARB,0xa9e777D56C0Ad861f6a03967E080e767ad8D39b6,,APE - AAVE PROTOCOL EMBASSY,2978946037425328625006767,16
ARB,0x79C4213a328E3B4F1D87b4953C14759399dB25E2,lito.eth,litocoen,2960059193491542969465645,1983
ARB,0xAD16ebE6FfC7d96624A380F394cD64395B0C6144,dk.3anon.eth,DK (Premia),2880575527240018676226383,891
ARB,0xBA875DED061896896654f87E3B0bb908232cd4ea,,Greg Canessa,2798985002128925533620451,8
ARB,0xD4aA67f778Bba2805bC122F18F3d61Df59C7A542,whizwang.eth,@whizwang,2729168708924791776173222,11
ARB,0xE48C655276C23F1534AE2a87A2bf8A8A6585Df70,ercwl.eth,ercwl,2644206107602098934715541,808
ARB,0x4F685B29514eed0c9D929386E86D9cd81981118B,,JoJoTheCow,2550684528205396799835661,19
ARB,0xb29A655f3D67B2B6724Fb22B2C2303cB660c946B,bobrossi.eth,bobrossi.eth,2382955666512536167729271,187
ARB,0x190473B3071946df65306989972706A4c006A561,chainlinkgod.eth,chainlinkgod.eth,2222498491771234569029216,6462
ARB,0x083b4d44eA12a22C53Eb3bc6A1e2b947143a6786,,,2209125000000000000000000,1
ARB,0xef14f14102a65784E3534330d1de9368281e9832,,,1839002000600000000000000,2
ARB,0x9808E45C613eBA00bA18fB3D314dC4d4712c4A85,,Soby,1702815726522542876557198,125
ARB,0x7B0befc5B043148Cd7bD5cFeEEf7BC63D28edEC0,layer3xyz.eth,Layer3,1333116739619096259167469,50130
ARB,0x8326D18edfC50B4335113C33b25116ec268FF3fE,uniswap-dao.eth,UniswapDAO,1319825683609784008735494,17085
ARB,0x5aB0Fdc6F0CA9Ea178c95cECCf944A4ce1AedDdD,bulletlabs.eth,galxe.eth,1253265030843065836788289,5486
ARB,0xfA0142fEBf46e3F1E33a1c03922c365f882725Ca,tidresearch.eth,Today in DeFi Research,1029184040425000000000000,7
ARB,0xf6B6F07862A02C85628B3A9688beae07fEA9C863,poap.eth,Patricio Worthalter,1000622484451639655856438,3
ARB,0x0311c0df3b504c9Ef41f041756Bb16643821e0F3,,,947500000000000000000000,1
ARB,0xA71A021EF66B03E45E0d85590432DFCfa1b7174C,,Abracadabra DAO,901178499304670947602454,34
ARB,0x683a4F9915D6216f73d6Df50151725036bD26C02,gauntletgov.eth,Gauntlet,840276952663924057658181,1616
ARB,0xBbE98D590d7eB99F4a236587f2441826396053d3,,PlutusDAO,815059245877345815465402,7683
ARB,0xd16D904b68429b93F1DFCD837F61AeDCd224e8F4,,,772621000000000000000000,1
ARB,0xc3a43a10aB75BE44707eFaF1C343E1EE0Af3F719,,,736944541666666666666667,1
ARB,0xB51a5CAEF263e71ccC06C19AA203F2aBa99F738b,,,736944541666666666666667,1
ARB,0xd937eFE66386aEb88dc986c16395d62C75857627,,,736944250000000000000000,1
ARB,0xdd5905172A02FA66B45188Ff70F03CcA0628164d,,,710265640621935500000000,1
ARB,0xeB13FD078AB234737cC8621Be00F007cA35bB3c3,pedrobreuer.eth,pedrobreuer.eth,581316221740222468269596,11
ARB,0x608aD579961040D3c18b897dacc2be0784fCAbaB,,,500000000000000000000000,1
ARB,0xd4382Aa8F0e173C53A80ba5d8345e46a183F84Ed,,,472496000000000000000000,1
ARB,0xBaDb71eE8e5212F0e83bA90e7e8334014Cf40a4c,,coinflipcanada,461710506238304759986397,3
ARB,0xA7860E99e3ce0752D1ac53b974E309fFf80277C6,limes.eth,limes.eth,406414447838212622301012,911
ARB,0x7AE109A63ff4DC852e063a673b40BED85D22E585,calblockchain.eth,CalBlockchain,402519224755023166844003,511
ARB,0x50Af456E922E89d9e9347f1A7EDc7d96DBd25B95,,QiDao,389055917703915332968800,1
ARB,0x18BF1a97744539a348304E9d266aAc7d446a1582,princetonbc.eth,Princeton Blockchain Club,388224922954406620370908,1510
ARB,0x13BDaE8c5F0fC40231F0E6A4ad70196F59138548,michiganblockchain.eth,Michigan Blockchain,371361946451780137103893,742
ARB,0x3D1846ea60001A3Bc21438d76f3958422fe89adB,alphainsiders.eth,Alpha Insiders,337470964001978231940394,2673
ARB,0x5318f07A3a20A2f8bb0DDf14F1DD58C517a76508,,Layer2DAO,309212807529468196785398,2623
ARB,0xf9551c66995eD3Ff9bb05C9Fd7ff148Bd75dc99a,nathanvdh.eth,nathanvdh.eth,247236298751592854889406,1754
ARB,0x3EF1b0db4D10d2e3cE06699C0BD4EF0aAf897614,zeptimus.eth,Zeptimus,242092772881066401286811,11
ARB,0xd035dfE329F35946Edd486Ce51B383133F6b2f5a,bignoodle.eth,bignoodle.eth,232512195293184996851868,2247
ARB,0x3c5Aac016EF2F178e8699D6208796A2D67557fe2,ceazor.eth,ceazor.eth,225049378608135081910442,1537
ARB,0x6f9BB7e454f5B3eb2310343f0E99269dC2BB8A1d,cp0x.eth,cp0x,205733396388585690552721,940
ARB,0x21959079f8816073cFF1C728dEb93202F10921ce,,Mikael Bondum,205109238498098347597163,2
ARB,0x4D09C5DfD949470c684E6D537E24C399c075AD40,,Spencer,200836865789833812623534,1
ARB,0x2D7d6Ec6198ADFD5850D00BD601958F6E316b05E,sovereignsignal.eth,Sov,200150751653703110720120,3
ARB,0xc3A48B40b3762924D6fa3af1D957cE78E522497E,,,200000001749999886743163,1
ARB,0x22aA1F4173b826451763EbfCE22cf54A0603163c,hiringdevs.eth,hiringdevs.eth,199535036188797118299508,1574
ARB,0x6a26afb01Ff57e827079658238858d55774cA2D5,fakhoury.eth,BrianFakhoury,196021266347071241510708,1420
ARB,0xE93D59CC0bcECFD4ac204827eF67c5266079E2b5,axianetwork.eth,Axia Network,176572168229665458923586,1310
ARB,0x5162728cc4D7D111400056925A1b3DF82308bEE0,,Castle Labs,169192408512520591965046,89
ARB,0x8DcD22fB9e37E9c311c34cF19762B88D231353BE,,,168942345019327287645027,1
ARB,0x067b9Bbbbc42d2AB9b9Ab6bB62646dAF7F344A76,,lay2000lbs,160984227661813740243301,880
ARB,0xD35629A2b7fB9f232fda6C29b72035A7dbaFA3C1,,Seamus,156474773840813449717717,1243
ARB,0x583E3EDc26E1B8620341bce90547197bfE2c1ddD,,kpk,153778578255331877018104,12
ARB,0x1F55426F04dC1d2EE921def522615CA77834CeB7,,,152660827545519807352573,1
ARB,0xea172676E4105e92Cc52DBf45fD93b274eC96676,,StableLab_Historical,151783411538066642226981,1310
ARB,0x4c9F7207be28278b9DCA129f2e211AcfFf48Fb01,holonaut.eth,holonaut.eth,149639558954733627839639,1
ARB,0x4149DFbE618d83c80b0D4d537a7827f3d537B45C,,P2P.org,143409478105779411055997,706
ARB,0x60201046eD5B6C660984b82a19205b573F5fC805,multichaindao.eth,multichaindao.eth,139846371298927231685509,1208
ARB,0x05bd5b09E673405e671493B24ecbf43188D5D4c3,utopiagovernance.eth,Utopia Labs,127549307766099667205431,1257
ARB,0x7f1156aa350982560653fed03ef0e285ef878B75,primapes.eth,primapes.eth,127207001214552100432021,1506
ARB,0x0610623d8E9ac26BAC3E53b9144d6E46d60691d1,,0x0610623d8E9ac26BAC3E53b9144d6E46d60691d1,117348881232320459629045,660
ARB,0xf3FE8c6c75bE4afB2F8200Fc77339abE4D7CFF33,kuiqian.eth,丰密kuiqian.eth,113038435450011735200783,11179
ARB,0x5b39C3907Bd9db69B435A6cbf485915135FfFfd6,,Onthis,111725390216696918867329,1057
ARB,0xf9473a70724b8F79c3ea108d5CB69D042c9fe76c,rossdefi.eth,RossDeFi.eth,106945236707010967192121,950
ARB,0x62D6E8C7c03D3Fc6276d3A44977C2501593BB90A,,@drakeondigital,103280387468532497755181,824
ARB,0x0edB976Ce9b3b08C7E0a20a89BF1bCE0e5f99356,eventhorizonarbitrum.eth,Arbitrum Community Pool by EventHorizon.vote,102439545451346891956238,33
ARB,0xAfD5f60aA8eb4F488eAA0eF98c1C5B0645D9A0A0,0xmcfly.eth,McFly | BaconLabs 🥓,101006598475353976226482,591
ARB,0x4D6CAa3E0983fAc7B514D60339EBb538C5A85AAe,0xalex0.eth,0xalex0.eth,100259616191574412083273,3
ARB,0x0a9eEddaa65546Ad35D3F0Ac9E6F09575E4C9297,,WOOFi,96739208920793258776068,537
ARB,0x539629494be6b004d33d290E6243806750A3A2f4,,@0x_ultra,90551161232932978193972,910
ARB,0xD224A5cE3348C53e55508d7Bf0a53FC97f714981,,,90000000000000000000000,1
ARB,0xc37b40ABdB939635068d3c5f13E7faF686F03B65,yabir.eth,yabir.eth,89203556646642978920191,742
OP,0x06AD892CE23c136BBda3a821570343A2Af3E2914,delegate.testinprod-io.eth,delegate.testinprod-io.eth,7316058512182453965353040,770
OP,0xf11B6a8c3CB8bb7dbC1518A613b10CEb0BBfc06b,,,5200755983903675865565780,1213
OP,0xEff8d84e0fD304550DA242040CcD45bd44CE71f1,,,5001113335294676377100951,1026
OP,0x1B686eE8E31c5959D9F5BBd8122a58682788eeaD,delegate.l2beat.eth,L2BEAT 💗,4087162348414932687472378,12447
OP,0xF4B0556B9B6F53E00A1FDD2b0478Ce841991D8fA,olimpio.eth,olimpio,2271589894524050121863248,26636
OP,0x429F9aDA43e9F345CbB85EC88681BB70Df808892,polynya.eth,polynya.eth,2206599176270855458412821,32002
OP,0x5e349eca2dc61aBCd9dD99Ce94d04136151a09Ee,lindaxie.eth,Linda Xie,1985005440497873509050908,80054
OP,0x2B888954421b424C5D3D9Ce9bB67c9bD47537d12,lefteris.eth,Lefteris Karapetsas | Hiring for @rotkiapp,1835475247344206997285790,11726
OP,0x3EEe61B92C36e97Be6319BF9096A1ac3c04a1466,,,1769996597520328556868305,4597
OP,0xed11e5eA95a5A3440fbAadc4CC404C56D0a5bb04,she256.eth,she256.eth,1351483038104406997962249,1264
OP,0x7B0befc5B043148Cd7bD5cFeEEf7BC63D28edEC0,layer3xyz.eth,Layer3,1196982726179453456718654,53797
OP,0x94Db037207F6fB697DBd33524aaDffD108819DC8,joxes.eth,joxes.eth,1099776300264386841927151,1664
OP,0x1f4BA000D042cA0045eF094691615f3912DebEa8,mattgov.eth,MattGov.Eth,1048694024020187464081246,1327
OP,0xB79294D00848a3A4C00c22D9367F19B4280689D7,tanegov.eth,Tané - tanegov.eth,1028659217573227271702907,418
OP,0x6923E759519EDE7e352B1E206519C28046F0A69F,,,1022914961581350723475921,26
OP,0x3FB19771947072629C8EEE7995a2eF23B72d4C8A,pgov.eth,PGov,1016738152457597631635829,858
OP,0x2dEB7C0704f9696c976eD73d449Badefab67C399,,,1001449725059483964484948,160
OP,0x395136a88f087a2a013E6621CCFc551E5b9AA552,,,1000595589759147697147231,183
OP,0x30A3a86Ffd2565368aa466aA032672Da6F3feFC3,,,1000000000000000000000000,1
OP,0xD61CBCFD15eD1493ffbF7f2976206067aD740A9F,,,1000000000000000000000000,1
OP,0x6f03D9af07108A8a793ed3490B947eF22b9fACAe,,,1000000000000000000000000,1
OP,0x21E5bCf0A0bc95D62094f3D3A0b917dcF3c5D66E,,,1000000000000000000000000,1
OP,0xF519B56821637Be7bB76b3Fef597a3BB682ED188,,,1000000000000000000000000,1
OP,0xa08C66387C2f1bC170538AFa3a346B402c6569C7,,,1000000000000000000000000,1
OP,0x5680D3d2aC98a14B4CE701Ad2C737F6AC0a2Bb76,,,1000000000000000000000000,1
OP,0x669e4794953c6F8cd3aF2CcE3cB5c40FADD28699,,,1000000000000000000000000,1
OP,0xdDF931d23c363E317C89A8404cc2369EdD416c77,,,1000000000000000000000000,1
OP,0x45b9DC389A848ac1Fa63463cC2EF29cDC352E2D9,,,1000000000000000000000000,1
OP,0xaA7D4aC6C6C71099DF7F2E27C5aA20b385e65cB5,,,1000000000000000000000000,1
OP,0x16Ef982322AC4Fae3b6f7c7B7d7D265D349AEDaf,,,1000000000000000000000000,1
OP,0x210a250eEB3D93A8Fd91E58c7F140b35cF4A6a8c,,,1000000000000000000000000,1
OP,0xA59b7E227298Dc21B850Ed019Ce79C6A400796b7,,,1000000000000000000000000,3
OP,0x406b607644c5D7BfDA95963201E45A4c6AB1c159,,,881736968000385925245107,81450
OP,0x75536CF4f01c2bFa528F5c74DdC1232Db3aF3Ee5,katiegarcia.eth,katiegarcia.eth,811822756786209423897879,8005
OP,0x8f07bc36ff569312FDC41F3867D80bBd2FE94b76,jacob.willemsma.eth,jacob.willemsma.eth,777616621172046639240913,4142
OP,0x87262A012d59aBbf64ce411677bcC4F4eC68E647,,,750675623472327234900090,12
OP,0x2D7d6Ec6198ADFD5850D00BD601958F6E316b05E,sovereignsignal.eth,Sov,702466240092140106265051,85
OP,0x46abFE1C972fCa43766d6aD70E1c1Df72F4Bb4d1,snxambassador.eth,Test 1 ,675189774925838525341403,4467
OP,0xB1EA5a3E5EA7fA1834d48058EcDa26d8c59e8251,,,610200766193715663842904,16106
OP,0xdab0d648a2a771e6952916A822dddf738b535f5A,fireeyesgov.eth,fireeyesgov.eth,591354494299035303208894,710
OP,0xa6e8772af29b29B9202a073f8E36f447689BEef6,gfxlabs.eth,GFX Labs,581299820990003612031259,13798
OP,0x45a10F35BeFa4aB841c77860204b133118B7CcAE,eternauta.eth,eternauta.eth,570442490018987232798963,4223
OP,0x7dBfd1C4a9296bAab747Ef3749928A1D1B04795F,,,500148687644554409814677,36
OP,0x6e9FfFA4f311eDf16234E2a5EED9E83048160113,,,500000020533296892789277,6
OP,0xDA9D43D06Ff1028eEc4029Ed311AC7BbccE71De7,,,500000000000000000000000,7
OP,0x08760D6e86A9422b2E89f5974D953dAb533f1F9B,,,476251079100348147714350,13
OP,0x6EdA5aCafF7F5964E1EcC3FD61C62570C186cA0C,opmichael.eth,OP Michael 🔴✨,454384908512334880301357,2580
OP,0x48A63097E1Ac123b1f5A8bbfFafA4afa8192FaB0,ceresstation.eth,notscottmoore,450959112221699074503345,6828
OP,0xDCF7bE2ff93E1a7671724598b1526F3A33B1eC25,gonna.eth,gonna.eth,445778864107152624883799,1049
OP,0x839395e20bbB182fa440d08F850E6c7A8f6F0780,griff.eth,Griff Green,331627592741041283327617,2505
OP,0x8F73bE66CA8c79382f72139be03746343Bf5Faa0,mihal.eth,mihal.eth,317313991617796862672602,4379
OP,0x4f41877773e44F2275dA1942FEe898556821bf66,jackanorak.eth,jackanorak.eth,314729079501587483038160,2311
OP,0x8326D18edfC50B4335113C33b25116ec268FF3fE,uniswap-dao.eth,UniswapDAO,312328767589195135933798,18
OP,0xB933AEe47C438f22DE0747D57fc239FE37878Dd1,wintermutegovernance.eth,Wintermute Governance,266610105360694203440755,459
OP,0x6cea573473348367A5f66e0f261BFA25799E6a60,mjs.eth,mjs.eth,266432848306519575077790,2860
OP,0xc2490D220419ACdCeD68428Ac413c8483d08D1AB,,,221022427287961518896836,51
OP,0x9e5B45e4872DE2Ee4b6ffBd06b3735501826B032,,Rick Dudley (afdudley.eth),218959623045275887471474,3328
OP,0xCc878369b26127BD4bC1B0B465bC8bE9b92a4c62,,,208515095454498929373208,48
OP,0x5A973117Dd273676bf4D14313b80562DC8973ba9,,,200009256802395433261693,15
OP,0xdb5781a835b60110298fF7205D8ef9678Ff1f800,yoav.eth,yoav.eth,189103060637510308824319,2765
OP,0x5F4BCCcb5C2CBB01c619F5CFED555466e31679b6,,,188170284855099511719343,61
OP,0x7AE109A63ff4DC852e063a673b40BED85D22E585,calblockchain.eth,CalBlockchain,183914713489360601846369,2187
OP,0xd23199F1222C418ffC74c385171330B21B16e452,sugma.eth,sugma.eth,179096713759525353177286,1399
OP,0xC3FdAdbAe46798CD8762185A09C5b672A7aA36Bb,yitong.eth,yitong.eth,166850469921930164043950,31
OP,0x7899d9b1181cbB427b0b1BE0684C096C260F7474,minimalgravitas.eth,MinimalGravitas,159481130384958538943035,1184
OP,0x72CB40A11781Ff0149abB55a1AdEbE2407575030,ytocin.eth,Oxytocin,154433289582297849510474,21
OP,0x9CBE5B896d0c24AcF41860B9e3df6750C2040a40,,,147816393418961266008823,2299
OP,0x070341aA5Ed571f0FB2c4a5641409B1A46b4961b,franklindao.eth,FranklinDAO,147680087104443011477174,2827
OP,0x03dDE7B6C372BC6C748ae1AF65497B74A70492fA,,,140525330035197153176141,209
OP,0xb7Abf554aEfd4686639afcF2A653ADfDa3D9b038,pseudotheos.eth,pseudotheos.eth,139168815326236610276351,1039
OP,0x0331969e189D63fBc31D771Bb04Ab44227D748D8,luckyhooman.eth,Luckyhooman.eth,138913352940584736863506,960
OP,0x8F5415415d9200cCd8523F3Ee88F96F476141CC3,,,136821170813825535385264,63069
OP,0x7fC80faD32Ec41fd5CfcC14EeE9C31953b6B4a8B,brichis.eth,brichis.eth,124467807497738614532392,540
OP,0xB6B9E9e56AB5a4AF927faa802ac93786352f3af9,,,124444169751965337141064,10
OP,0xf070cD4b5bA73A6B6a939dDe513f79862bffCd25,,Lampros DAO,115128534700092057427295,21
OP,0xb55a948763e0d386b6dEfcD8070a522216AE42b1,reveriegov.eth,hi_Reverie,111601818634882579304107,1371
OP,0x1de2A056508E0D0dd88A88f1f5cdf9cfa510795c,hailvitalik.eth,hailvitalik.eth,110750266991282008066917,810
OP,0xD262d146E869915444d0f34EcDAAbAB5aB43007e,benjaminion.eth,benjaminion.eth,110587497480482800519094,1
OP,0x512fce9B07Ce64590849115EE6B32fd40eC0f5F3,balancermaxi.eth,solarcurve.eth,110277380054416947734935,1302
OP,0x4ac799e9B0E252bC45d499857C84809A5A444AE0,forrestn.eth,forrestn.eth,108832722658474032878978,496
OP,0x6f9BB7e454f5B3eb2310343f0E99269dC2BB8A1d,cp0x.eth,cp0x,93191837973071092931143,111
OP,0xF68D2BfCecd7895BBa05a7451Dd09A1749026454,mastermojo.eth,mastermojo.eth,92014592481624965153387,90
OP,0x62a43123FE71f9764f26554b3F5017627996816a,flipsidecrypto.eth,Flipside Crypto,88972919419095056273570,1635
OP,0xfd947c72f09703210eeCbcab9c9206fE5e1Bb6e2,,,88162552636846561736180,13
OP,0xeeF440eA127a0aaBf70601c6C68C425C29d02018,,,84433681531290488426925,872
OP,0x01E6b50557eF1a2ca58A621998aCe3f278E808B8,tongnk.eth,tongnk.eth,83091909047654320706284,1241
OP,0x9b7DF3A2DF61E72dF5C4d565A0E017D7C5c6E532,,,82349852986078601278441,2089
OP,0x62BE710Da9736c07532322fA02830A356db6454E,,Goldsky,80223259999999978176000,2
OP,0xE48C655276C23F1534AE2a87A2bf8A8A6585Df70,ercwl.eth,ercwl,79078328196752018428223,939
OP,0xDcCf2c13052E57c6B0e30DdF676AD4b8996DC412,,,76742423337387545806722,9
OP,0xdF629daa1E3A099D4C87D7BA855e9561d2300032,voiceof.eth,voiceof.eth,75842159208358858214643,422
OP,0x7a45eE0be5C4BdC938A5F00A2AEF393f46502D26,,LobbyFi,75126157998926549122958,111
OP,0x1F3D3A7A9c548bE39539b39D7400302753E20591,gov.blockful.eth,gov.blockful.eth,75000179828498997499519,4
OP,0xBDF2c87B28124eA08ca8e63569f4eec4D7968E18,,,75000000000000000000000,2
OP,0xb074ec6c37659525EEf2Fb44478077901F878012,,,73263821680794802113852,1264
OP,0x8c580556Fdb1f57853e49F409Ae9b89f7658e7A2,web3magnetic.eth,web3magnetic,69355505856958508489394,516
OP,0xF5Aa6C90a915eEc6171EF21E5C115DEaEc5a057B,,ITU Blockchain,66291484247050356648923,5
OP,0x2C6c638b93bA5a11DBD419305F14749Fc8AA2B63,,,65376965053606443698348,43
OP,0x22e2f326FE5A1d07E1214EB1C08346Fd816E8375,nanobro.eth,nanobro.eth,63016917111710861878158,385
OP,0x13838884271ec954CB036D0B29D404afab5EAe2A,,,61462477333434242624066,1478
GMX,0x4ec9D8C2A751320eD4Ebaa3B5C2d637fE3Faf8A6,,Q,1037824701420996741290551,1214
GMX,0xFEa11f575784CbCe9A785E524F6b202cd7278857,,@xdev_10,751179173831928437176768,770
GMX,0xD5BB24152217BEA7A617525DDFA64ea3B41B9c0a,,,498860852889992583498994,20
GMX,0x99655CA16C742b46A4a05AFAf0f7798C336Fd279,tano.eth,tano.eth,222198290919457764372623,558
GMX,0xD715fcab7391De172B60860F8c685B4242e17298,,,200368115356950103804209,1
GMX,0x004c718103feD0bf75f2A02C3Da7eA2332137fAC,,,168770586862979165740434,1
GMX,0x1A1A7937cD77990Dd5C6f14cC66a4FD72A02E91B,,Saulius,163657464535409064754903,235
GMX,0x416A3427414B6c98aDab70f48a2A904d1cf3F446,,GMX Fanatic,155173141204605392635227,29
GMX,0x5f512c2AFA6704a92F0D383107CB4E57f17D7aaF,,,141932271794236998165859,1
GMX,0x2e1bac4690f7351B3796dF2bC56C35c38617554a,,,118090601765659971378444,2
GMX,0x1c8F0306a3600d70dd83c53264a0DfE417d9C98C,snipermonke.eth,SniperMonke,110341513943377329668593,211
GMX,0x93051649fCecDdB521024b0886E08e4498cb76F6,gbc.eth,GMX Blueberry Club,90389466576343404930436,569
GMX,0xe563B6450Fb44317787857316EcB683d763D2347,,,86537055723594798745917,2
GMX,0x63643D4dd9adbE65aCE96811a9eC1945CfB0F2C4,,,84620170077637055112603,1
GMX,0x69CFAFcA9c889D6Efc1ACc5651ce7A5ec6CdC231,,69,84285353326176885048768,57
GMX,0x52434934895014CBeeD22b8177FB359723c6c0a4,,,82692057098623217832522,2
GMX,0x38e07a38f59810785d5187EF047Df8142Ca4A766,,Triple,75953971337701395314806,1
GMX,0x6FD032D3d98a6bcE99C520767aC220d745e95b53,,,54504599377978596016966,1
GMX,0x5C36CCB22C99fddD675DCfa2981Ed42fD84D778a,,,52976660347103903907431,1
GMX,0x223146d4Bd5fEF3003c48c0d2e6E94ba629fA1D7,,,44555577893283539619429,1
GMX,0x8914fc85e44BEfEdbd7A1F22e2469a8739B05c8A,,,42871353535978645584961,2
GMX,0xB7670274f7fcbcD00503561Be54852382D83dBA6,,,38579070338437367534542,1
GMX,0xe2823659bE02E0F48a4660e4Da008b5E1aBFdF29,,,34044204583752402074012,1
GMX,0xD4ad5d62dCe1A8Bf661777a5c1dF79BD12Ac8F1D,,,31275082519640418460862,2
GMX,0x52079cb2859d58444B368a2506e9eC0b2ff7E777,,,26016776967426633351839,1
GMX,0xF4D46881eC8572a4866c4b4f3F514D1d12177374,,,24135002127733794216937,1
GMX,0x9908255F7F2dFfcCaa14448a2356E5A8fD8e8bC1,,,22762284585847358815151,1
GMX,0x435FcbC37C499cb8197df2D843e7c21d2E77CAbf,,,22484057305363010887586,1
GMX,0x83580f96035C1f7192FE4CB5b3357BA0e699cEDF,,,21627478954096078563093,2
GMX,0xd3D91c21591f3980Ea29De1E36F85e15Ae8274eB,,,21446445168138380810810,1
GMX,0xB72d332C48066f849cB521a64a4089ae5242164F,,,21420900905576991657609,1
GMX,0x20EADfcaf91BD98674FF8fc341D148E1731576A4,,,20178656028626022972101,1
GMX,0x025BeDB808D06b4fF7fA9E7BEa949ECe206ed967,,,19714053772129318892235,1
GMX,0xf3723A2Da2371D1E276365e924bCdF88cb77d2dd,,,19486614259409975778500,1
GMX,0x3F2489706588da1bbd8E8294562F67E1cfC444B5,,,19453600002992592388974,1
GMX,0x5C823E65ee7C8EC2eA42643006843E8b615f0EbC,,xhiroz,18847889142008656443748,2
GMX,0xd03d26b36642c8137c77AE8fe91E205252db1095,,,18670366068887743406416,1
GMX,0x54dC6782d6fC5FC05f8486d365186FF25CC44BA7,,,18397746053979158746640,1
GMX,0x09535B5C76A7dAA3D888B9aff95199aFf386AfA3,🦄❤₿.eth,🦄❤₿.eth,18242848861101205809009,10
GMX,0x325B3C98D5b31052e3A3E6526433F5eacC46C5b9,,,17013704490693021345701,1
GMX,0xE9e330f9Fc82145AebF1D89393e358682Ea5f67e,,Castle Capital (GMX Delegate),16805684478497883100522,29
GMX,0xc3f956B61D1b6d5f2Dc6f093A288Bf884b831692,,yellowfishes,16724886640846154004626,7
GMX,0xba6FE5d4Cf1F7F285940BB9a569A930Fe4027421,,Ekliptor,16517677469223560508749,1
GMX,0xb779340e69EC4dAD4B29183365e6842aA74fB176,,,16504098337202766286916,1
GMX,0xc325A0e48a76DD7A2EFF08DCCd9ee92C56069288,,,16431178193943608052454,1
GMX,0xCb45B819E881fA7a5946B6b8f92A5576faa5a3Bb,,,16272721846260092943715,3
GMX,0x658dC07D19fa967C0D673610969F7BD128C9Fd20,,,16208035088391867020894,3
GMX,0xaDAF37949689c16126ba8E29A6604B7Cc85DA6Af,,,15999187143070784080283,1
GMX,0xa4D79b123704877029A7C8bd26Cb85b60Ad6077c,,,15794476537999829033346,1
GMX,0x5be138179A1516e24CB13EC34112a9C4dAB7b384,,,14320421246825405634760,1
GMX,0xB9ed3a2B35396E960AF7A812d330726678795d29,,,14278359946235879322480,3
GMX,0xE399da81e553eCE184c9ED32b3c6B770f46ce22e,,,13747671775594984064922,1
GMX,0x5310538e6eD133ac2A276bA467422DE1AaCaBA66,,,13454331176021164764367,1
GMX,0x5b16557F1b63F981D1B4cfad18E7A4d5283FEFC6,,,13398979294356190607213,1
GMX,0x0Fa8797EeC1fDc55Ad43f1843cac9d35724c1271,,,12982127686801065826778,1
GMX,0xfEec87662a5dfE8A159e1516aF01fB9014b3eF0d,,,12555331459718422836519,1
GMX,0x82C14DC7596E3657Ae485626746549459FaA06FF,,,12316301781117402734623,1
GMX,0x788A33cA3651AF4196F395Cabd01D2155a733CEC,,,12277294911878020078870,1
GMX,0x0925eDb94a1be30297EC686dFB6B2314D5deA1bA,,,11835669824836286349129,1
GMX,0x03530D74EA2A0B28cE3bb4Fb945F55BF5A52E5ce,,,11768880414421797434464,1
GMX,0x8E52cA5A7a9249431F03d60D79DDA5EAB4930178,,Bonsai DAO,11371201460276054634623,9
GMX,0xD18C96b6Cd70987189b95e02B27d98e681BBA100,0xabel.eth,ABEL,11148121865054656071969,18
GMX,0x0e8BE858ce010026c8fd13c8ba494a522b024236,,,11123315151392225836462,1
GMX,0xE2CaaF0cdB431DE16B6F58B4af1CDE4B531B7197,,GMX_FAN,11015930476755832106724,3
GMX,0x111EAA31b2a1484191cf7eaf495BEdDc12469f38,,,10821189147338682289311,11
GMX,0x60374C9B761834d56FdC7A1067c03ea28eE8D7C8,,,10225000000000000000000,1
GMX,0x295323368b6dC6D986c88666727D05Ee10569Ada,,,9941620710620213617314,1
GMX,0x70f1324Be1319EcE52688bf2Cd1fe26603E591bA,saviorself.eth,saviorself.eth,9870972609244987360395,1
GMX,0x7De07Bb8A43C1953a019906CF2c8287Dae478be9,,,9697944119609790985109,1
GMX,0x36Aaa5c871a0c04fd2183D05D9BF6D0a77D1D147,,,9693685436814398909316,1
GMX,0x00B00acC7dFE1F9bba49C7BA179763db6aAf5B9E,,,9500205491993535357825,1
GMX,0xd66816E75997a44D630b1Ea477E87073256c77fc,,,9451599720555461645154,1
GMX,0x670FBcd11fD54908cabE97384F0D2785d369DCD5,,,9309057510552672167211,1
GMX,0x0FDa32B8144e206c78b6Baa3d6826AE8574eC263,,,9225159172898862164819,1
GMX,0xdbe2FBB31b921DF92b268238Cbd2F2fB590837eD,,,8756444133348467133757,1
GMX,0xFe7f1d76344e1A3F0419789f5FbBea961834ca82,,,8748163985639274502916,1
GMX,0x4eE98B27eeF58844E460922eC9Da7C05D32F284A,cvxer.eth,cvxer.eth,8672566667691609405089,1
GMX,0xBe23CbB62064b8B1550Ae5ADA59c39d45b1E2081,,,8655131098632073612525,1
GMX,0xAdC8AaDDF5dCF81366FCC0212c154DFBFDE1ed13,lightfighter.eth,lightfighter.eth,8430869468639336369738,1
GMX,0xd5203CB8ab0B4Cc1296f9bdfdd548B3CC8749c7c,,,8167014419077271549048,1
GMX,0xC7fF86b58e62F217178990d5021e9998b93A9674,0xjunwei.eth,0xjunwei.eth,8024859813812891997674,2
GMX,0x5a26755889a295111406EbD778C42B735214F42E,,,7806530222077386591892,1
GMX,0xaDbb744a9434AAd006772CF76e79D246c4506D1B,,,7520482336016546313120,1
GMX,0x06a803A9632c51C2105dEE765D87A8634FbB8eB6,,,7448005431555257317144,3
GMX,0x5DD596C901987A2b28C38A9C1DfBf86fFFc15d77,sifu.eth,sifu.eth,7398957475423436515202,1
GMX,0x7E3C7AEda356f53e0e4abb94aa86F73b8FCfD5f1,,,7381297197988236257539,1
GMX,0x274d9E726844AB52E351e8F1272e7fc3f58B7E5F,,,7337999897385443545007,1
GMX,0x4666cC7615F3BC2B21365c71f8073DAab0B5600A,,,7252165811197201897604,1
GMX,0x4c1e74E9E88E680357F440eca2047a2208cB58D7,,,7209617212004902209724,1
GMX,0x226bF1eE0BB0cf647f6A9F0D8B380d6AB56DE3CB,,,7150331374158141902991,1
GMX,0x1c4B924E3c3a0F908DB5852A4E16ac166165CF64,,,7071170919332584403946,1
GMX,0x56DB61E267C8a033071135Aed1Acf47c4a0eF09c,,,6300439703695341905459,1
GMX,0xD47d0ff8c77bC2a7FDaef21CBf0C0a1715b77fA0,,,6297944257616028772525,1
GMX,0x437774a67848D742D063869b1ddABEc8cBF359e3,,,6177762960580000000000,1
GMX,0x65AaFAF1E05a752c813f4D3D2F3273509a3A2e8F,,,6112899323318356052087,1
GMX,0xcFD62Dd63073558c2c13e1ed2c9C973f85614BA9,,,6105014704701647469447,1
GMX,0xC37CD798ad14b2bA9e9A8ded9f31Ed758f105c6a,,,6057306787705342515481,1
GMX,0x24429170bfd95aB110cbDe48f4c9b8416eB73660,,,5895761889172686734045,1
GMX,0x9F0FC5B950210762de3Fa3F8914e214d6dD39979,,,5865325430063444416173,1
GMX,0x93e9b4130f7d30427D25c274ea3F147e10c4E6D4,,,5790429639535447102295,1
ENS,0x5BFCB4BE4d7B43437d5A0c57E908c048a4418390,fireeyesdao.eth,Fire Eyes DAO,244049342329833262646963,3062
ENS,0x89EdE5cBE53473A64d6C8DF14176a0d658dAAeDC,scratch.ricmoo.eth,scratch.ricmoo.eth,181229496115026215159808,15
ENS,0xb8c2C29ee19D8307cb7255e1Cd9CbDE883A267d5,nick.eth,nick.eth,148972383103410088739832,3751
ENS,0x81b287c0992B110ADEB5903Bf7E2d9350C80581a,,,144797300263606028329928,6618
ENS,0x809FA673fe2ab515FaA168259cB14E2BeDeBF68e,avsa.eth,avsa.eth,130734598388719149158351,3673
ENS,0x4e88F436422075C1417357bF957764c127B2CC93,imtoken.eth,imtoken.eth,121089471034889927541714,2620
ENS,0x1D5460F896521aD685Ea4c3F2c679Ec0b6806359,coltron.eth,coltron.eth,112456184182738587230382,24
ENS,0x534631Bcf33BDb069fB20A93d2fdb9e4D4dD42CF,slobo.eth,slobo.eth,108494219337860154975392,144
ENS,0x983110309620D911731Ac0932219af06091b6744,brantly.eth,brantly.eth,106167890756074760474476,5844
ENS,0xd5D171a9AA125AF13216C3213B5A9Fc793FcCF2c,liubenben.eth,liubenben.eth,92231289872242744744761,273
ENS,0xA7860E99e3ce0752D1ac53b974E309fFf80277C6,limes.eth,limes.eth,85199842683902327206500,103
ENS,0x2B888954421b424C5D3D9Ce9bB67c9bD47537d12,lefteris.eth,Lefteris Karapetsas | Hiring for @rotkiapp,79316495122122465074332,2830
ENS,0x866B3c4994e1416B7C738B9818b31dC246b95eEE,jefflau.eth,jefflau.eth,65668294979875206889472,7
ENS,0x399e0Ae23663F27181Ebb4e66Ec504b3AAB25541,superphiz.eth,superphiz.eth,64916156466300806967674,1950
ENS,0xB352bB4E2A4f27683435f153A259f1B207218b1b,ethdotlimo.eth,ethdotlimo.eth,60000000000000000000000,2
ENS,0x54BeCc7560a7Be76d72ED76a1f5fee6C5a2A7Ab6,simona.eth,simona pop 🔥,57650209427436593860591,2936
ENS,0x7a3d05c70581bD345fe117c06e45f9669205384f,rainbowwallet.eth,rainbowwallet.eth,57195796169256195343811,4228
ENS,0xB94B57A92aB7c6406519A48C0dd1e26FD6D45D88,spencecoin.eth,spencecoin.eth,56573360285417275504640,4
ENS,0x839395e20bbB182fa440d08F850E6c7A8f6F0780,griff.eth,Griff Green,51294159838191284525933,1967
ENS,0x13BF6057bd5d5C37095372FCaCff7b93B5B75F0D,,,50346857402465346551808,3
ENS,0x8787FC2De4De95c53e5E3a4e5459247D9773ea52,governance.kpk.eth,governance.kpk.eth,50298880000000000000000,2
ENS,0x6e3c9DFE5413A98720E29f8245c63064f8687492,obstropolos.eth,Rocco,50097797307605950087168,14
ENS,0xc02771315d0958F23a64140160E78ECB9bB8614e,daostrat.eth,daostrat.eth,50000000000000000000000,2
ENS,0x1eeA6382f133c6Fc4d40C28d19F4B628e918a0D2,,,46586706898839947673600,1
ENS,0x2CB86D919332D0369C66A2d5982419266F5e490f,sea.eth,OpenSea (sea.eth),46371185477560753639424,3
ENS,0x2D7d6Ec6198ADFD5850D00BD601958F6E316b05E,sovereignsignal.eth,Sov,46351396851042363013695,2
ENS,0xE5501BC2B0Df6D0D7daAFC18D2ef127D9e612963,,,44489636886519788680685,3363
ENS,0xAC50cE326de14dDF9b7e9611Cd2F33a1Af8aC039,clowes.eth,clowes.eth,41300000000000000000000,4
ENS,0xc95C558dAA63b1A79331B2AB4a2a7af375384d3B,,,41000000014765810547798,2
ENS,0x48dbB9B7B562ACf3c38E53deAfF4686e24c3D85D,,Jordan Spence (spencecoin.eth)🦊💙,40793526762436209233695,334
ENS,0xA8B4756959E1192042fC2a8A103Dfe2BdDF128E8,sat.eth,caveman.eth,40505000000000000000000,2
ENS,0x190473B3071946df65306989972706A4c006A561,chainlinkgod.eth,0x190473B3071946df65306989972706A4c006A561,34595303341048059365688,3777
ENS,0x7F7720BDb2CB5C13dd30a0C8aB8D0dD553b31caA,danch.eth,danch.eth,33210000000000000000000,5
ENS,0xBdB41BfF7E828E2DC2d15EB67257455db818F1DC,cory.eth,cory.eth,32544819617821280450110,3072
ENS,0x8b1f85a93Ac6E4F62695Ea8EF2410d248605FEff,premm.eth,premm.eth,32398183952021100089344,20
ENS,0xed11e5eA95a5A3440fbAadc4CC404C56D0a5bb04,she256.eth,she256.eth,30981540818468959904914,1016
ENS,0xb7847E247871f468F221E2113640A5B9e98e19f2,keikreutler.eth,keikreutler.eth,27702798002561177512113,1234
ENS,0xd1324aDA7e026211D0CacD90CAe5777E340dE948,inzhoop.eth,Inzhoop.eth,26936512977959787788062,35
ENS,0xdd00Cc906B93419814443Bb913949d503B3DF3c4,devdao.eth,devdao.eth,21433677726155020746278,985
ENS,0x8b3347FD0B8C3a619d1f1FDc90CAF4F335c03742,,maaria.eth,20105695197883006267524,1339
ENS,0xe52C39327FF7576bAEc3DBFeF0787bd62dB6d726,5pence.eth,5pence.eth,18437980916360000079071,13
ENS,0x225f137127d9067788314bc7fcc1f36746a3c3B5,luc.eth,luc.eth,17500002059104284632513,1
ENS,0x815FD2bA302De5FA849469b1511e34E9D8fbB51D,jeff.eth,Jeff Coleman | Jeff.eth,16958570340358425086003,299
ENS,0x0c2eC205cF0F50995dd84F0655b54848844Bda74,angelfish.eth,angelfish.eth,15536796696175896413729,872
ENS,0xB0CA2E19356F763721110b2E0B318883DF844cBC,ab.dev,twitter.com/abwagmi,13114893064559270969401,1624
ENS,0x000000DCF1190aF44f7149B85299F18Ce7221024,blackkey.eth,blackkey.eth,12626592532445849275738,1
ENS,0x6e0d9c6dd8a08509bB625CAa35dc61a991406F62,,Jesse Pollak (jesse.xyz),12392623647608170429316,357
ENS,0x71C7656EC7ab88b098defB751B7401B5f6d8976F,,,11042739620401817230840,1
ENS,0xf3427890604BC8BE673517B9Dde1bab548aE3329,,ens.184.eth,10960491651604538435792,7
ENS,0xf07A2439296e07Bc4320AF924E655a01fb69D89C,adamscochran.eth,Adam Cochran (adamscochran.eth),10543957952647289181856,531
ENS,0x7Ae94d7712b7EDB9BB2C0Ee6D71081a6D8710c0b,spikewatanabe.eth,spikewatanabe.eth,10373475904852616711876,1113
ENS,0x1F3D3A7A9c548bE39539b39D7400302753E20591,gov.blockful.eth,gov.blockful.eth,10151992192687279725190,6
ENS,0x480B1A06cB348c1dc673BbfDD74ef19fA1A79A30,,,10085779576071605289642,3
ENS,0x76A6D08b82034b397E7e09dAe4377C18F132BbB8,alextnetto.eth,netto.eth,10008352038477760013084,9
ENS,0x1d921dff757610FbDB0073479e12c0a07d382677,vegayp.eth,vegayp.eth,10000000000000000000000,2
ENS,0x8F73bE66CA8c79382f72139be03746343Bf5Faa0,mihal.eth,mihal.eth,9924614359158552410670,264
ENS,0x035eBd096AFa6b98372494C7f08f3402324117D3,thecap.eth,cap | thecap.eth,9523406588107908621450,7
ENS,0x48A63097E1Ac123b1f5A8bbfFafA4afa8192FaB0,ceresstation.eth,notscottmoore,9450030821088127718761,78
ENS,0xE7e84204B7e180454e5C40d0e04D346214a83f85,harper.eth,harper 🤯,8439654902532615063392,187
ENS,0xFC63B3aCd10456b6356E7524860d0b07AcF71fD8,chapterone.eth,chapterone.eth,7933044023548738822464,306
ENS,0x6ee0Fc50dd452d6101BAF0e9E3871d4Ed9e91745,openpool.eth,openpool.eth,7226076953562266913792,4
ENS,0x1DF8fB9eA6b89C750915C1cF90A72e74B7855a17,pengyou.eth,pengyou.eth,7145875991983826665472,8
ENS,0x4dC96AAd2Daa3f84066F3A00EC41Fd1e88c8865A,,namehashlabs.eth,7053117390014437150347,3
ENS,0x3bDcd88A9639F85818Ed5A35E2ABf6292D9b0377,,,6711476912700192823209,237
ENS,0x8d07D225a769b7Af3A923481E1FdF49180e6A265,monetsupply.eth,MonetSupply,6684535558629183276880,249
ENS,0x7265a60acAeaf3A5E18E10BC1128e72F27B2e176,tulip.eth,Master.eth,6572615544480929176181,873
ENS,0x29a82E07B96c405aC99a8023F767D2971546DE70,serenae.eth,serenae_fansubs,6035147272015358403029,76
ENS,0xBcE35d5A3e89995730B3C979a01319D06E41776f,elbagococina.eth,elbagococina.eth,5828200687337338306560,3
ENS,0x5D509F653d7e4914AF9da434bF25c53Cd122763D,eigenmann.eth,eigenmann.eth,5512971052324486282695,175
ENS,0x0457d3ef89435F23d781F97495D1E3e6C93813Db,,,5465155550610450799677,263
ENS,0x1F9CCb3029D369764D9984B734E27dE25d3e270E,topnews.eth,topnews.eth,5386201125852634267160,3
ENS,0x8C28Cf33d9Fd3D0293f963b1cd27e3FF422B425c,shot.eth,shot.eth,5000000000000000000004,9
ENS,0x029183bd9A47CDD7f5df8Fb64382022C4b681b63,ethlimo.eth,ethlimo.eth,4727398869458087406253,58
ENS,0x3B3525F60eeea4a1eF554df5425912c2a532875D,dame.eth,dame.eth,4685940909166792994789,189
ENS,0xb7f4E738bb0B85aD1ECef26a2A733dc899dA500E,nettra.eth,nettra.eth,4667703182268988198313,112
ENS,0x8ab1760889F26cBbf33A75FD2cF1696BFccDc9e6,dhadrien.sismo.eth,dhadrien.sismo.eth,4613983421375753246368,181
ENS,0x3335cc8BDa40fB5a5F8Db1D0011dEc98728d81E1,,GaryPalmerJr.eth 🌱🐇,4549747280728103649847,456
ENS,0x36F793859B34DaB7D8FCE45142cf731d0aB8A589,,bcvfinance.eth,4378634024800000000000,1
ENS,0x866F5DA24591B2401F04C1F3Dd0cBc799Bb52fdf,andreashofmann.eth,andreashofmann.eth,4017155487392971496960,26
ENS,0x2e11E3b40Ca0C4aba93a2Cd7C9046394b8dd7501,csvensson.eth,guildnavigator.eth,4000000000000000000000,3
ENS,0x6C7A16A3582e8c8d974D9Eb29B84ce18Ed005cb3,,,3898416202447127420674,654
ENS,0x6405A46E53680Eae9cC68228ec3a459c3CEDD972,teju.eth,teju.eth,3839290031509495270606,190
ENS,0x7B3431DB5a984C7a7a710175F6119a385070E9ec,bandit.eth,bandit.eth,3824821263647647314716,475
ENS,0x711c7FEF3256fD7950BDe636e8762C2B96f8d0a1,guang.eth,guang.eth,3792918132924349190144,3
ENS,0x4628D77ba8fCc7a7F2B6bd4A0363061a06E7a20F,erichu.eth,erichu.eth,3758312956911084898630,185
ENS,0x6140F00e4Ff3936702E68744f2b5978885464cbB,yungwknd.eth,yungwknd.eth,3757059902207258241009,136
ENS,0x68ade9fA92C5AC2E798556377e11bd9829bE4553,tobias.eth,tobias.eth,3736055083860457585448,233
ENS,0xB2Ebc9b3a788aFB1E942eD65B59E9E49A1eE500D,sha.eth,sha.eth,3372210660671644720984,176
ENS,0xe11Da9560b51f8918295edC5ab9c0a90E9ADa20B,jalil.eth,jalil.eth,3317074500209802855406,223
ENS,0xbc8dAfeacA658Ae0857C80D8Aa6dE4D487577c63,,Victor928,3230359587521533057124,115
ENS,0x2486d6eA7dDBdb872DfE2383ac16Cfb73DB28733,forefrontdao.eth,forefrontdao.eth,3070896359957805858725,220
ENS,0x719e67af46316B931FB93961A02E956B6d2dDdf0,,,2735120193600000000000,3
ENS,0xE3610421509dDCeB43f6afC8a38814D8FFFA19b6,demiculus.eth,demiculus.eth,2629484203100475240420,1
ENS,0x394495a3800D1504b5686D398836BaEFEBd0C5B7,emiliano.eth,emiliano.eth,2536289584619763356956,180
ENS,0xc0DEAF6bD3F0c6574a6a625EF2F22f62A5150EAB,daws.eth,DawsonBotsford,2507127599162038622188,389
ENS,0x68F9D801C96aC6ccf562f3600Cef77c4504449b6,brukhman.eth,jbrukh,2480033373285288593772,67
ENS,0x5C04E7808455ee0e22c2773328C151d0DD79dC62,scopelift.eth,scopelift.eth,2305836170539476878812,1
ENS,0xeE7601251B3fe157aa52dDB9EA06b7Ae401Da978,1906.eth,1906.eth,2291530402163018072847,75
ENS,0xa960BcC07FdD90c94cBB40De105aD909f7012A9c,lukasschor.eth,lukasschor.eth,2213759487423217011968,46
ENS,0x78b155D7bc284A887F09E028A360a36cC4C4d4C8,alertcat.eth,alertcat.eth,2134021800494143563400,0
