rank,voter,voting_power_max_vefxs,voting_power_sum_vefxs,proposals_voted,in_top_n_sample
1,0x724061efDFef4a421e8be05133ad24922D07b5Bf,37075330.5785261169,1582490293.1905133724,50,1
2,0x88E863d4572d2DaE27db81E98837a9dbeb0e7a12,7226883.2911968324,7226883.2911968324,1,1
3,0x10c16c7B8b1DDCFE65990ec822DE4379dd8a86dE,5202363.1503561186,30770220.3972162530,6,1
4,0xb744bEA7E6892c380B781151554C7eBCc764910b,4004900.3557664715,4004900.3557664715,1,1
5,0xEB62EAe6d396Ff145810F9F99d2C0Fb94f3f1Fc7,1751952.8525818435,4178709.7980737672,6,1
6,0xa9B3C2209e85B136610959b85379Ce3c2c50eB7E,1675269.3901409868,3340595.0756120216,2,1
7,0x0116Bf9b4614B42c78302Eb2dEB31f2329ec6152,1600949.3069628235,17144873.8026444539,13,1
8,0xCC4e62029e0491a61a7ac1b60ab1721F6df841E3,1306904.2429141696,3310898.5160466619,3,1
9,0x96Adc904B512c6Fe6e9eA64f4E0327c7920aF981,600724.3817457799,1128114.3837158615,2,1
10,0x6fCBBf79bd685190Ea17a5f4Ec260dC779FCec08,310957.7591402017,1243776.5195009387,4,1
11,0xF6853c77a2452576EaE5af424975a101FfC47308,240390.6380929731,240390.6380929731,1,1
12,0x8df937Afdf1d08C2bA565d636ca1365a42144385,238639.9855709129,954134.3504762786,4,1
13,0x3c28C42B24B7909c8292920929f083F60C4997A6,164605.8937301890,862665.7685793064,6,1
14,0x4986D3B5160032aB7DF0FAc9503f6A2360F3f888,109997.9894466691,109997.9894466691,1,1
15,0x529656620D914443405A55ec42Ad0eAEaF0b4A2c,109662.5238616183,743602.3164948588,26,1
16,0x8593B031D147cB86824BA55DaCC7625A9D446bcF,106607.4037075925,106607.4037075925,1,1
17,0xa9BdADCE387700B18a3D5c2a668395bDAdc7b76B,104233.7702300149,197511.7933385303,2,1
18,0x92F5d472bb5018e858E23453641850bFeaC30e7d,96165.5371725624,384643.2559069178,4,1
19,0x94A468FCB53A043Bf5Cd95EF21892E02C71134Be,94375.4493189842,94375.4493189842,1,1
20,0x7f977c4CfF92c055173B865bCBD8158161ab95A9,82682.0678035211,330687.5770637801,4,1
21,0x8fcf29F004fdfb0b8C2EC7c3C219CF57fb7D2ff9,80464.5509508895,80464.5509508895,1,1
22,0x6a5dBF2Fb5206EC8192620810C3edB6d5e62B188,78089.5123686840,145404.6166384653,2,1
23,0x1aaF5e41c2c73617bc120097547A3410CaF6718A,76006.9231498984,76006.9231498984,1,1
24,0xEA7d6A3873CBB644a2FA3a124b00a25C33C661b8,72441.1295314348,459716.2551895424,9,1
25,0xf8cBde834E9FEd2C4baF4926A174868234EbDD9B,65785.5398459950,65785.5398459950,1,1
26,0x01ac1386a47B460C9186Dc9662E533Fe5F3beDcA,60935.1892608071,243705.4114741738,4,1
27,0xe32c8561C14f5fCc6a4d4310cd866Ae48aAdd533,53743.2176026086,214946.7024424812,4,1
28,0x3a652f60622d22cDE49dE3D9B5E9D0dCd4D6C32a,53407.7096297094,408966.4305839202,12,1
29,0xd7dEcD0B6E3dEBdD2831Ba9ED992289ADf86CF4F,52639.9082014769,252883.9531106414,5,1
30,0xf66468Ed50D9d635964DaEfa1AC3901A6faa4220,48497.3452015085,193989.3808060340,4,1
31,0x09D57F361f794D150C04443A7B6e369120DC2bea,47753.4938107962,274199.4776722208,6,1
32,0x7191045aDC32132Ec7766A77f0892797D8282F86,47542.8975125083,562744.0210180148,13,1
33,0x27b5491b519E72ce52F0DC9ccc9d7DC3d1E7b964,41799.5995324666,164675.4562478893,4,1
34,0x88156FACf7C584bF658baDBa8bF4d17AF6fB150E,37330.4117720639,182479.5327025687,5,1
35,0xeAAD3eF8c606e4e82D65D3001286Ca24566dB8A6,30740.4287962278,30740.4287962278,1,1
36,0x594B7eFdDa12093E98945C89243b71Ff79409e4A,29260.4889050108,117037.1208368268,4,1
37,0xbf1299B5cb0ac7A66bc2c8d2AEFe08B103399568,27014.8481190983,108046.0964196959,4,1
38,0x7bcD790D1282622dA859625F3786bE9F33042d50,24518.7452843179,49037.4194499144,2,1
39,0xD2c08468Bb6BFbA12Eb9860c388648b820e82e24,21092.6732307167,63268.0456635303,3,1
40,0x53575cfb111a4ec6607312fb6d009A4337Eb2159,19338.5627723817,252395.0939011551,14,1
41,0x7c56fBd5780cCCA74DEdFeF972b07C2AC0d50768,18867.1503517884,79040.9202011035,5,1
42,0x37eC1ae6691Dc5258494fBad3bb7C4Fb460BAdD6,16169.8915793302,16169.8915793302,1,1
43,0x47005117818B443B39C8449F5e10E101fc2B59E0,12404.9902625227,42713.7352849461,4,1
44,0x734A96c6819D468A7275C75fa14c4c56492Da381,11969.0283934000,46034.5486302962,5,1
45,0x6e74053a3798e0fC9a9775F7995316b27f21c4D2,11862.1628835939,11862.1628835939,1,1
46,0x8C4C289539a812402d8d2d18AC56786c861285Be,10739.7432684410,100624.6564796624,10,1
47,0x000000e28fAA823d5B53ff6C2922c28335840375,9789.3974740885,44620.3230868307,5,1
48,0x034f978581617FcABB75bfBe697d2230a3285437,8516.6746479926,64343.3884449803,8,1
49,0xb7B574DF3b93941964653D34538c16eD08CDdBEA,8021.7283797396,45210.0965860224,6,1
50,0xfa12612A0c2eF2E88861794422d379F1C92F70b4,8000.1009317209,45926.8284888699,6,1
51,0x169787961b393d800AfAfc0B9927088Dc84d692B,7676.4099645404,15022.2062126346,2,1
52,0xE9BD9bCE3B1AB61F380547EBaC49B4D0bfAE1c0C,6947.1445988610,27787.2634947626,4,1
53,0x1d8AC69eD56F6dbD336E949FE9A8b6B1f7b6f076,6900.5370063427,24166.2822666437,5,1
54,0x2EF0782745B9890c2D1047cBd33bE98e22ec35a2,6614.1249173430,6614.1249173430,1,1
55,0xAdE9e51C9E23d64E538A7A38656B78aB6Bcc349e,6556.6325342041,6556.6325342041,1,1
56,0x164a150c7a026040337aEd383432b6A166C6136e,6064.1843654785,28458.2692452357,5,1
57,0x75C108dF63381E5b2FAe62d610D79A8915911AA8,5794.4882200532,34439.5335811002,6,1
58,0x369a8aE0a7c2dC4976CE449BBecE423106C89854,5462.3358862488,16385.8885191566,3,1
59,0xFf6FAf21b2812ee1db1bF2C3f02a7FA7b8F6ADc8,5423.6126322645,8434.8096466682,3,1
60,0x035D9B4c561e90bAc5Db371f3EB13e73de2D43b7,5218.7314835085,5778.5765605789,5,1
61,0x3eDDa36354Da53b109d298b102b0Fda06d0b74E7,4788.1793707179,19150.2557105162,4,1
62,0xD72aa821e6e507b4Af7E178c2161A7618aFB1A58,4552.7726170091,4552.7726170091,1,1
63,0x294Fd17C700331AAD5cc480400050e1005D2c531,4013.7872169898,16050.6627960416,4,1
64,0xe18d3B075A241379D77fffE01eD1317ddA0e8bac,3425.0966233115,6849.5555308219,2,1
65,0xFf6A37C2fb94C3fB47CbeAB8053722084C546a32,3357.0075967941,22232.5096598848,7,1
66,0xC4183Eb94164c5E7A3a5d5bcF70fCd6e7aDC5f75,2850.0651657761,11399.5972995198,4,1
67,0x941eF60675b8BDCC57C2958C3A1bC72Da1541F14,2797.1667679041,2797.1667679041,1,1
68,0x36Dc260fe7e1C681cA3ec4749cA88b8A2B688eed,2771.4533364882,7765.8835062789,3,1
69,0xE955f8Eed3321f8431F2924C65824F1910eb0638,2677.0407380486,7391.3280942957,4,1
70,0x36A87d1E3200225f881488E4AEedF25303FebcAe,2593.7685544286,2593.7685544286,1,1
71,0xB3EB02Ac81c49A20290eEb7E8A5F66DA6Fb1E3F0,2543.3479356925,14600.8038432268,6,1
72,0xe116d5F4CcD817e93a4827B4B1166fB3fA61BEC5,2440.1226543333,10150.6916370154,6,1
73,0xd4eA6f865D5d2750ee63F1bF8b4274d5AB3279D8,1967.7965717751,3935.3553082192,2,1
74,0x9aACA85f29e90B6AD47FF77C59CBbb575B553494,1939.7908224698,1939.7908224698,1,1
75,0x4Dc1Cdcc399656f92a797f0d9443D313eA59f529,1849.7498987957,1849.7498987957,1,1
76,0x37B1884205Cc47c2Bf5cF5a0248946C4c0c85724,1805.7808457002,5378.0639982877,3,1
77,0x63435Ad7678eF11EB1C9F8D92aeEe96C2294817A,1783.8814960957,2218.7780980970,4,1
78,0x051a3190C9342211Eb311723B23B8c7cBD7b5a5D,1763.7932174278,1763.7932174278,1,1
79,0x6f269Aa280ffbB62fdEAa39c4D073C5955BF4399,1652.6448556557,3305.2837430885,2,1
80,0xe08753f2CaF86CFA29CE24B1cA765F6f3A25a68D,1604.3503226513,1604.3503226513,1,1
81,0x1c3b3Fb3295f8ba458dA832dD113E6628c273Ac9,1397.5955700622,2793.4022563754,2,1
82,0x1Dbf3eF9Af78408f76f486239A5e105817316969,1332.0876687595,1332.0876687595,1,1
83,0x8CB29cEB312001D4479Ccc826F7a4E2D8aC5E016,1166.1080457899,1166.1080457899,1,1
84,0x7cC01A35bb98bdCAA20Ca006bD685900E17B332A,1140.2855549747,1140.2855549747,1,1
85,0x6Fd0C2F6ceF3B83c2a463D561739d6F7cA9CF809,1131.7287157772,4526.2586957762,4,1
86,0x50Cb3c7B8EAC3b33D4f1e2CB245437C68d27b726,1075.8587050451,12395.0234475450,23,1
87,0xE79966203023D4fffCDF2C7C545fEc8940e00C5e,868.7288415686,7886.7307903734,10,1
88,0x8B93743303D939EAe77cD70d3EbD9450092a7369,747.1456835722,747.1456835722,1,1
89,0x67A305FB259dFd453405eC4d0AA673Fe016B107A,742.6237649786,1485.0633639738,2,1
90,0xCB38C39D6684eDAD80688024Bee1BCA17eF29d0E,631.8149628695,1256.2959829442,2,1
91,0xC9c45f5198345f0c58c04B45D942474a8707163B,598.1789987783,598.1789987783,1,1
92,0x92C43859Db0F3E03EEa0f05529775F4612f5de33,589.0003919318,3040.4667960637,6,1
93,0xf55b1e049Fae86a5379F043233c6402Fe2109a98,568.7570617865,568.7570617865,1,1
94,0xC58bd6587c66a3f40E76643969bCEA801578B9D4,554.9327949606,1977.7095498288,4,1
95,0x631B40D0aD3fD20315F3C7B7FB09662c97541DE7,508.6695871385,2920.1607686454,6,1
96,0xE408D65d495c567aB246E7c90F11d15d96c1738D,499.1317533057,7097.1052888812,15,1
97,0x3A6F3F9f9BE94E1D985C6EB07EeC891c4CB144B0,406.3146411893,406.3146411893,1,1
98,0x94003c45A74Dbe132D45d15a0993CaeBf55aeb61,400.5407916326,400.5407916326,1,1
99,0x8f43aF563410729bc027deB3E613730B086a55ab,373.9928803171,11956.7533000722,33,1
100,0x7110d3E465845fa8bAfAF6fc07afc6cB4A981d68,367.7587667756,367.7587667756,1,1
101,0x7239C9c7Ca2ed6F684182FcA881618fE4b557f9E,367.6683472396,1470.5958142522,4,0
102,0x2eb7D6C8e738d1c9a35E7a4AB43D50418a637b7f,361.1639955527,361.1639955527,1,0
103,0xD0d9E3505349BC945A414A6EC8fF8bcaDAbF20e3,337.1673967846,657.4886130137,2,0
104,0x62661B101ca48734668669a9F1Cb83c4889049F3,298.9200245192,298.9200245192,1,0
105,0xAE3E7d803596C373080a60B7f328f456869Ff91e,287.9598700079,1151.8165828666,4,0
106,0xf2Bc825FB466136d00571B496E6EB1a601679919,281.8241534000,563.6483068000,2,0
107,0x75f83414800Ac5e20CF6abc89F9Ce147B325961c,259.7703597957,1038.9204962063,4,0
108,0x211a26A3fc01b01B217b76C391902e42E3e1eE91,253.4499358510,253.4499358510,1,0
109,0x5180db0237291A6449DdA9ed33aD90a38787621c,252.4552301937,252.4552301937,1,0
110,0x5635F75308e4863DA06bB454E0afA5f74bF28B5B,245.1183755872,438.7630106566,2,0
111,0x35EFcCEe720aEC52837240Eb87347eAB80fe25f0,244.0547249572,976.0717037671,4,0
112,0x61c108BA3A1f0070B2B5CDBE9C902d4477E7618A,243.9194731259,487.8383064117,2,0
113,0x6Acf8Ca3B0B07f511375a54c978f224F24f7d3bf,231.5346423794,231.5346423794,1,0
114,0x6591C24a7f7d3B37527487a457b2f467936DFE59,203.8224992744,1834.7352999105,13,0
115,0x2cFb075E8FC0D99837653629B0A3d527f0769a1A,198.7274812650,198.7274812650,1,0
116,0x6B3D909F2aaf6Fa11D1fc1F665d7A02A0a414020,183.0316592731,183.0316592731,1,0
117,0x6d84264A7bD2Cffa4A117BA2350403b3A9866949,160.1856780432,160.1856780432,1,0
118,0xb8Ab9923E40F77e2eB407070A716C393F5aBCC8B,117.9422964983,117.9422964983,1,0
119,0x67776B1B56401d903b9706b6d9073079b2587833,113.2289777864,339.6869333592,3,0
120,0x337844866Ce1f51bE8EB9f3a4882b5cB891Edba5,103.1584404966,489.6512658390,5,0
121,0xd48f1A44e56526e96A983FF750559aa365810D5A,101.6795049281,101.6795049281,1,0
122,0x274829C52bba894d62A4931b46B76cFE0606Ac26,101.4381074891,2439.7668441772,25,0
123,0x2a57701cc3338dEd47fe44695DB146342caB2428,92.4480634450,238.4554427436,5,0
124,0xEe72CD07a36d08F5FAfFf2214857a8221a3314Be,87.8943576119,87.8943576119,1,0
125,0x465aBF4c65c27948ddA6F53E4BdA22B36cBbb5f3,77.3038421091,309.1800413816,4,0
126,0x444E911b90B073e5AceDBbb27a33CbE8D25DF21a,75.5846380565,151.1485188356,2,0
127,0x6D42Be1820945F88B2439152Fb8f4ef32CeF4d47,75.0000436030,446.5912816153,6,0
128,0x9A4245daad387cA684A04764bFE1Ebe500556625,57.9732313683,57.9732313683,1,0
129,0xeB0e6eCD0E78B0a84eCD9663a041F453C454a99D,50.4531077608,50.4531077608,1,0
130,0x29cF2074D472f019F5E8AfDc42b7e05Ee26EF963,44.3387129310,257.4857859135,6,0
131,0x3A210AF4D55A7FAf662bEc67D7228aE205590163,34.9540190196,34.9540190196,1,0
132,0x02eE9cdaFa7037aa58cBA48c757F88d5eDa73980,33.6881910132,168.4409550659,5,0
133,0xC164111D12Ded6A9DD5D6C532727bd5C10CD89Dd,31.5748849595,45.7867716248,3,0
134,0xdaC2c5D760ff866BC796DDb88dFfEc3D9A90b7e5,27.9792298971,27.9792298971,1,0
135,0xb888f9f40F6007C06681306bba976F5e25691E1b,21.4106241757,52.2344226193,3,0
136,0x8E03E67EBfbC91E8f8b9DBC124bF7C49d54c9392,19.1634203851,19.1634203851,1,0
137,0x5F08Ab3F88d240247a569b79Dd7a5EA6cCf6C3Ad,19.1597297990,114.9818862428,28,0
138,0x57D3Ca64F4745B1936E34B3296238246895AECf3,16.6186937309,155.4693828240,10,0
139,0x0E9B063789909565CEdA1Fba162474405A151E66,15.8057600882,131.6022701971,11,0
140,0x2DF44f531F9B8cD82f181f7e3F3401e392F1b19e,11.1869353253,11.1869353253,1,0
141,0x74c0A7D94CE0290803a3f47fAb1eA36f2d76d6A4,10.3880581994,41.5522327977,4,0
142,0x015122A625b45f68E6D795C0Ab99fC7107e4c3B9,8.2684846696,16.5329393735,2,0
143,0x11443ad12aEf3663A8cD767e6f9508fC799C4B18,6.6094247880,6.6094247880,1,0
144,0x500fAF5a49AE5085482d156Fe7970578114c7D0B,5.0000000000,55.0000000000,11,0
145,0xe448d9D70eFe95714e38d210E58d458dab0A77d5,4.2192543624,9.6373236133,9,0
146,0x445cc8Ed94673E7EfA66D1638e447DDc706bC446,3.5580466962,10.5089496849,7,0
147,0x53C40473DcdFd927C4201cCFE24E314a7D7C3584,3.5465212288,21.2791273727,6,0
148,0x49F9d409C580660b0F8e51835C4C6D2f4433E93C,3.0693662175,3.0693662175,1,0
149,0xf9178e809CEFaF2b219787336650A31552e52d5f,2.7995841446,2.7995841446,1,0
150,0x5Cb58BfA6916c501cD3D0839Df2318A6e288d05f,2.6443056145,2.6443056145,1,0
151,0xc3d6f21c79C2567A1858d8b93a4EDBD9dB399d9d,2.5068493150,5.0136986301,2,0
152,0x6E6cEa0E277D9CfCef9094c5C8713bb52eD600E0,1.9693813529,1.9693813529,1,0
153,0xFA0e543469b5F9A45F3fDbA1BC163c878253446C,1.7909759741,3.5819519481,2,0
154,0xEE459c9E50f5e2cB58D4D76f0B68f75C66A86650,0.8626421038,0.8626421038,1,0
155,0xDFeeAcB43f4bdF4F952EE0E47c99353dD2eDa192,0.7433121636,1.4866243271,2,0
156,0x3D949494687E073ba944C6E6482e0dd2683EF3cf,0.7428325315,0.7428325315,1,0
157,0xDE2e4Fbb91763b16cC59c3A34d6AAAa521c61c0B,0.4247408638,2.8436065815,7,0
158,0x288A4e70Eba5d4f92e28F8CCc561E9fC947304A1,0.3916596236,9.7453422230,33,0
159,0xC85032a2e77bE215A095Fc8b77C0E3e16Bb69BF9,0.3754949557,2.1071139345,7,0
160,0x66D898e5f80E069B079C710d646BDF05a751f370,0.3590889679,1.4363558717,4,0
161,0xdc4C44943bFBC9f87D0f1FE11d69a4b814D3608c,0.2596731978,0.2596731978,1,0
162,0x46f3cC6a1c00A5cD8864d2B92f128196CAE07D15,0.2102061237,0.2102061237,1,0
163,0xb3De3b6Ac5F8e7b41B834C1509fdd0E56887C9B0,0.1567563293,1.8810759521,12,0
164,0x773a26a19296B49ce51e1bc25e80133F74C2cC8F,0.1375885149,0.1375885149,1,0
165,0xef68A8F68f387377c71F6A86b7e7f98B8413471d,0.1214295940,1.8045723045,17,0
166,0x20aF7316E7bAa5e8fb42fc2f52641A5236c27515,0.1144181338,0.4576725352,4,0
167,0x4770F67Db9D09Ca7347C1fCcBf3795A464065eCB,0.1027156748,0.2054313496,2,0
168,0x6C517e43617ef1c0994Ac526A2ed2393e67e52aE,0.1000000000,0.1000000000,1,0
169,0x21093947278aEC469f300A7e4515999316885783,0.0268493150,0.0268493150,1,0
170,0x14AB9F431B7D25FcAd366EC9511DcE38E229745C,0.0211007873,0.0844031493,4,0
171,0x0872b7209cAd52fa95af35F4BAF5653933105aB5,0.0159550764,0.0159550764,1,0
172,0xC51feFB9eF83f2D300448b22Db6fac032F96DF3F,0.0100692794,0.0100692794,1,0
173,0x4D4AC65513fEe380c596ac9EdfaC588782831bdf,0.0089421404,0.0894214044,10,0
174,0x41ec28eceb137789032B2B505A57c1dA829934CD,0.0018574959,0.0018574959,1,0
175,0xC398220de66c6d664b91148668fA754f8597cdaC,0.0012986416,0.0025972833,2,0
176,0x1543c3446f436576417490a647987199685e0b8d,0.0000447118,0.0000447118,1,0
177,0x6805b97d7aB9D149224D8530F3F3DbA416362266,0.0000313622,0.0000313622,1,0
