rank,hotkey_ss58,name,dominance_pct,stake_raw,nominators
1,5GKH9FPPnWSUoeeTJp19wVtd84XqFW4pyK2ijV2GsFbhTrP1,Taostats,13.08573700297269226667,767381773437417,6691
2,5F4tQyWrhfGVcNhoqeiNsR6KjD4wMZ2kfhLj4oHYuyHbZAc3,,12.28199087220604468484,720248002440716,8755
3,5CsvRJXuR955WojnGMdok1hbhffZyB4N5ocrv82f3p5A2zVp,tao5,10.57755216906832806956,620295268068012,1448
4,5FxcZraZACr4L78jWkcYe3FHdiwiAUzrKLVtsSwkvFobBKqq,<decommissioned>,7.76752177933970422430,455507751446432,203
5,5HEo565WAy4Dbq3Sv271SAi7syBSofyfhhwRNjFNSM2gP9M2,,6.49037160193894990812,380612331505082,744
6,5HK5tp6t2S59DywmHRWPBVJeJ86T61KjurYqeooqj8sREpeN,TAO.com,6.27068130737055007273,367729119209543,1375
7,5HYk8DMKWK8TJyPzZJ9vmZk7B5NPCgjnZoyZ1ZsB54RXdN47,,5.17700273666881827239,303592953171288,121
8,5Dd8gaRNdhm1YP7G1hcB1N842ecAUQmbLjCRLqH5ycaTGrWv,,5.12718013464739730267,300671225744871,24
9,5GP7c3fFazW9GXK8Up3qgu2DJBk8inu4aK9TZy3RuoSWVCMi,Datura,4.98371794900146891649,292258228722451,776
10,5FFApaS75bv5pJHfAp2FVLBj9ZaXuFDjEypsaBNc1wCfe52v,,4.73340388977108794677,277579158934873,2045
11,5Fy3MjrdKRvUWSuJa4Yd5dmBYunzKNmXnLcvP22NfaTvhQCY,Neuralteq.com,3.51984885081435860954,206413123903986,1804
12,5D4gEn5S422dTGR5NJJKZ93FNV6hDmfwDPfxFNgcoVnUkZ4f,Tatsu,3.20077940451760500906,187702058757768,702
13,5DvTpiniW9s3APmHRYn8FroUWyfnLtrsid5Mtn5EwMXHN2ed,FirstTensor.com,2.14543501494543242814,125813909158464,1074
14,5F2CsUDVbRbVMXTh9fAzF9GacjVX7UapvRxidrxe7z8BYckQ,,2.06572868841826995379,121139722126377,560
15,5G1NjW9YhXLadMWajvTkfcJy6up3yH2q1YzMXDTi6ijanChe,,1.82817096321272276604,107208717061811,24
16,5E4z3h9yVhmQyCFWNbY9BPpwhx4xFiPwq3eeqmBgVF6KULde,Tensorplex Labs,1.73864280170719154306,101958551990245,199
17,5CBDhkBxf3u7rSZqbcBW59NCpGbCsZSDFBgToEc4owqk8S3A,Unit 410,1.48696147797589750539,87199302243584,15
18,5DM7CPqPKtMSADhFKYsstsCS4Tm4Kd6PMXoh6DdqY4MtxmtX,Cortex Foundαtion,1.37688743971009119882,80744273331216,264
19,5HbScNssaEfioJHXjcXdpyqo1AKnYjymidGF8opcF9rTFZdT,,0.88179569311522143504,51710801052972,9
20,5F27Eqz2PhyMtGMEce898x31DokNqRVxkm5AhDDe6rDGNvoY,Love,0.66010599719917462114,38710338643693,19
21,5Fq5v71D4LX8Db1xsmRSy6udQThcZ8sFDqxQFwnUZ1BuqY5A,NorthTensor,0.58503444034710128108,34307946602743,68
22,5FFM6Nvvm78GqyMratgXXvjbqZPi7SHgSQ81nyS96jBuUWgt,PRvalidator,0.57913565646742226622,33962026519397,27
23,5DQ2Geab6G25wiZ4jGH6wJM8fekrm1QhV9hrRuntjBVxxKZm,,0.54993708598313850722,32249746133892,110
24,5CoZxgtfhcJKX2HmkwnsN18KbaT9aih9eF3b6qVPTgAUbifj,TAO.app,0.51628049423790567385,30276035745593,20
25,5ELREhApbCahM7FyGLM1V9WDsnnjCRmMCJTmtQD51oAEqwVh,Astrid,0.43600625338852116997,25568544735316,176
26,5CVS9d1NcQyWKUyadLevwGxg6LgBcF9Lik6NSnbe5q59jwhE,,0.37246378504086019579,21842248536780,112
27,5GmvyePN9aYErXBBhBnxZKGoGk4LKZApE4NkaSzW62CYCYNA,Neural Internet,0.33022799733939955935,19365431704720,569
28,5Deo9Q3SnZWNPSEPRTgapbyy6egKu2oaNSqD4RQHHJEuzD9Y,Firepool,0.28514458335470854733,16721622634713,34
29,5E4hBXkG9uVc1y9zdNzgCiLHrPbFukChkYeN1LxFnZgg4ASL,,0.22617494152477352065,13263488918886,159
30,5E2LP6EnZ54m3wS8s1yPvD5c3xo71kQroBw7aUVK32TKeZ5u,tao.bot,0.07127046041135592924,4179485824279,3
31,5HeKSHGdsRCwVgyrHchijnZJnq4wiv6GqoDLNah8R5WMfnLB,,0.06260994367411644446,3671610517661,86
32,5D4oo3Z5VFUJtFWcK9wtfPqkGnzVubSFMnWnMKUVkDxsrWSj,,0.04746308863924565691,2783359403030,5
33,5F2NCTUugqBHMPp5UyGjGMV9a94a2Eh6JDPBUFzWL2Zabjz8,,0.03003577483491263328,1761376233845,163
34,5Hddm3iBFD2GLT5ik7LZnT3XJUnRnN8PoeCFgGQgawUVKNm8,,0.02394766942190108480,1404353841629,8
35,5GcBK8PDrVifV1xAf4Qkkk6KsbsmhDdX9atvk8vyKU8xdU63,,0.02101310320477325563,1232263219033,101
36,5HBVrFGy6oYhhh71m9fFGYD7zbKyAeHnWN8i8s9fJTBMCtEE,,0.01836465670014517451,1076951403190,3
37,5Ft5kRgKDFafWX8mHneYqi44z8J3PGDguVjYnEADxjVJPTih,Kraken,0.01756532793768956005,1030076678201,2
38,5GTAcDHetmSqBqUSUW6fUCY2LkV1uKZqyVg8dKA4Va6NpNH5,Nickel5,0.01722783003938097024,1010284920528,2
39,5H6BgKkAr2Anmm9Xw5BVDE4VaQmFEVMkJUHeT7Gki4J7yF4x,,0.00808295163055113182,474005381237,76
40,5ED6jwDECEmNvSp98R2qyEUPHDv9pi14E6n3TS8CicD6YfhL,,0.00249210837669719193,146143739957,14
41,5DCc5oHA6c1Lpt9R6T1xU8jJGTMvvwBqD1yGX67sL8dHUcga,,0.00173572198901073916,101787267910,6
42,5ECvRLMj9jkbdM4sLuH5WvjUe87TcAdjRfUj5onN4iKqYYGm,,0.00159186763155448781,93351272909,18
43,5CPzGD8sxyv8fKKXNvKem4qJRhCXABRmpUgC1wb1V4YAXLc3,,0.00138742379819289073,81362152894,19
44,5HRB5xi9W1yEdJGEWPsgtH71mPjAvN2Z9HxNvRMMcK5kXuW2,P2P.org,0.00114714581455993342,67271624775,7
45,5FcXnzNo3mrqReTEY4ftkg5iXRBi61iyvM4W1bywZLRqfxAY,,0.00103423096262230795,60650003134,8
46,5FLKnbMjHY8LarHZvk2q2RY9drWFbpxjAcR5x8tjr3GqtU6F,,0.00089349284514188764,52396752579,21
47,5GBxDYkDp8eJZHGT89wcZJKcMc4ytSqnqqVSpeuGeqtGfqxK,,0.00080258956915485837,47065947205,16
48,5H9XxRFAW2KHnN94qzCGMyEs6Bi4pTiatW9LcwGmtJp42Vaq,,0.00055983937704314911,32830442328,3
49,5Hp18g9P8hLGKp9W3ZDr4bvJwba6b6bY3P2u3VdYf8yMR8FM,,0.00041569360464203584,24377357994,4
50,5CzFiYvBhg9e3uNbPycSob9jiRX1o8ZNWigxWwk8YEYBgZ3J,,0.00037364269580313661,21911382941,9
51,5Dt7HZ7Zpw4DppPxFM7Ke3Cm7sDAWhsZXmM5ZAmE7dSVJbcQ,,0.00035810845573687944,21000414557,2
52,5CaCUPsSSdKWcMJbmdmJdnWVa15fJQuz5HsSGgVdZffpHAUa,,0.00034853333362556933,20438904404,10
53,5FyQwqvALREfXVLLN3LEvtBPzqGhqNtxQqoHjHFatneejmWr,,0.00029558141423320758,17333665639,2
54,5Ehv5XMriPZwNBtYHdQV7VrdbN8MBTDTmQhWprZJXxSiMapR,,0.00028724255813783787,16844653352,7
55,5FqPJMZDp39KRd9jDhXuFpZWkYD7wG5AXmjoWqK8rDy7ok5B,,0.00023891639942291427,14010681267,4
56,5DnWFhKfeu6gXMydzrv8bkwxFegAC6bMWsC4Z2XtaotAeB6S,,0.00020237347147433261,11867708590,5
57,5CXC2quDN5nUTqHMkpP5YRp2atYYicvtUghAYLj15gaUFwe5,,0.00019002960655609198,11143832132,5
58,5DD6hMnCXMvSCstpfrc8mkew8CK2nhzksKzu7L9JWFpnP3KL,,0.00018762820080917982,11003007431,6
59,5H4JF2aaxuBLxgNhgYJ3pKs9PhXdKU98NZRfho5rVtmG12ko,,0.00013471429701664798,7899998000,2
60,5E2VSsWWXkBGCn4mi8RHXYQEF2wLXky6ZsNcTKnmEqaurzTE,,0.00010261795431359201,6017784688,4
61,5GsenVhBvgEG4xiiKUjcssfznHYVm1TqPbSbr3ixBW81ZVjo,,0.00008473378296571131,4969010200,2
62,5Dz8ShM6rtPw1GBAaqxjycT9LF1TC3iDpzpUH9gKr85Nizo6,,0.00008406821862763078,4929979770,2
63,5Dyi5e2QqnWn2RN9X6r8A8Q1QBjYD536H75mxNye193oeCJ4,,0.00008236331888383965,4829999999,3
64,5E7eSeRr2aHzCV7SkY4a2Pi5NXHrU4anZz3phEQgn4HCen2B,Owner17,0.00007156723478207308,4196889448,2
65,5E2MF7htsXr4dXdoJS5yTUmfLp6LMkr13S3EdR4mUzokyH7o,,0.00006091086995577327,3571972400,2
66,5DPEpUTZn94sgYXH3sdXxsVvb46m3iEvg8aZwX7SMDowivzB,,0.00005286258562997215,3100000000,4
67,5Gpt8XWFTXmKrRF1qaxcBQLvnPLpKi6Pt2XC4vVQR7gqNKtU,,0.00004814982060555885,2823631158,3
68,5EWLgJHBVE64kJKb3GWzzh33QEPNcj6UNr4cqyr1kkDsaVrk,,0.00004480588587043034,2627534097,3
69,5Hh3ShaNW9irCe5joBLCeFD5Fxb2fJ6gFAgrsPmoz3JkzqvJ,,0.00003922062804804385,2300000000,2
70,5FBvGUf3FhJfzLnDKwHCVqtycVzuK4uLqmx1dyYd4xFpP8Th,,0.00003029545657689326,1776604649,2
71,5G3f8VDTT1ydirT3QffnV2TMrNMR2MkQfGUubQNqZcGSj82T,,0.00002793506866657343,1638185341,3
72,5Dkv87qjGGF42SNhDAep6WZp65E29c2vUPUfDBGDNevENCMs,,0.00002610523364137644,1530879039,3
73,5EpxBYq4aVgTQ1rYeBo2mzYt3hgpRTqxZTSsJEkCstBP5Jse,,0.00001902848838700570,1115880226,3
74,5CHuEaJDdFbEtpyjR4JddcANRb9JyqxD6zcT25BVgyMJ8J2r,,0.00001193671288418726,700000000,2
75,5EHuRZHPuPAvU4MJ1RwoReLCyP3nniNZqCttDM8xZxdh2kBL,,0.00000656564112838925,385026333,3
